date,district,Cases,Deaths,Temp,preci,LAI,Latitude,Longitude
2010-08-30,Bankura,0.0,0.0,302.86400000000003,0.02642647165,8.0,23.13195425,87.2073972
2010-08-30,Bardhaman,0.0,0.0,300.9866666,0.0709529131,5.0,23.41146995,87.84499445
2010-08-30,Birbhum,0.0,0.0,302.85,0.001634080366,6.0,24.0,87.583333
2010-08-30,Burdwan,0.0,0.0,309.92,0.55611224,7.0,23.249571399999997,87.86817509999999
2010-08-30,Dakshin Dinajpur,0.0,0.0,300.9133334,0.03306367674,14.0,25.38703085,88.50471505
2010-08-30,"Darjeeling, Jalpaiguri",0.0,0.0,300.0933334,1.789624224,7.0,26.8735351,88.6131918
2010-08-30,Hooghly,0.0,0.0,300.42,0.6450592376,11.0,22.9052114,88.3760639
2010-08-30,Howrah,0.0,0.0,303.865,0.1589969597,12.0,22.5736296,88.3251045
2010-08-30,Jalpaiguri,0.0,0.0,297.04,1.191221325,15.0,26.4733048,88.67886686
2010-08-30,Malda,0.0,0.0,301.48,0.05474470437,16.0,25.0057449,88.1398483
2010-08-30,Murshidabad,0.0,0.0,300.40000000000003,0.9734056509,6.0,24.1745993,88.2721335
2010-08-30,Nadia,0.0,0.0,301.86,0.2664040613,11.0,23.48454125,88.55676307
2010-08-30,North 24 Parganas,0.0,0.0,301.445,0.01066506888,17.0,22.642931,88.8930579
2010-08-30,Paschim Medinipur,14.0,1.0,303.68,0.4367004405,11.0,22.3599134,87.41331448
2010-08-30,Purba Medinipur,0.0,0.0,302.11,3.356932155,2.0,22.06217445,87.83672383
2010-08-30,Purulia,0.0,0.0,303.40000000000003,0.5356093389,4.0,23.3291882,86.3672378
2010-08-30,South 24 Parganas,0.0,0.0,303.60400000000004,0.7075943093,19.0,22.5760669,88.42006758
2010-08-30,Uttar Dinajpur,0.0,0.0,298.97,0.001412002241,,25.8707958,87.96259728
2010-09-01,Bankura,0.0,0.0,302.86400000000003,0.02642647165,8.0,23.13195425,87.2073972
2010-09-01,Bardhaman,0.0,0.0,300.9866666,0.0709529131,5.0,23.41146995,87.84499445
2010-09-01,Birbhum,0.0,0.0,302.85,0.001634080366,6.0,24.0,87.583333
2010-09-01,Burdwan,0.0,0.0,309.92,0.55611224,7.0,23.249571399999997,87.86817509999999
2010-09-01,Dakshin Dinajpur,0.0,0.0,300.9133334,0.03306367674,14.0,25.38703085,88.50471505
2010-09-01,"Darjeeling, Jalpaiguri",0.0,0.0,300.0933334,1.789624224,7.0,26.8735351,88.6131918
2010-09-01,Hooghly,0.0,0.0,300.42,0.6450592376,11.0,22.9052114,88.3760639
2010-09-01,Howrah,0.0,0.0,303.865,0.1589969597,12.0,22.5736296,88.3251045
2010-09-01,Jalpaiguri,0.0,0.0,297.04,1.191221325,15.0,26.4733048,88.67886686
2010-09-01,Malda,0.0,0.0,301.48,0.05474470437,16.0,25.0057449,88.1398483
2010-09-01,Murshidabad,0.0,0.0,300.40000000000003,0.9734056509,6.0,24.1745993,88.2721335
2010-09-01,Nadia,233.0,0.0,301.86,0.2664040613,11.0,23.48454125,88.55676307
2010-09-01,North 24 Parganas,0.0,0.0,301.445,0.01066506888,17.0,22.642931,88.8930579
2010-09-01,Paschim Medinipur,0.0,0.0,303.6651428571429,0.4286058153144898,10.875,22.3599134,87.41331448
2010-09-01,Purba Medinipur,0.0,0.0,302.11,3.356932155,2.0,22.06217445,87.83672383
2010-09-01,Purulia,0.0,0.0,303.40000000000003,0.5356093389,4.0,23.3291882,86.3672378
2010-09-01,South 24 Parganas,0.0,0.0,303.60400000000004,0.7075943093,19.0,22.5760669,88.42006758
2010-09-01,Uttar Dinajpur,0.0,0.0,298.97,0.001412002241,,25.8707958,87.96259728
2010-09-21,Bankura,0.0,0.0,302.86400000000003,0.02642647165,8.0,23.13195425,87.2073972
2010-09-21,Bardhaman,0.0,0.0,300.9866666,0.0709529131,5.0,23.41146995,87.84499445
2010-09-21,Birbhum,0.0,0.0,302.85,0.001634080366,6.0,24.0,87.583333
2010-09-21,Burdwan,0.0,0.0,309.92,0.55611224,7.0,23.249571399999997,87.86817509999999
2010-09-21,Dakshin Dinajpur,0.0,0.0,300.9133334,0.03306367674,14.0,25.38703085,88.50471505
2010-09-21,"Darjeeling, Jalpaiguri",0.0,0.0,300.0933334,1.789624224,7.0,26.8735351,88.6131918
2010-09-21,Hooghly,0.0,0.0,300.42,0.6450592376,11.0,22.9052114,88.3760639
2010-09-21,Howrah,0.0,0.0,303.865,0.1589969597,12.0,22.5736296,88.3251045
2010-09-21,Jalpaiguri,0.0,0.0,297.04,1.191221325,15.0,26.4733048,88.67886686
2010-09-21,Malda,0.0,0.0,301.48,0.05474470437,16.0,25.0057449,88.1398483
2010-09-21,Murshidabad,0.0,0.0,300.40000000000003,0.9734056509,6.0,24.1745993,88.2721335
2010-09-21,Nadia,24.0,0.0,300.34000000000003,1.052907316,10.571428571428571,23.48454125,88.55676307
2010-09-21,North 24 Parganas,0.0,0.0,301.445,0.01066506888,17.0,22.642931,88.8930579
2010-09-21,Paschim Medinipur,0.0,0.0,303.6502857142857,0.4205111901289796,10.75,22.3599134,87.41331448
2010-09-21,Purba Medinipur,0.0,0.0,302.11,3.356932155,2.0,22.06217445,87.83672383
2010-09-21,Purulia,0.0,0.0,303.40000000000003,0.5356093389,4.0,23.3291882,86.3672378
2010-09-21,South 24 Parganas,0.0,0.0,303.60400000000004,0.7075943093,19.0,22.5760669,88.42006758
2010-09-21,Uttar Dinajpur,0.0,0.0,298.97,0.001412002241,,25.8707958,87.96259728
2010-10-30,Bankura,0.0,0.0,302.86400000000003,0.02642647165,8.0,23.13195425,87.2073972
2010-10-30,Bardhaman,0.0,0.0,300.9866666,0.0709529131,5.0,23.41146995,87.84499445
2010-10-30,Birbhum,0.0,0.0,302.85,0.001634080366,6.0,24.0,87.583333
2010-10-30,Burdwan,0.0,0.0,309.92,0.55611224,7.0,23.249571399999997,87.86817509999999
2010-10-30,Dakshin Dinajpur,0.0,0.0,300.9133334,0.03306367674,14.0,25.38703085,88.50471505
2010-10-30,"Darjeeling, Jalpaiguri",0.0,0.0,300.0933334,1.789624224,7.0,26.8735351,88.6131918
2010-10-30,Hooghly,0.0,0.0,300.42,0.6450592376,11.0,22.9052114,88.3760639
2010-10-30,Howrah,0.0,0.0,303.865,0.1589969597,12.0,22.5736296,88.3251045
2010-10-30,Jalpaiguri,0.0,0.0,297.04,1.191221325,15.0,26.4733048,88.67886686
2010-10-30,Malda,0.0,0.0,301.48,0.05474470437,16.0,25.0057449,88.1398483
2010-10-30,Murshidabad,0.0,0.0,300.40000000000003,0.9734056509,6.0,24.1745993,88.2721335
2010-10-30,Nadia,0.0,0.0,300.225,0.9852099559333334,10.142857142857142,23.48454125,88.55676307
2010-10-30,North 24 Parganas,279.0,0.0,301.445,0.01066506888,17.0,22.642931,88.8930579
2010-10-30,Paschim Medinipur,0.0,0.0,303.6354285714286,0.4124165649434694,10.625,22.3599134,87.41331448
2010-10-30,Purba Medinipur,0.0,0.0,302.11,3.356932155,2.0,22.06217445,87.83672383
2010-10-30,Purulia,0.0,0.0,303.40000000000003,0.5356093389,4.0,23.3291882,86.3672378
2010-10-30,South 24 Parganas,0.0,0.0,303.60400000000004,0.7075943093,19.0,22.5760669,88.42006758
2010-10-30,Uttar Dinajpur,0.0,0.0,298.97,0.001412002241,,25.8707958,87.96259728
2010-11-21,Bankura,12.0,0.0,302.86400000000003,0.02642647165,8.0,23.13195425,87.2073972
2010-11-21,Bardhaman,0.0,0.0,300.9866666,0.0709529131,5.0,23.41146995,87.84499445
2010-11-21,Birbhum,0.0,0.0,302.85,0.001634080366,6.0,24.0,87.583333
2010-11-21,Burdwan,0.0,0.0,309.92,0.55611224,7.0,23.249571399999997,87.86817509999999
2010-11-21,Dakshin Dinajpur,0.0,0.0,300.9133334,0.03306367674,14.0,25.38703085,88.50471505
2010-11-21,"Darjeeling, Jalpaiguri",0.0,0.0,300.0933334,1.789624224,7.0,26.8735351,88.6131918
2010-11-21,Hooghly,0.0,0.0,300.42,0.6450592376,11.0,22.9052114,88.3760639
2010-11-21,Howrah,0.0,0.0,303.865,0.1589969597,12.0,22.5736296,88.3251045
2010-11-21,Jalpaiguri,0.0,0.0,297.04,1.191221325,15.0,26.4733048,88.67886686
2010-11-21,Malda,0.0,0.0,301.48,0.05474470437,16.0,25.0057449,88.1398483
2010-11-21,Murshidabad,0.0,0.0,300.40000000000003,0.9734056509,6.0,24.1745993,88.2721335
2010-11-21,Nadia,0.0,0.0,300.11,0.9175125958666667,9.714285714285715,23.48454125,88.55676307
2010-11-21,North 24 Parganas,0.0,0.0,301.3370238142857,0.07344065856000001,17.357142857142858,22.642931,88.8930579
2010-11-21,Paschim Medinipur,0.0,0.0,303.62057142857145,0.4043219397579592,10.5,22.3599134,87.41331448
2010-11-21,Purba Medinipur,0.0,0.0,302.11,3.356932155,2.0,22.06217445,87.83672383
2010-11-21,Purulia,0.0,0.0,303.40000000000003,0.5356093389,4.0,23.3291882,86.3672378
2010-11-21,South 24 Parganas,0.0,0.0,303.60400000000004,0.7075943093,19.0,22.5760669,88.42006758
2010-11-21,Uttar Dinajpur,0.0,0.0,298.97,0.001412002241,,25.8707958,87.96259728
2011-03-01,Bankura,0.0,0.0,302.831393442623,0.513586508825,6.5,23.13195425,87.2073972
2011-03-01,Bardhaman,0.0,0.0,300.9866666,0.0709529131,5.0,23.41146995,87.84499445
2011-03-01,Birbhum,16.0,1.0,302.85,0.001634080366,6.0,24.0,87.583333
2011-03-01,Burdwan,0.0,0.0,309.92,0.55611224,7.0,23.249571399999997,87.86817509999999
2011-03-01,Dakshin Dinajpur,0.0,0.0,300.9133334,0.03306367674,14.0,25.38703085,88.50471505
2011-03-01,"Darjeeling, Jalpaiguri",0.0,0.0,300.0933334,1.789624224,7.0,26.8735351,88.6131918
2011-03-01,Hooghly,0.0,0.0,300.42,0.6450592376,11.0,22.9052114,88.3760639
2011-03-01,Howrah,0.0,0.0,303.865,0.1589969597,12.0,22.5736296,88.3251045
2011-03-01,Jalpaiguri,0.0,0.0,297.04,1.191221325,15.0,26.4733048,88.67886686
2011-03-01,Malda,0.0,0.0,301.48,0.05474470437,16.0,25.0057449,88.1398483
2011-03-01,Murshidabad,0.0,0.0,300.40000000000003,0.9734056509,6.0,24.1745993,88.2721335
2011-03-01,Nadia,0.0,0.0,299.995,0.8498152358,9.285714285714286,23.48454125,88.55676307
2011-03-01,North 24 Parganas,0.0,0.0,301.22904762857144,0.13621624824,17.714285714285715,22.642931,88.8930579
2011-03-01,Paschim Medinipur,0.0,0.0,303.60571428571427,0.396227314572449,10.375,22.3599134,87.41331448
2011-03-01,Purba Medinipur,0.0,0.0,302.11,3.356932155,2.0,22.06217445,87.83672383
2011-03-01,Purulia,0.0,0.0,303.40000000000003,0.5356093389,4.0,23.3291882,86.3672378
2011-03-01,South 24 Parganas,0.0,0.0,303.60400000000004,0.7075943093,19.0,22.5760669,88.42006758
2011-03-01,Uttar Dinajpur,0.0,0.0,298.97,0.001412002241,,25.8707958,87.96259728
2011-07-01,Bankura,24.0,0.0,302.79878688524593,1.000746546,5.0,23.13195425,87.2073972
2011-07-01,Bardhaman,0.0,0.0,300.9866666,0.0709529131,5.0,23.41146995,87.84499445
2011-07-01,Birbhum,0.0,0.0,302.7925,0.0352194270154074,6.037037037037037,24.0,87.583333
2011-07-01,Burdwan,0.0,0.0,309.92,0.55611224,7.0,23.249571399999997,87.86817509999999
2011-07-01,Dakshin Dinajpur,0.0,0.0,300.9133334,0.03306367674,14.0,25.38703085,88.50471505
2011-07-01,"Darjeeling, Jalpaiguri",0.0,0.0,300.0933334,1.789624224,7.0,26.8735351,88.6131918
2011-07-01,Hooghly,0.0,0.0,300.42,0.6450592376,11.0,22.9052114,88.3760639
2011-07-01,Howrah,0.0,0.0,303.865,0.1589969597,12.0,22.5736296,88.3251045
2011-07-01,Jalpaiguri,0.0,0.0,297.04,1.191221325,15.0,26.4733048,88.67886686
2011-07-01,Malda,0.0,0.0,301.48,0.05474470437,16.0,25.0057449,88.1398483
2011-07-01,Murshidabad,0.0,0.0,300.40000000000003,0.9734056509,6.0,24.1745993,88.2721335
2011-07-01,Nadia,0.0,0.0,299.88000000000005,0.7821178757333334,8.857142857142858,23.48454125,88.55676307
2011-07-01,North 24 Parganas,0.0,0.0,301.12107144285716,0.19899183792,18.071428571428573,22.642931,88.8930579
2011-07-01,Paschim Medinipur,0.0,0.0,303.59085714285715,0.3881326893869388,10.25,22.3599134,87.41331448
2011-07-01,Purba Medinipur,0.0,0.0,302.11,3.356932155,2.0,22.06217445,87.83672383
2011-07-01,Purulia,0.0,0.0,303.40000000000003,0.5356093389,4.0,23.3291882,86.3672378
2011-07-01,South 24 Parganas,0.0,0.0,303.60400000000004,0.7075943093,19.0,22.5760669,88.42006758
2011-07-01,Uttar Dinajpur,0.0,0.0,298.97,0.001412002241,,25.8707958,87.96259728
2011-10-21,Bankura,0.0,0.0,302.7661803278689,0.9874106851,5.0,23.13195425,87.2073972
2011-10-21,Bardhaman,0.0,0.0,300.9866666,0.0709529131,5.0,23.41146995,87.84499445
2011-10-21,Birbhum,0.0,0.0,302.735,0.06880477366481481,6.074074074074074,24.0,87.583333
2011-10-21,Burdwan,0.0,0.0,309.92,0.55611224,7.0,23.249571399999997,87.86817509999999
2011-10-21,Dakshin Dinajpur,0.0,0.0,300.9133334,0.03306367674,14.0,25.38703085,88.50471505
2011-10-21,"Darjeeling, Jalpaiguri",0.0,0.0,300.0933334,1.789624224,7.0,26.8735351,88.6131918
2011-10-21,Hooghly,0.0,0.0,300.42,0.6450592376,11.0,22.9052114,88.3760639
2011-10-21,Howrah,84.0,0.0,303.865,0.1589969597,12.0,22.5736296,88.3251045
2011-10-21,Jalpaiguri,0.0,0.0,297.04,1.191221325,15.0,26.4733048,88.67886686
2011-10-21,Malda,0.0,0.0,301.48,0.05474470437,16.0,25.0057449,88.1398483
2011-10-21,Murshidabad,0.0,0.0,300.40000000000003,0.9734056509,6.0,24.1745993,88.2721335
2011-10-21,Nadia,0.0,0.0,299.76500000000004,0.7144205156666668,8.428571428571429,23.48454125,88.55676307
2011-10-21,North 24 Parganas,0.0,0.0,301.0130952571429,0.26176742760000005,18.428571428571427,22.642931,88.8930579
2011-10-21,Paschim Medinipur,0.0,0.0,303.576,0.3800380642014286,10.125,22.3599134,87.41331448
2011-10-21,Purba Medinipur,0.0,0.0,302.11,3.356932155,2.0,22.06217445,87.83672383
2011-10-21,Purulia,0.0,0.0,303.40000000000003,0.5356093389,4.0,23.3291882,86.3672378
2011-10-21,South 24 Parganas,0.0,0.0,303.60400000000004,0.7075943093,19.0,22.5760669,88.42006758
2011-10-21,Uttar Dinajpur,0.0,0.0,298.97,0.001412002241,,25.8707958,87.96259728
2012-07-28,Bankura,0.0,0.0,302.73357377049183,0.9740748242,5.0,23.13195425,87.2073972
2012-07-28,Bardhaman,0.0,0.0,300.9866666,0.0709529131,5.0,23.41146995,87.84499445
2012-07-28,Birbhum,0.0,0.0,302.6775,0.10239012031422222,6.111111111111111,24.0,87.583333
2012-07-28,Burdwan,0.0,0.0,309.92,0.55611224,7.0,23.249571399999997,87.86817509999999
2012-07-28,Dakshin Dinajpur,0.0,0.0,300.9133334,0.03306367674,14.0,25.38703085,88.50471505
2012-07-28,"Darjeeling, Jalpaiguri",0.0,0.0,300.0933334,1.789624224,7.0,26.8735351,88.6131918
2012-07-28,Hooghly,0.0,0.0,300.42,0.6450592376,11.0,22.9052114,88.3760639
2012-07-28,Howrah,0.0,0.0,303.83029303956044,0.16047368892307692,12.054945054945055,22.5736296,88.3251045
2012-07-28,Jalpaiguri,0.0,0.0,297.04,1.191221325,15.0,26.4733048,88.67886686
2012-07-28,Malda,0.0,0.0,301.48,0.05474470437,16.0,25.0057449,88.1398483
2012-07-28,Murshidabad,0.0,0.0,300.40000000000003,0.9734056509,6.0,24.1745993,88.2721335
2012-07-28,Nadia,38.0,0.0,299.65000000000003,0.6467231556,8.0,23.48454125,88.55676307
2012-07-28,North 24 Parganas,0.0,0.0,300.9051190714286,0.32454301728000007,18.785714285714285,22.642931,88.8930579
2012-07-28,Paschim Medinipur,0.0,0.0,303.56114285714284,0.37194343901591836,10.0,22.3599134,87.41331448
2012-07-28,Purba Medinipur,0.0,0.0,302.11,3.356932155,2.0,22.06217445,87.83672383
2012-07-28,Purulia,0.0,0.0,303.40000000000003,0.5356093389,4.0,23.3291882,86.3672378
2012-07-28,South 24 Parganas,0.0,0.0,303.60400000000004,0.7075943093,19.0,22.5760669,88.42006758
2012-07-28,Uttar Dinajpur,0.0,0.0,298.97,0.001412002241,,25.8707958,87.96259728
2012-08-13,Bankura,0.0,0.0,302.7009672131148,0.9607389633,5.0,23.13195425,87.2073972
2012-08-13,Bardhaman,0.0,0.0,300.9866666,0.0709529131,5.0,23.41146995,87.84499445
2012-08-13,Birbhum,0.0,0.0,302.62,0.1359754669636296,6.148148148148148,24.0,87.583333
2012-08-13,Burdwan,0.0,0.0,309.92,0.55611224,7.0,23.249571399999997,87.86817509999999
2012-08-13,Dakshin Dinajpur,0.0,0.0,300.9133334,0.03306367674,14.0,25.38703085,88.50471505
2012-08-13,"Darjeeling, Jalpaiguri",0.0,0.0,300.0933334,1.789624224,7.0,26.8735351,88.6131918
2012-08-13,Hooghly,0.0,0.0,300.42,0.6450592376,11.0,22.9052114,88.3760639
2012-08-13,Howrah,0.0,0.0,303.7955860791209,0.16195041814615385,12.10989010989011,22.5736296,88.3251045
2012-08-13,Jalpaiguri,0.0,0.0,297.04,1.191221325,15.0,26.4733048,88.67886686
2012-08-13,Malda,0.0,0.0,301.48,0.05474470437,16.0,25.0057449,88.1398483
2012-08-13,Murshidabad,0.0,0.0,300.40000000000003,0.9734056509,6.0,24.1745993,88.2721335
2012-08-13,Nadia,16.0,0.0,300.5,0.8824114926,10.0,23.48454125,88.55676307
2012-08-13,North 24 Parganas,0.0,0.0,300.7971428857143,0.38731860696000003,19.142857142857142,22.642931,88.8930579
2012-08-13,Paschim Medinipur,0.0,0.0,303.5462857142857,0.3638488138304082,9.875,22.3599134,87.41331448
2012-08-13,Purba Medinipur,0.0,0.0,302.11,3.356932155,2.0,22.06217445,87.83672383
2012-08-13,Purulia,0.0,0.0,303.40000000000003,0.5356093389,4.0,23.3291882,86.3672378
2012-08-13,South 24 Parganas,0.0,0.0,303.60400000000004,0.7075943093,19.0,22.5760669,88.42006758
2012-08-13,Uttar Dinajpur,0.0,0.0,298.97,0.001412002241,,25.8707958,87.96259728
2012-08-16,Bankura,0.0,0.0,302.66836065573773,0.9474031024,5.0,23.13195425,87.2073972
2012-08-16,Bardhaman,0.0,0.0,300.9866666,0.0709529131,5.0,23.41146995,87.84499445
2012-08-16,Birbhum,0.0,0.0,302.5625,0.16956081361303701,6.185185185185185,24.0,87.583333
2012-08-16,Burdwan,0.0,0.0,309.92,0.55611224,7.0,23.249571399999997,87.86817509999999
2012-08-16,Dakshin Dinajpur,0.0,0.0,300.9133334,0.03306367674,14.0,25.38703085,88.50471505
2012-08-16,"Darjeeling, Jalpaiguri",0.0,0.0,300.0933334,1.789624224,7.0,26.8735351,88.6131918
2012-08-16,Hooghly,0.0,0.0,300.42,0.6450592376,11.0,22.9052114,88.3760639
2012-08-16,Howrah,0.0,0.0,303.7608791186813,0.16342714736923075,12.164835164835164,22.5736296,88.3251045
2012-08-16,Jalpaiguri,0.0,0.0,297.04,1.191221325,15.0,26.4733048,88.67886686
2012-08-16,Malda,0.0,0.0,301.48,0.05474470437,16.0,25.0057449,88.1398483
2012-08-16,Murshidabad,0.0,0.0,300.40000000000003,0.9734056509,6.0,24.1745993,88.2721335
2012-08-16,Nadia,29.0,0.0,301.86,0.8246510654,10.0,23.48454125,88.55676307
2012-08-16,North 24 Parganas,0.0,0.0,300.6891667,0.45009419664000005,19.5,22.642931,88.8930579
2012-08-16,Paschim Medinipur,0.0,0.0,303.5314285714286,0.35575418864489794,9.75,22.3599134,87.41331448
2012-08-16,Purba Medinipur,0.0,0.0,302.11,3.356932155,2.0,22.06217445,87.83672383
2012-08-16,Purulia,0.0,0.0,303.40000000000003,0.5356093389,4.0,23.3291882,86.3672378
2012-08-16,South 24 Parganas,0.0,0.0,303.60400000000004,0.7075943093,19.0,22.5760669,88.42006758
2012-08-16,Uttar Dinajpur,0.0,0.0,298.97,0.001412002241,,25.8707958,87.96259728
2012-08-21,Bankura,0.0,0.0,302.6357540983607,0.9340672415,5.0,23.13195425,87.2073972
2012-08-21,Bardhaman,0.0,0.0,300.9866666,0.0709529131,5.0,23.41146995,87.84499445
2012-08-21,Birbhum,0.0,0.0,302.505,0.20314616026244442,6.222222222222222,24.0,87.583333
2012-08-21,Burdwan,0.0,0.0,309.92,0.55611224,7.0,23.249571399999997,87.86817509999999
2012-08-21,Dakshin Dinajpur,0.0,0.0,300.9133334,0.03306367674,14.0,25.38703085,88.50471505
2012-08-21,"Darjeeling, Jalpaiguri",0.0,0.0,300.0933334,1.789624224,7.0,26.8735351,88.6131918
2012-08-21,Hooghly,0.0,0.0,300.42,0.6450592376,11.0,22.9052114,88.3760639
2012-08-21,Howrah,0.0,0.0,303.72617215824175,0.16490387659230768,12.219780219780219,22.5736296,88.3251045
2012-08-21,Jalpaiguri,0.0,0.0,297.04,1.191221325,15.0,26.4733048,88.67886686
2012-08-21,Malda,0.0,0.0,301.48,0.05474470437,16.0,25.0057449,88.1398483
2012-08-21,Murshidabad,0.0,0.0,300.40000000000003,0.9734056509,6.0,24.1745993,88.2721335
2012-08-21,Nadia,27.0,0.0,299.975,0.3690817139,9.0,23.48454125,88.55676307
2012-08-21,North 24 Parganas,0.0,0.0,300.5811905142857,0.51286978632,19.857142857142858,22.642931,88.8930579
2012-08-21,Paschim Medinipur,0.0,0.0,303.5165714285714,0.34765956345938775,9.625,22.3599134,87.41331448
2012-08-21,Purba Medinipur,0.0,0.0,302.11,3.356932155,2.0,22.06217445,87.83672383
2012-08-21,Purulia,0.0,0.0,303.40000000000003,0.5356093389,4.0,23.3291882,86.3672378
2012-08-21,South 24 Parganas,0.0,0.0,303.60400000000004,0.7075943093,19.0,22.5760669,88.42006758
2012-08-21,Uttar Dinajpur,0.0,0.0,298.97,0.001412002241,,25.8707958,87.96259728
2012-08-27,Bankura,0.0,0.0,302.6031475409836,0.9207313806,5.0,23.13195425,87.2073972
2012-08-27,Bardhaman,0.0,0.0,300.9866666,0.0709529131,5.0,23.41146995,87.84499445
2012-08-27,Birbhum,0.0,0.0,302.4475,0.23673150691185182,6.2592592592592595,24.0,87.583333
2012-08-27,Burdwan,0.0,0.0,309.92,0.55611224,7.0,23.249571399999997,87.86817509999999
2012-08-27,Dakshin Dinajpur,0.0,0.0,300.9133334,0.03306367674,14.0,25.38703085,88.50471505
2012-08-27,"Darjeeling, Jalpaiguri",0.0,0.0,300.0933334,1.789624224,7.0,26.8735351,88.6131918
2012-08-27,Hooghly,22.0,0.0,300.42,0.6450592376,11.0,22.9052114,88.3760639
2012-08-27,Howrah,0.0,0.0,303.6914651978022,0.1663806058153846,12.274725274725276,22.5736296,88.3251045
2012-08-27,Jalpaiguri,0.0,0.0,297.04,1.191221325,15.0,26.4733048,88.67886686
2012-08-27,Malda,0.0,0.0,301.48,0.05474470437,16.0,25.0057449,88.1398483
2012-08-27,Murshidabad,0.0,0.0,300.40000000000003,0.9734056509,6.0,24.1745993,88.2721335
2012-08-27,Nadia,0.0,0.0,299.755,0.298296608,11.0,23.48454125,88.55676307
2012-08-27,North 24 Parganas,0.0,0.0,300.47321432857143,0.575645376,20.214285714285715,22.642931,88.8930579
2012-08-27,Paschim Medinipur,0.0,0.0,303.5017142857143,0.33956493827387757,9.5,22.3599134,87.41331448
2012-08-27,Purba Medinipur,0.0,0.0,302.11,3.356932155,2.0,22.06217445,87.83672383
2012-08-27,Purulia,0.0,0.0,303.40000000000003,0.5356093389,4.0,23.3291882,86.3672378
2012-08-27,South 24 Parganas,0.0,0.0,303.60400000000004,0.7075943093,19.0,22.5760669,88.42006758
2012-08-27,Uttar Dinajpur,0.0,0.0,298.97,0.001412002241,,25.8707958,87.96259728
2012-09-01,Bankura,0.0,0.0,302.5705409836066,0.9073955197,5.0,23.13195425,87.2073972
2012-09-01,Bardhaman,0.0,0.0,300.9866666,0.0709529131,5.0,23.41146995,87.84499445
2012-09-01,Birbhum,0.0,0.0,302.39,0.27031685356125923,6.296296296296296,24.0,87.583333
2012-09-01,Burdwan,0.0,0.0,309.92,0.55611224,7.0,23.249571399999997,87.86817509999999
2012-09-01,Dakshin Dinajpur,0.0,0.0,300.9133334,0.03306367674,14.0,25.38703085,88.50471505
2012-09-01,"Darjeeling, Jalpaiguri",0.0,0.0,300.0933334,1.789624224,7.0,26.8735351,88.6131918
2012-09-01,Hooghly,0.0,0.0,300.53565217391304,0.6441028343782608,11.0,22.9052114,88.3760639
2012-09-01,Howrah,0.0,0.0,303.6567582373626,0.16785733503846154,12.32967032967033,22.5736296,88.3251045
2012-09-01,Jalpaiguri,0.0,0.0,297.04,1.191221325,15.0,26.4733048,88.67886686
2012-09-01,Malda,0.0,0.0,301.48,0.05474470437,16.0,25.0057449,88.1398483
2012-09-01,Murshidabad,0.0,0.0,300.40000000000003,0.9734056509,6.0,24.1745993,88.2721335
2012-09-01,Nadia,59.0,0.0,299.535,0.2275115021,13.0,23.48454125,88.55676307
2012-09-01,North 24 Parganas,0.0,0.0,300.36523814285715,0.6384209656800001,20.571428571428573,22.642931,88.8930579
2012-09-01,Paschim Medinipur,0.0,0.0,303.48685714285716,0.3314703130883674,9.375,22.3599134,87.41331448
2012-09-01,Purba Medinipur,0.0,0.0,302.11,3.356932155,2.0,22.06217445,87.83672383
2012-09-01,Purulia,0.0,0.0,303.40000000000003,0.5356093389,4.0,23.3291882,86.3672378
2012-09-01,South 24 Parganas,0.0,0.0,303.60400000000004,0.7075943093,19.0,22.5760669,88.42006758
2012-09-01,Uttar Dinajpur,0.0,0.0,298.97,0.001412002241,,25.8707958,87.96259728
2012-09-02,Bankura,0.0,0.0,302.5379344262295,0.8940596588,5.0,23.13195425,87.2073972
2012-09-02,Bardhaman,0.0,0.0,300.9866666,0.0709529131,5.0,23.41146995,87.84499445
2012-09-02,Birbhum,0.0,0.0,302.33250000000004,0.3039022002106666,6.333333333333333,24.0,87.583333
2012-09-02,Burdwan,0.0,0.0,309.92,0.55611224,7.0,23.249571399999997,87.86817509999999
2012-09-02,Dakshin Dinajpur,0.0,0.0,300.9133334,0.03306367674,14.0,25.38703085,88.50471505
2012-09-02,"Darjeeling, Jalpaiguri",0.0,0.0,300.0933334,1.789624224,7.0,26.8735351,88.6131918
2012-09-02,Hooghly,0.0,0.0,300.6513043478261,0.6431464311565217,11.0,22.9052114,88.3760639
2012-09-02,Howrah,0.0,0.0,303.62205127692306,0.16933406426153846,12.384615384615385,22.5736296,88.3251045
2012-09-02,Jalpaiguri,0.0,0.0,297.04,1.191221325,15.0,26.4733048,88.67886686
2012-09-02,Malda,0.0,0.0,301.48,0.05474470437,16.0,25.0057449,88.1398483
2012-09-02,Murshidabad,0.0,0.0,300.40000000000003,0.9734056509,6.0,24.1745993,88.2721335
2012-09-02,Nadia,52.0,0.0,300.17,0.251296955,13.0,23.48454125,88.55676307
2012-09-02,North 24 Parganas,0.0,0.0,300.2572619571429,0.70119655536,20.92857142857143,22.642931,88.8930579
2012-09-02,Paschim Medinipur,0.0,0.0,303.472,0.32337568790285715,9.25,22.3599134,87.41331448
2012-09-02,Purba Medinipur,0.0,0.0,302.11,3.356932155,2.0,22.06217445,87.83672383
2012-09-02,Purulia,0.0,0.0,303.40000000000003,0.5356093389,4.0,23.3291882,86.3672378
2012-09-02,South 24 Parganas,0.0,0.0,303.60400000000004,0.7075943093,19.0,22.5760669,88.42006758
2012-09-02,Uttar Dinajpur,0.0,0.0,298.97,0.001412002241,,25.8707958,87.96259728
2012-09-15,Bankura,0.0,0.0,302.5053278688525,0.8807237979,5.0,23.13195425,87.2073972
2012-09-15,Bardhaman,0.0,0.0,300.9866666,0.0709529131,5.0,23.41146995,87.84499445
2012-09-15,Birbhum,0.0,0.0,302.27500000000003,0.33748754686007404,6.37037037037037,24.0,87.583333
2012-09-15,Burdwan,0.0,0.0,309.92,0.55611224,7.0,23.249571399999997,87.86817509999999
2012-09-15,Dakshin Dinajpur,0.0,0.0,300.9133334,0.03306367674,14.0,25.38703085,88.50471505
2012-09-15,"Darjeeling, Jalpaiguri",0.0,0.0,300.0933334,1.789624224,7.0,26.8735351,88.6131918
2012-09-15,Hooghly,0.0,0.0,300.76695652173913,0.6421900279347825,11.0,22.9052114,88.3760639
2012-09-15,Howrah,0.0,0.0,303.58734431648355,0.1708107934846154,12.43956043956044,22.5736296,88.3251045
2012-09-15,Jalpaiguri,0.0,0.0,297.04,1.191221325,15.0,26.4733048,88.67886686
2012-09-15,Malda,0.0,0.0,301.48,0.05474470437,16.0,25.0057449,88.1398483
2012-09-15,Murshidabad,0.0,0.0,300.40000000000003,0.9734056509,6.0,24.1745993,88.2721335
2012-09-15,Nadia,26.0,0.0,300.31,0.7557719853,12.0,23.48454125,88.55676307
2012-09-15,North 24 Parganas,0.0,0.0,300.1492857714286,0.76397214504,21.285714285714285,22.642931,88.8930579
2012-09-15,Paschim Medinipur,0.0,0.0,303.45714285714286,0.31528106271734696,9.125,22.3599134,87.41331448
2012-09-15,Purba Medinipur,0.0,0.0,302.11,3.356932155,2.0,22.06217445,87.83672383
2012-09-15,Purulia,0.0,0.0,303.40000000000003,0.5356093389,4.0,23.3291882,86.3672378
2012-09-15,South 24 Parganas,0.0,0.0,303.60400000000004,0.7075943093,19.0,22.5760669,88.42006758
2012-09-15,Uttar Dinajpur,0.0,0.0,298.97,0.001412002241,,25.8707958,87.96259728
2012-10-06,Bankura,0.0,0.0,302.4727213114754,0.8673879369999999,5.0,23.13195425,87.2073972
2012-10-06,Bardhaman,0.0,0.0,300.9866666,0.0709529131,5.0,23.41146995,87.84499445
2012-10-06,Birbhum,0.0,0.0,302.21750000000003,0.37107289350948147,6.407407407407407,24.0,87.583333
2012-10-06,Burdwan,0.0,0.0,309.92,0.55611224,7.0,23.249571399999997,87.86817509999999
2012-10-06,Dakshin Dinajpur,0.0,0.0,300.9133334,0.03306367674,14.0,25.38703085,88.50471505
2012-10-06,"Darjeeling, Jalpaiguri",0.0,0.0,300.0933334,1.789624224,7.0,26.8735351,88.6131918
2012-10-06,Hooghly,0.0,0.0,300.8826086956522,0.6412336247130435,11.0,22.9052114,88.3760639
2012-10-06,Howrah,0.0,0.0,303.552637356044,0.17228752270769232,12.494505494505495,22.5736296,88.3251045
2012-10-06,Jalpaiguri,0.0,0.0,297.04,1.191221325,15.0,26.4733048,88.67886686
2012-10-06,Malda,0.0,0.0,301.48,0.05474470437,16.0,25.0057449,88.1398483
2012-10-06,Murshidabad,0.0,0.0,300.40000000000003,0.9734056509,6.0,24.1745993,88.2721335
2012-10-06,Nadia,37.0,0.0,304.2866666,0.3930995035,14.0,23.48454125,88.55676307
2012-10-06,North 24 Parganas,0.0,0.0,300.0413095857143,0.8267477347200001,21.642857142857142,22.642931,88.8930579
2012-10-06,Paschim Medinipur,0.0,0.0,303.44228571428573,0.3071864375318367,9.0,22.3599134,87.41331448
2012-10-06,Purba Medinipur,0.0,0.0,302.11,3.356932155,2.0,22.06217445,87.83672383
2012-10-06,Purulia,0.0,0.0,303.40000000000003,0.5356093389,4.0,23.3291882,86.3672378
2012-10-06,South 24 Parganas,0.0,0.0,303.60400000000004,0.7075943093,19.0,22.5760669,88.42006758
2012-10-06,Uttar Dinajpur,0.0,0.0,298.97,0.001412002241,,25.8707958,87.96259728
2012-10-08,Bankura,0.0,0.0,302.4401147540984,0.8540520761,5.0,23.13195425,87.2073972
2012-10-08,Bardhaman,0.0,0.0,300.9866666,0.0709529131,5.0,23.41146995,87.84499445
2012-10-08,Birbhum,0.0,0.0,302.16,0.40465824015888885,6.444444444444445,24.0,87.583333
2012-10-08,Burdwan,0.0,0.0,309.92,0.55611224,7.0,23.249571399999997,87.86817509999999
2012-10-08,Dakshin Dinajpur,0.0,0.0,300.9133334,0.03306367674,14.0,25.38703085,88.50471505
2012-10-08,"Darjeeling, Jalpaiguri",0.0,0.0,300.0933334,1.789624224,7.0,26.8735351,88.6131918
2012-10-08,Hooghly,0.0,0.0,300.99826086956523,0.6402772214913043,11.0,22.9052114,88.3760639
2012-10-08,Howrah,0.0,0.0,303.5179303956044,0.17376425193076922,12.54945054945055,22.5736296,88.3251045
2012-10-08,Jalpaiguri,0.0,0.0,297.04,1.191221325,15.0,26.4733048,88.67886686
2012-10-08,Malda,0.0,0.0,301.48,0.05474470437,16.0,25.0057449,88.1398483
2012-10-08,Murshidabad,0.0,0.0,300.40000000000003,0.9734056509,6.0,24.1745993,88.2721335
2012-10-08,Nadia,49.0,0.0,302.7333334,0.4774573665,16.0,23.48454125,88.55676307
2012-10-08,North 24 Parganas,376.0,0.0,299.93333340000004,0.8895233244,22.0,22.642931,88.8930579
2012-10-08,Paschim Medinipur,0.0,0.0,303.42742857142855,0.29909181234632654,8.875,22.3599134,87.41331448
2012-10-08,Purba Medinipur,0.0,0.0,302.11,3.356932155,2.0,22.06217445,87.83672383
2012-10-08,Purulia,0.0,0.0,303.40000000000003,0.5356093389,4.0,23.3291882,86.3672378
2012-10-08,South 24 Parganas,0.0,0.0,303.60400000000004,0.7075943093,19.0,22.5760669,88.42006758
2012-10-08,Uttar Dinajpur,0.0,0.0,298.97,0.001412002241,,25.8707958,87.96259728
2012-10-10,Bankura,0.0,0.0,302.4075081967213,0.8407162152000001,5.0,23.13195425,87.2073972
2012-10-10,Bardhaman,0.0,0.0,300.9866666,0.0709529131,5.0,23.41146995,87.84499445
2012-10-10,Birbhum,0.0,0.0,302.1025,0.4382435868082962,6.481481481481482,24.0,87.583333
2012-10-10,Burdwan,0.0,0.0,309.92,0.55611224,7.0,23.249571399999997,87.86817509999999
2012-10-10,Dakshin Dinajpur,0.0,0.0,300.9133334,0.03306367674,14.0,25.38703085,88.50471505
2012-10-10,"Darjeeling, Jalpaiguri",0.0,0.0,300.0933334,1.789624224,7.0,26.8735351,88.6131918
2012-10-10,Hooghly,0.0,0.0,301.11391304347825,0.6393208182695652,11.0,22.9052114,88.3760639
2012-10-10,Howrah,0.0,0.0,303.48322343516486,0.17524098115384615,12.604395604395604,22.5736296,88.3251045
2012-10-10,Jalpaiguri,0.0,0.0,297.04,1.191221325,15.0,26.4733048,88.67886686
2012-10-10,Malda,0.0,0.0,301.48,0.05474470437,16.0,25.0057449,88.1398483
2012-10-10,Murshidabad,0.0,0.0,300.40000000000003,0.9734056509,6.0,24.1745993,88.2721335
2012-10-10,Nadia,31.0,0.0,302.7266666,0.6250421057,16.0,23.48454125,88.55676307
2012-10-10,North 24 Parganas,0.0,0.0,300.42333340000005,0.69160053185,22.0,22.642931,88.8930579
2012-10-10,Paschim Medinipur,0.0,0.0,303.4125714285714,0.29099718716081635,8.75,22.3599134,87.41331448
2012-10-10,Purba Medinipur,0.0,0.0,302.11,3.356932155,2.0,22.06217445,87.83672383
2012-10-10,Purulia,0.0,0.0,303.40000000000003,0.5356093389,4.0,23.3291882,86.3672378
2012-10-10,South 24 Parganas,0.0,0.0,303.60400000000004,0.7075943093,19.0,22.5760669,88.42006758
2012-10-10,Uttar Dinajpur,0.0,0.0,298.97,0.001412002241,,25.8707958,87.96259728
2012-10-11,Bankura,0.0,0.0,302.3749016393443,0.8273803543,5.0,23.13195425,87.2073972
2012-10-11,Bardhaman,0.0,0.0,300.9866666,0.0709529131,5.0,23.41146995,87.84499445
2012-10-11,Birbhum,0.0,0.0,302.045,0.47182893345770366,6.518518518518518,24.0,87.583333
2012-10-11,Burdwan,0.0,0.0,309.92,0.55611224,7.0,23.249571399999997,87.86817509999999
2012-10-11,Dakshin Dinajpur,0.0,0.0,300.9133334,0.03306367674,14.0,25.38703085,88.50471505
2012-10-11,"Darjeeling, Jalpaiguri",0.0,0.0,300.0933334,1.789624224,7.0,26.8735351,88.6131918
2012-10-11,Hooghly,0.0,0.0,301.2295652173913,0.638364415047826,11.0,22.9052114,88.3760639
2012-10-11,Howrah,0.0,0.0,303.4485164747253,0.17671771037692308,12.659340659340659,22.5736296,88.3251045
2012-10-11,Jalpaiguri,0.0,0.0,297.04,1.191221325,15.0,26.4733048,88.67886686
2012-10-11,Malda,0.0,0.0,301.48,0.05474470437,16.0,25.0057449,88.1398483
2012-10-11,Murshidabad,0.0,0.0,300.40000000000003,0.9734056509,6.0,24.1745993,88.2721335
2012-10-11,Nadia,0.0,0.0,303.7013333,0.313660928342,14.0,23.48454125,88.55676307
2012-10-11,North 24 Parganas,197.0,2.0,300.9133334,0.4936777393,22.0,22.642931,88.8930579
2012-10-11,Paschim Medinipur,0.0,0.0,303.3977142857143,0.28290256197530617,8.625,22.3599134,87.41331448
2012-10-11,Purba Medinipur,0.0,0.0,302.11,3.356932155,2.0,22.06217445,87.83672383
2012-10-11,Purulia,0.0,0.0,303.40000000000003,0.5356093389,4.0,23.3291882,86.3672378
2012-10-11,South 24 Parganas,0.0,0.0,303.60400000000004,0.7075943093,19.0,22.5760669,88.42006758
2012-10-11,Uttar Dinajpur,0.0,0.0,298.97,0.001412002241,,25.8707958,87.96259728
2012-10-28,Bankura,0.0,0.0,302.3422950819672,0.8140444934,5.0,23.13195425,87.2073972
2012-10-28,Bardhaman,0.0,0.0,300.9866666,0.0709529131,5.0,23.41146995,87.84499445
2012-10-28,Birbhum,0.0,0.0,301.9875,0.5054142801071111,6.555555555555555,24.0,87.583333
2012-10-28,Burdwan,0.0,0.0,309.92,0.55611224,7.0,23.249571399999997,87.86817509999999
2012-10-28,Dakshin Dinajpur,0.0,0.0,300.9133334,0.03306367674,14.0,25.38703085,88.50471505
2012-10-28,"Darjeeling, Jalpaiguri",0.0,0.0,300.0933334,1.789624224,7.0,26.8735351,88.6131918
2012-10-28,Hooghly,0.0,0.0,301.34521739130435,0.6374080118260869,11.0,22.9052114,88.3760639
2012-10-28,Howrah,0.0,0.0,303.41380951428573,0.1781944396,12.714285714285714,22.5736296,88.3251045
2012-10-28,Jalpaiguri,0.0,0.0,297.04,1.191221325,15.0,26.4733048,88.67886686
2012-10-28,Malda,0.0,0.0,301.48,0.05474470437,16.0,25.0057449,88.1398483
2012-10-28,Murshidabad,0.0,0.0,300.40000000000003,0.9734056509,6.0,24.1745993,88.2721335
2012-10-28,Nadia,10.0,0.0,304.676,0.002279750984,12.0,23.48454125,88.55676307
2012-10-28,North 24 Parganas,0.0,0.0,300.7155556,0.6489414867333333,19.666666666666668,22.642931,88.8930579
2012-10-28,Paschim Medinipur,0.0,0.0,303.3828571428571,0.2748079367897959,8.5,22.3599134,87.41331448
2012-10-28,Purba Medinipur,0.0,0.0,302.11,3.356932155,2.0,22.06217445,87.83672383
2012-10-28,Purulia,0.0,0.0,303.40000000000003,0.5356093389,4.0,23.3291882,86.3672378
2012-10-28,South 24 Parganas,0.0,0.0,303.60400000000004,0.7075943093,19.0,22.5760669,88.42006758
2012-10-28,Uttar Dinajpur,0.0,0.0,298.97,0.001412002241,,25.8707958,87.96259728
2013-06-27,Bankura,0.0,0.0,302.3096885245902,0.8007086325,5.0,23.13195425,87.2073972
2013-06-27,Bardhaman,0.0,0.0,300.9866666,0.0709529131,5.0,23.41146995,87.84499445
2013-06-27,Birbhum,0.0,0.0,301.93,0.5389996267565185,6.592592592592593,24.0,87.583333
2013-06-27,Burdwan,850.0,1.0,309.92,0.55611224,7.0,23.249571399999997,87.86817509999999
2013-06-27,Dakshin Dinajpur,0.0,0.0,300.9133334,0.03306367674,14.0,25.38703085,88.50471505
2013-06-27,"Darjeeling, Jalpaiguri",0.0,0.0,300.0933334,1.789624224,7.0,26.8735351,88.6131918
2013-06-27,Hooghly,0.0,0.0,301.4608695652174,0.6364516086043478,11.0,22.9052114,88.3760639
2013-06-27,Howrah,0.0,0.0,303.37910255384617,0.17967116882307693,12.76923076923077,22.5736296,88.3251045
2013-06-27,Jalpaiguri,0.0,0.0,297.04,1.191221325,15.0,26.4733048,88.67886686
2013-06-27,Malda,0.0,0.0,301.48,0.05474470437,16.0,25.0057449,88.1398483
2013-06-27,Murshidabad,0.0,0.0,300.40000000000003,0.9734056509,6.0,24.1745993,88.2721335
2013-06-27,Nadia,0.0,0.0,303.3795,0.19288106328799998,11.75,23.48454125,88.55676307
2013-06-27,North 24 Parganas,0.0,0.0,300.5177778,0.8042052341666667,17.333333333333332,22.642931,88.8930579
2013-06-27,Paschim Medinipur,0.0,0.0,303.368,0.26671331160428574,8.375,22.3599134,87.41331448
2013-06-27,Purba Medinipur,0.0,0.0,302.11,3.356932155,2.0,22.06217445,87.83672383
2013-06-27,Purulia,0.0,0.0,303.40000000000003,0.5356093389,4.0,23.3291882,86.3672378
2013-06-27,South 24 Parganas,0.0,0.0,303.60400000000004,0.7075943093,19.0,22.5760669,88.42006758
2013-06-27,Uttar Dinajpur,0.0,0.0,298.97,0.001412002241,,25.8707958,87.96259728
2013-07-05,Bankura,0.0,0.0,302.2770819672131,0.7873727716,5.0,23.13195425,87.2073972
2013-07-05,Bardhaman,0.0,0.0,300.9866666,0.0709529131,5.0,23.41146995,87.84499445
2013-07-05,Birbhum,0.0,0.0,301.8725,0.5725849734059258,6.62962962962963,24.0,87.583333
2013-07-05,Burdwan,0.0,0.0,309.00333333333333,0.6185620927333334,7.0,23.249571399999997,87.86817509999999
2013-07-05,Dakshin Dinajpur,0.0,0.0,300.9133334,0.03306367674,14.0,25.38703085,88.50471505
2013-07-05,"Darjeeling, Jalpaiguri",0.0,0.0,300.0933334,1.789624224,7.0,26.8735351,88.6131918
2013-07-05,Hooghly,0.0,0.0,301.57652173913044,0.6354952053826086,11.0,22.9052114,88.3760639
2013-07-05,Howrah,0.0,0.0,303.3443955934066,0.18114789804615383,12.824175824175825,22.5736296,88.3251045
2013-07-05,Jalpaiguri,0.0,0.0,297.04,1.191221325,15.0,26.4733048,88.67886686
2013-07-05,Malda,0.0,0.0,301.48,0.05474470437,16.0,25.0057449,88.1398483
2013-07-05,Murshidabad,0.0,0.0,300.40000000000003,0.9734056509,6.0,24.1745993,88.2721335
2013-07-05,Nadia,0.0,0.0,302.08299999999997,0.383482375592,11.5,23.48454125,88.55676307
2013-07-05,North 24 Parganas,42.0,0.0,300.32,0.9594689816,15.0,22.642931,88.8930579
2013-07-05,Paschim Medinipur,0.0,0.0,303.35314285714287,0.2586186864187755,8.25,22.3599134,87.41331448
2013-07-05,Purba Medinipur,0.0,0.0,302.11,3.356932155,2.0,22.06217445,87.83672383
2013-07-05,Purulia,0.0,0.0,303.40000000000003,0.5356093389,4.0,23.3291882,86.3672378
2013-07-05,South 24 Parganas,0.0,0.0,303.60400000000004,0.7075943093,19.0,22.5760669,88.42006758
2013-07-05,Uttar Dinajpur,0.0,0.0,298.97,0.001412002241,,25.8707958,87.96259728
2013-08-01,Bankura,0.0,0.0,302.24447540983607,0.7740369107,5.0,23.13195425,87.2073972
2013-08-01,Bardhaman,0.0,0.0,300.9866666,0.0709529131,5.0,23.41146995,87.84499445
2013-08-01,Birbhum,0.0,0.0,301.815,0.6061703200553332,6.666666666666667,24.0,87.583333
2013-08-01,Burdwan,0.0,0.0,308.0866666666667,0.6810119454666667,7.0,23.2495714,87.8681751
2013-08-01,Dakshin Dinajpur,0.0,0.0,300.9133334,0.03306367674,14.0,25.38703085,88.50471505
2013-08-01,"Darjeeling, Jalpaiguri",0.0,0.0,300.0933334,1.789624224,7.0,26.8735351,88.6131918
2013-08-01,Hooghly,0.0,0.0,301.69217391304346,0.6345388021608696,11.0,22.9052114,88.3760639
2013-08-01,Howrah,0.0,0.0,303.30968863296704,0.18262462726923076,12.87912087912088,22.5736296,88.3251045
2013-08-01,Jalpaiguri,189.0,1.0,297.04,1.191221325,15.0,26.4733048,88.67886686
2013-08-01,Malda,0.0,0.0,301.48,0.05474470437,16.0,25.0057449,88.1398483
2013-08-01,Murshidabad,0.0,0.0,300.40000000000003,0.9734056509,6.0,24.1745993,88.2721335
2013-08-01,Nadia,0.0,0.0,300.7865,0.574083687896,11.25,23.48454125,88.55676307
2013-08-01,North 24 Parganas,0.0,0.0,300.3527272727273,0.9427764256818182,14.636363636363637,22.642931,88.8930579
2013-08-01,Paschim Medinipur,0.0,0.0,303.3382857142857,0.2505240612332653,8.125,22.3599134,87.41331448
2013-08-01,Purba Medinipur,0.0,0.0,302.11,3.356932155,2.0,22.06217445,87.83672383
2013-08-01,Purulia,0.0,0.0,303.40000000000003,0.5356093389,4.0,23.3291882,86.3672378
2013-08-01,South 24 Parganas,0.0,0.0,303.60400000000004,0.7075943093,19.0,22.5760669,88.42006758
2013-08-01,Uttar Dinajpur,0.0,0.0,298.97,0.001412002241,,25.8707958,87.96259728
2013-08-15,Bankura,0.0,0.0,302.211868852459,0.7607010498,5.0,23.13195425,87.2073972
2013-08-15,Bardhaman,0.0,0.0,300.9866666,0.0709529131,5.0,23.41146995,87.84499445
2013-08-15,Birbhum,0.0,0.0,301.7575,0.6397556667047407,6.703703703703704,24.0,87.583333
2013-08-15,Burdwan,122.0,0.0,307.17,0.7434617982,7.0,23.2495714,87.8681751
2013-08-15,Dakshin Dinajpur,0.0,0.0,300.9133334,0.03306367674,14.0,25.38703085,88.50471505
2013-08-15,"Darjeeling, Jalpaiguri",0.0,0.0,300.0933334,1.789624224,7.0,26.8735351,88.6131918
2013-08-15,Hooghly,0.0,0.0,301.80782608695654,0.6335823989391304,11.0,22.9052114,88.3760639
2013-08-15,Howrah,0.0,0.0,303.2749816725275,0.1841013564923077,12.934065934065934,22.5736296,88.3251045
2013-08-15,Jalpaiguri,0.0,0.0,297.72285714285715,1.0883653869142857,15.488372093023255,26.4733048,88.67886686
2013-08-15,Malda,0.0,0.0,301.48,0.05474470437,16.0,25.0057449,88.1398483
2013-08-15,Murshidabad,0.0,0.0,300.40000000000003,0.9734056509,6.0,24.1745993,88.2721335
2013-08-15,Nadia,26.0,0.0,299.49,0.7646850002,11.0,23.48454125,88.55676307
2013-08-15,North 24 Parganas,0.0,0.0,300.38545454545454,0.9260838697636364,14.272727272727273,22.642931,88.8930579
2013-08-15,Paschim Medinipur,0.0,0.0,303.32342857142856,0.24242943604775513,8.0,22.3599134,87.41331448
2013-08-15,Purba Medinipur,0.0,0.0,302.11,3.356932155,2.0,22.06217445,87.83672383
2013-08-15,Purulia,0.0,0.0,303.40000000000003,0.5356093389,4.0,23.3291882,86.3672378
2013-08-15,South 24 Parganas,0.0,0.0,303.60400000000004,0.7075943093,19.0,22.5760669,88.42006758
2013-08-15,Uttar Dinajpur,0.0,0.0,298.97,0.001412002241,,25.8707958,87.96259728
2013-08-20,Bankura,0.0,0.0,302.17926229508197,0.7473651888999999,5.0,23.13195425,87.2073972
2013-08-20,Bardhaman,0.0,0.0,300.9866666,0.0709529131,5.0,23.41146995,87.84499445
2013-08-20,Birbhum,0.0,0.0,301.7,0.6733410133541481,6.7407407407407405,24.0,87.583333
2013-08-20,Burdwan,0.0,0.0,306.25333333333333,0.9454224484666667,7.619047619047619,23.2495714,87.8681751
2013-08-20,Dakshin Dinajpur,0.0,0.0,300.9133334,0.03306367674,14.0,25.38703085,88.50471505
2013-08-20,"Darjeeling, Jalpaiguri",0.0,0.0,300.0933334,1.789624224,7.0,26.8735351,88.6131918
2013-08-20,Hooghly,0.0,0.0,301.92347826086956,0.6326259957173913,11.0,22.9052114,88.3760639
2013-08-20,Howrah,0.0,0.0,303.2402747120879,0.18557808571538462,12.989010989010989,22.5736296,88.3251045
2013-08-20,Jalpaiguri,0.0,0.0,298.4057142857143,0.9855094488285715,15.976744186046512,26.4733048,88.67886686
2013-08-20,Malda,0.0,0.0,301.48,0.05474470437,16.0,25.0057449,88.1398483
2013-08-20,Murshidabad,0.0,0.0,300.40000000000003,0.9734056509,6.0,24.1745993,88.2721335
2013-08-20,Nadia,35.0,0.0,301.88,0.9420507977,11.0,23.48454125,88.55676307
2013-08-20,North 24 Parganas,0.0,0.0,300.41818181818184,0.9093913138454546,13.90909090909091,22.642931,88.8930579
2013-08-20,Paschim Medinipur,0.0,0.0,303.30857142857144,0.23433481086224492,7.875,22.3599134,87.41331448
2013-08-20,Purba Medinipur,0.0,0.0,302.11,3.356932155,2.0,22.06217445,87.83672383
2013-08-20,Purulia,0.0,0.0,303.40000000000003,0.5356093389,4.0,23.3291882,86.3672378
2013-08-20,South 24 Parganas,0.0,0.0,303.60400000000004,0.7075943093,19.0,22.5760669,88.42006758
2013-08-20,Uttar Dinajpur,0.0,0.0,298.97,0.001412002241,,25.8707958,87.96259728
2013-08-28,Bankura,0.0,0.0,302.1466557377049,0.734029328,5.0,23.13195425,87.2073972
2013-08-28,Bardhaman,0.0,0.0,300.9866666,0.0709529131,5.0,23.41146995,87.84499445
2013-08-28,Birbhum,0.0,0.0,301.6425,0.7069263600035555,6.777777777777778,24.0,87.583333
2013-08-28,Burdwan,0.0,0.0,305.3366666666667,1.1473830987333333,8.238095238095237,23.2495714,87.8681751
2013-08-28,Dakshin Dinajpur,0.0,0.0,300.9133334,0.03306367674,14.0,25.38703085,88.50471505
2013-08-28,"Darjeeling, Jalpaiguri",0.0,0.0,300.0933334,1.789624224,7.0,26.8735351,88.6131918
2013-08-28,Hooghly,0.0,0.0,302.0391304347826,0.6316695924956521,11.0,22.9052114,88.3760639
2013-08-28,Howrah,0.0,0.0,303.20556775164835,0.18705481493846154,13.043956043956044,22.5736296,88.3251045
2013-08-28,Jalpaiguri,0.0,0.0,299.0885714285714,0.8826535107428573,16.46511627906977,26.4733048,88.67886686
2013-08-28,Malda,0.0,0.0,301.48,0.05474470437,16.0,25.0057449,88.1398483
2013-08-28,Murshidabad,0.0,0.0,300.40000000000003,0.9734056509,6.0,24.1745993,88.2721335
2013-08-28,Nadia,26.0,0.0,302.13,0.9666357969,11.0,23.48454125,88.55676307
2013-08-28,North 24 Parganas,0.0,0.0,300.4509090909091,0.8926987579272727,13.545454545454545,22.642931,88.8930579
2013-08-28,Paschim Medinipur,0.0,0.0,303.2937142857143,0.2262401856767347,7.75,22.3599134,87.41331448
2013-08-28,Purba Medinipur,0.0,0.0,302.11,3.356932155,2.0,22.06217445,87.83672383
2013-08-28,Purulia,0.0,0.0,303.40000000000003,0.5356093389,4.0,23.3291882,86.3672378
2013-08-28,South 24 Parganas,0.0,0.0,303.60400000000004,0.7075943093,19.0,22.5760669,88.42006758
2013-08-28,Uttar Dinajpur,0.0,0.0,298.97,0.001412002241,,25.8707958,87.96259728
2013-08-29,Bankura,0.0,0.0,302.11404918032787,0.7206934671,5.0,23.13195425,87.2073972
2013-08-29,Bardhaman,0.0,0.0,300.9866666,0.0709529131,5.0,23.41146995,87.84499445
2013-08-29,Birbhum,0.0,0.0,301.585,0.740511706652963,6.814814814814815,24.0,87.583333
2013-08-29,Burdwan,17.0,0.0,304.42,1.349343749,8.857142857142858,23.2495714,87.8681751
2013-08-29,Dakshin Dinajpur,0.0,0.0,300.9133334,0.03306367674,14.0,25.38703085,88.50471505
2013-08-29,"Darjeeling, Jalpaiguri",0.0,0.0,300.0933334,1.789624224,7.0,26.8735351,88.6131918
2013-08-29,Hooghly,0.0,0.0,302.15478260869565,0.6307131892739131,11.0,22.9052114,88.3760639
2013-08-29,Howrah,0.0,0.0,303.1708607912088,0.18853154416153847,13.098901098901099,22.5736296,88.3251045
2013-08-29,Jalpaiguri,0.0,0.0,299.7714285714286,0.7797975726571429,16.953488372093023,26.4733048,88.67886686
2013-08-29,Malda,0.0,0.0,301.48,0.05474470437,16.0,25.0057449,88.1398483
2013-08-29,Murshidabad,0.0,0.0,300.40000000000003,0.9734056509,6.0,24.1745993,88.2721335
2013-08-29,Nadia,0.0,0.0,301.96,0.8230796660199999,11.0,23.48454125,88.55676307
2013-08-29,North 24 Parganas,0.0,0.0,300.4836363636364,0.876006202009091,13.181818181818182,22.642931,88.8930579
2013-08-29,Paschim Medinipur,0.0,0.0,303.27885714285713,0.2181455604912245,7.625,22.3599134,87.41331448
2013-08-29,Purba Medinipur,0.0,0.0,302.11,3.356932155,2.0,22.06217445,87.83672383
2013-08-29,Purulia,0.0,0.0,303.40000000000003,0.5356093389,4.0,23.3291882,86.3672378
2013-08-29,South 24 Parganas,0.0,0.0,303.60400000000004,0.7075943093,19.0,22.5760669,88.42006758
2013-08-29,Uttar Dinajpur,0.0,0.0,298.97,0.001412002241,,25.8707958,87.96259728
2013-08-30,Bankura,0.0,0.0,302.0814426229508,0.7073576062,5.0,23.13195425,87.2073972
2013-08-30,Bardhaman,0.0,0.0,300.9866666,0.0709529131,5.0,23.41146995,87.84499445
2013-08-30,Birbhum,0.0,0.0,301.5275,0.7740970533023703,6.851851851851852,24.0,87.583333
2013-08-30,Burdwan,0.0,0.0,304.4151851888889,1.2788080418,9.476190476190476,23.2495714,87.8681751
2013-08-30,Dakshin Dinajpur,0.0,0.0,300.9133334,0.03306367674,14.0,25.38703085,88.50471505
2013-08-30,"Darjeeling, Jalpaiguri",530.0,0.0,300.0933334,1.789624224,7.0,26.8735351,88.6131918
2013-08-30,Hooghly,0.0,0.0,302.2704347826087,0.6297567860521739,11.0,22.9052114,88.3760639
2013-08-30,Howrah,0.0,0.0,303.1361538307692,0.1900082733846154,13.153846153846153,22.5736296,88.3251045
2013-08-30,Jalpaiguri,0.0,0.0,300.45428571428573,0.6769416345714286,17.441860465116278,26.4733048,88.67886686
2013-08-30,Malda,0.0,0.0,301.48,0.05474470437,16.0,25.0057449,88.1398483
2013-08-30,Murshidabad,0.0,0.0,300.40000000000003,0.9734056509,6.0,24.1745993,88.2721335
2013-08-30,Nadia,0.0,0.0,301.79,0.67952353514,11.0,23.48454125,88.55676307
2013-08-30,North 24 Parganas,0.0,0.0,300.5163636363636,0.8593136460909091,12.818181818181818,22.642931,88.8930579
2013-08-30,Paschim Medinipur,0.0,0.0,303.264,0.2100509353057143,7.5,22.3599134,87.41331448
2013-08-30,Purba Medinipur,0.0,0.0,302.11,3.356932155,2.0,22.06217445,87.83672383
2013-08-30,Purulia,0.0,0.0,303.40000000000003,0.5356093389,4.0,23.3291882,86.3672378
2013-08-30,South 24 Parganas,0.0,0.0,303.60400000000004,0.7075943093,19.0,22.5760669,88.42006758
2013-08-30,Uttar Dinajpur,0.0,0.0,298.97,0.001412002241,,25.8707958,87.96259728
2013-10-05,Bankura,0.0,0.0,302.04883606557377,0.6940217452999999,5.0,23.13195425,87.2073972
2013-10-05,Bardhaman,0.0,0.0,300.9866666,0.0709529131,5.0,23.41146995,87.84499445
2013-10-05,Birbhum,0.0,0.0,301.47,0.8076823999517777,6.888888888888889,24.0,87.583333
2013-10-05,Burdwan,0.0,0.0,304.4103703777778,1.2082723346,10.095238095238095,23.2495714,87.8681751
2013-10-05,Dakshin Dinajpur,0.0,0.0,300.9133334,0.03306367674,14.0,25.38703085,88.50471505
2013-10-05,"Darjeeling, Jalpaiguri",0.0,0.0,300.0933334,1.789624224,7.0,26.8735351,88.6131918
2013-10-05,Hooghly,0.0,0.0,302.38608695652175,0.6288003828304347,11.0,22.9052114,88.3760639
2013-10-05,Howrah,0.0,0.0,303.10144687032965,0.1914850026076923,13.208791208791208,22.5736296,88.3251045
2013-10-05,Jalpaiguri,0.0,0.0,301.13714285714286,0.5740856964857144,17.930232558139537,26.4733048,88.67886686
2013-10-05,Malda,0.0,0.0,301.48,0.05474470437,16.0,25.0057449,88.1398483
2013-10-05,Murshidabad,27.0,0.0,300.40000000000003,0.9734056509,6.0,24.1745993,88.2721335
2013-10-05,Nadia,0.0,0.0,301.62,0.53596740426,11.0,23.48454125,88.55676307
2013-10-05,North 24 Parganas,0.0,0.0,300.5490909090909,0.8426210901727273,12.454545454545455,22.642931,88.8930579
2013-10-05,Paschim Medinipur,0.0,0.0,303.2491428571429,0.2019563101202041,7.375,22.3599134,87.41331448
2013-10-05,Purba Medinipur,0.0,0.0,302.11,3.356932155,2.0,22.06217445,87.83672383
2013-10-05,Purulia,0.0,0.0,303.40000000000003,0.5356093389,4.0,23.3291882,86.3672378
2013-10-05,South 24 Parganas,0.0,0.0,303.60400000000004,0.7075943093,19.0,22.5760669,88.42006758
2013-10-05,Uttar Dinajpur,0.0,0.0,298.97,0.001412002241,,25.8707958,87.96259728
2013-10-16,Bankura,0.0,0.0,302.0162295081967,0.6806858844,5.0,23.13195425,87.2073972
2013-10-16,Bardhaman,0.0,0.0,300.9866666,0.0709529131,5.0,23.41146995,87.84499445
2013-10-16,Birbhum,0.0,0.0,301.4125,0.8412677466011851,6.925925925925926,24.0,87.583333
2013-10-16,Burdwan,0.0,0.0,304.4055555666667,1.1377366274,10.714285714285715,23.2495714,87.8681751
2013-10-16,Dakshin Dinajpur,0.0,0.0,300.9133334,0.03306367674,14.0,25.38703085,88.50471505
2013-10-16,"Darjeeling, Jalpaiguri",0.0,0.0,300.0933334,1.789624224,7.0,26.8735351,88.6131918
2013-10-16,Hooghly,0.0,0.0,302.50173913043477,0.6278439796086956,11.0,22.9052114,88.3760639
2013-10-16,Howrah,0.0,0.0,303.06673990989015,0.19296173183076923,13.263736263736263,22.5736296,88.3251045
2013-10-16,Jalpaiguri,76.0,0.0,301.82,0.4712297584,18.41860465116279,26.4733048,88.67886686
2013-10-16,Malda,0.0,0.0,301.48,0.05474470437,16.0,25.0057449,88.1398483
2013-10-16,Murshidabad,0.0,0.0,300.5286363636364,0.8896202067972727,6.0,24.1745993,88.2721335
2013-10-16,Nadia,0.0,0.0,301.45000000000005,0.3924112733799999,11.0,23.48454125,88.55676307
2013-10-16,North 24 Parganas,0.0,0.0,300.58181818181816,0.8259285342545455,12.09090909090909,22.642931,88.8930579
2013-10-16,Paschim Medinipur,0.0,0.0,303.2342857142857,0.19386168493469388,7.25,22.3599134,87.41331448
2013-10-16,Purba Medinipur,0.0,0.0,302.11,3.356932155,2.0,22.06217445,87.83672383
2013-10-16,Purulia,0.0,0.0,303.40000000000003,0.5356093389,4.0,23.3291882,86.3672378
2013-10-16,South 24 Parganas,0.0,0.0,303.60400000000004,0.7075943093,19.0,22.5760669,88.42006758
2013-10-16,Uttar Dinajpur,0.0,0.0,298.97,0.001412002241,,25.8707958,87.96259728
2013-10-23,Bankura,0.0,0.0,301.98362295081967,0.6673500235000001,5.0,23.13195425,87.2073972
2013-10-23,Bardhaman,0.0,0.0,300.9866666,0.0709529131,5.0,23.41146995,87.84499445
2013-10-23,Birbhum,0.0,0.0,301.355,0.8748530932505925,6.962962962962963,24.0,87.583333
2013-10-23,Burdwan,0.0,0.0,304.40074075555555,1.0672009202,11.333333333333334,23.2495714,87.8681751
2013-10-23,Dakshin Dinajpur,0.0,0.0,300.9133334,0.03306367674,14.0,25.38703085,88.50471505
2013-10-23,"Darjeeling, Jalpaiguri",0.0,0.0,300.0933334,1.789624224,7.0,26.8735351,88.6131918
2013-10-23,Hooghly,0.0,0.0,302.6173913043478,0.6268875763869565,11.0,22.9052114,88.3760639
2013-10-23,Howrah,0.0,0.0,303.0320329494506,0.19443846105384616,13.31868131868132,22.5736296,88.3251045
2013-10-23,Jalpaiguri,0.0,0.0,301.5283333333333,0.5339930133888888,18.906976744186046,26.4733048,88.67886686
2013-10-23,Malda,0.0,0.0,301.48,0.05474470437,16.0,25.0057449,88.1398483
2013-10-23,Murshidabad,0.0,0.0,300.65727272727275,0.8058347626945455,6.0,24.1745993,88.2721335
2013-10-23,Nadia,51.0,0.0,301.28000000000003,0.2488551425,11.0,23.48454125,88.55676307
2013-10-23,North 24 Parganas,0.0,0.0,300.61454545454546,0.8092359783363636,11.727272727272727,22.642931,88.8930579
2013-10-23,Paschim Medinipur,0.0,0.0,303.2194285714286,0.18576705974918367,7.125,22.3599134,87.41331448
2013-10-23,Purba Medinipur,0.0,0.0,302.11,3.356932155,2.0,22.06217445,87.83672383
2013-10-23,Purulia,0.0,0.0,303.40000000000003,0.5356093389,4.0,23.3291882,86.3672378
2013-10-23,South 24 Parganas,0.0,0.0,303.60400000000004,0.7075943093,19.0,22.5760669,88.42006758
2013-10-23,Uttar Dinajpur,0.0,0.0,298.97,0.001412002241,,25.8707958,87.96259728
2014-07-10,Bankura,0.0,0.0,301.9510163934426,0.6540141626,5.0,23.13195425,87.2073972
2014-07-10,Bardhaman,0.0,0.0,300.9866666,0.0709529131,5.0,23.41146995,87.84499445
2014-07-10,Birbhum,28.0,0.0,301.2975,0.9084384399,7.0,24.0,87.583333
2014-07-10,Burdwan,0.0,0.0,304.39592594444446,0.996665213,11.952380952380953,23.2495714,87.8681751
2014-07-10,Dakshin Dinajpur,0.0,0.0,300.9133334,0.03306367674,14.0,25.38703085,88.50471505
2014-07-10,"Darjeeling, Jalpaiguri",0.0,0.0,300.0933334,1.789624224,7.0,26.8735351,88.6131918
2014-07-10,Hooghly,0.0,0.0,302.73304347826087,0.6259311731652174,11.0,22.9052114,88.3760639
2014-07-10,Howrah,0.0,0.0,302.997325989011,0.19591519027692308,13.373626373626374,22.5736296,88.3251045
2014-07-10,Jalpaiguri,0.0,0.0,301.2366666666667,0.5967562683777777,19.3953488372093,26.4733048,88.67886686
2014-07-10,Malda,0.0,0.0,301.48,0.05474470437,16.0,25.0057449,88.1398483
2014-07-10,Murshidabad,0.0,0.0,300.7859090909091,0.7220493185918182,6.0,24.1745993,88.2721335
2014-07-10,Nadia,0.0,0.0,301.1292307692308,0.28491742797692304,11.0,23.48454125,88.55676307
2014-07-10,North 24 Parganas,0.0,0.0,300.6472727272727,0.7925434224181819,11.363636363636363,22.642931,88.8930579
2014-07-10,Paschim Medinipur,0.0,0.0,303.20457142857146,0.1776724345636735,7.0,22.3599134,87.41331448
2014-07-10,Purba Medinipur,0.0,0.0,302.11,3.356932155,2.0,22.06217445,87.83672383
2014-07-10,Purulia,0.0,0.0,303.40000000000003,0.5356093389,4.0,23.3291882,86.3672378
2014-07-10,South 24 Parganas,0.0,0.0,303.60400000000004,0.7075943093,19.0,22.5760669,88.42006758
2014-07-10,Uttar Dinajpur,0.0,0.0,298.97,0.001412002241,,25.8707958,87.96259728
2014-08-11,Bankura,0.0,0.0,301.91840983606556,0.6406783017,5.0,23.13195425,87.2073972
2014-08-11,Bardhaman,0.0,0.0,300.9866666,0.0709529131,5.0,23.41146995,87.84499445
2014-08-11,Birbhum,0.0,0.0,301.24,0.7657101249,8.133333333333333,24.0,87.583333
2014-08-11,Burdwan,0.0,0.0,304.39111113333337,0.9261295058000001,12.571428571428571,23.2495714,87.8681751
2014-08-11,Dakshin Dinajpur,0.0,0.0,300.9133334,0.03306367674,14.0,25.38703085,88.50471505
2014-08-11,"Darjeeling, Jalpaiguri",0.0,0.0,300.0933334,1.789624224,7.0,26.8735351,88.6131918
2014-08-11,Hooghly,0.0,0.0,302.8486956521739,0.6249747699434782,11.0,22.9052114,88.3760639
2014-08-11,Howrah,0.0,0.0,302.96261902857145,0.1973919195,13.428571428571429,22.5736296,88.3251045
2014-08-11,Jalpaiguri,0.0,0.0,300.945,0.6595195233666666,19.883720930232556,26.4733048,88.67886686
2014-08-11,Malda,0.0,0.0,301.48,0.05474470437,16.0,25.0057449,88.1398483
2014-08-11,Murshidabad,0.0,0.0,300.9145454545455,0.6382638744890909,6.0,24.1745993,88.2721335
2014-08-11,Nadia,0.0,0.0,300.97846153846154,0.3209797134538461,11.0,23.48454125,88.55676307
2014-08-11,North 24 Parganas,884.0,0.0,300.68,0.7758508665,11.0,22.642931,88.8930579
2014-08-11,Paschim Medinipur,0.0,0.0,303.1897142857143,0.1695778093781633,6.875,22.3599134,87.41331448
2014-08-11,Purba Medinipur,0.0,0.0,302.11,3.356932155,2.0,22.06217445,87.83672383
2014-08-11,Purulia,0.0,0.0,303.40000000000003,0.5356093389,4.0,23.3291882,86.3672378
2014-08-11,South 24 Parganas,0.0,0.0,303.60400000000004,0.7075943093,19.0,22.5760669,88.42006758
2014-08-11,Uttar Dinajpur,0.0,0.0,298.97,0.001412002241,,25.8707958,87.96259728
2014-08-14,Bankura,0.0,0.0,301.8858032786885,0.6273424407999999,5.0,23.13195425,87.2073972
2014-08-14,Bardhaman,0.0,0.0,300.9866666,0.0709529131,5.0,23.41146995,87.84499445
2014-08-14,Birbhum,0.0,0.0,301.1825,0.6229818099,9.266666666666666,24.0,87.583333
2014-08-14,Burdwan,0.0,0.0,304.3862963222222,0.8555937986000001,13.19047619047619,23.2495714,87.8681751
2014-08-14,Dakshin Dinajpur,0.0,0.0,300.9133334,0.03306367674,14.0,25.38703085,88.50471505
2014-08-14,"Darjeeling, Jalpaiguri",0.0,0.0,300.0933334,1.789624224,7.0,26.8735351,88.6131918
2014-08-14,Hooghly,0.0,0.0,302.96434782608696,0.6240183667217392,11.0,22.9052114,88.3760639
2014-08-14,Howrah,0.0,0.0,302.9279120681319,0.1988686487230769,13.483516483516484,22.5736296,88.3251045
2014-08-14,Jalpaiguri,0.0,0.0,300.6533333333333,0.7222827783555554,20.372093023255815,26.4733048,88.67886686
2014-08-14,Malda,0.0,0.0,301.48,0.05474470437,16.0,25.0057449,88.1398483
2014-08-14,Murshidabad,0.0,0.0,301.04318181818184,0.5544784303863637,6.0,24.1745993,88.2721335
2014-08-14,Nadia,0.0,0.0,300.8276923076923,0.3570419989307692,11.0,23.48454125,88.55676307
2014-08-14,North 24 Parganas,695.0,1.0,301.79,0.8444360472,8.0,22.642931,88.8930579
2014-08-14,Paschim Medinipur,0.0,0.0,303.17485714285715,0.16148318419265306,6.75,22.3599134,87.41331448
2014-08-14,Purba Medinipur,0.0,0.0,302.11,3.356932155,2.0,22.06217445,87.83672383
2014-08-14,Purulia,0.0,0.0,303.40000000000003,0.5356093389,4.0,23.3291882,86.3672378
2014-08-14,South 24 Parganas,0.0,0.0,303.60400000000004,0.7075943093,19.0,22.5760669,88.42006758
2014-08-14,Uttar Dinajpur,0.0,0.0,298.97,0.001412002241,,25.8707958,87.96259728
2014-08-29,Bankura,0.0,0.0,301.8531967213115,0.6140065799,5.0,23.13195425,87.2073972
2014-08-29,Bardhaman,0.0,0.0,300.9866666,0.0709529131,5.0,23.41146995,87.84499445
2014-08-29,Birbhum,0.0,0.0,301.125,0.48025349489999997,10.4,24.0,87.583333
2014-08-29,Burdwan,0.0,0.0,304.38148151111113,0.7850580914,13.80952380952381,23.2495714,87.8681751
2014-08-29,Dakshin Dinajpur,0.0,0.0,300.9133334,0.03306367674,14.0,25.38703085,88.50471505
2014-08-29,"Darjeeling, Jalpaiguri",0.0,0.0,300.0933334,1.789624224,7.0,26.8735351,88.6131918
2014-08-29,Hooghly,223.0,0.0,303.08,0.6230619635,11.0,22.9052114,88.3760639
2014-08-29,Howrah,0.0,0.0,302.8932051076923,0.20034537794615387,13.538461538461538,22.5736296,88.3251045
2014-08-29,Jalpaiguri,0.0,0.0,300.3616666666667,0.7850460333444444,20.86046511627907,26.4733048,88.67886686
2014-08-29,Malda,0.0,0.0,301.48,0.05474470437,16.0,25.0057449,88.1398483
2014-08-29,Murshidabad,0.0,0.0,301.1718181818182,0.4706929862836363,6.0,24.1745993,88.2721335
2014-08-29,Nadia,0.0,0.0,300.6769230769231,0.3931042844076923,11.0,23.48454125,88.55676307
2014-08-29,North 24 Parganas,0.0,0.0,301.84000000000003,0.8163114630999999,8.25,22.642931,88.8930579
2014-08-29,Paschim Medinipur,0.0,0.0,303.16,0.15338855900714288,6.625,22.3599134,87.41331448
2014-08-29,Purba Medinipur,0.0,0.0,302.11,3.356932155,2.0,22.06217445,87.83672383
2014-08-29,Purulia,0.0,0.0,303.40000000000003,0.5356093389,4.0,23.3291882,86.3672378
2014-08-29,South 24 Parganas,0.0,0.0,303.60400000000004,0.7075943093,19.0,22.5760669,88.42006758
2014-08-29,Uttar Dinajpur,0.0,0.0,298.97,0.001412002241,,25.8707958,87.96259728
2014-09-22,Bankura,0.0,0.0,301.82059016393447,0.600670719,5.0,23.13195425,87.2073972
2014-09-22,Bardhaman,0.0,0.0,300.9866666,0.0709529131,5.0,23.41146995,87.84499445
2014-09-22,Birbhum,0.0,0.0,301.0675,0.33752517989999997,11.533333333333333,24.0,87.583333
2014-09-22,Burdwan,0.0,0.0,304.3766667,0.7145223842,14.428571428571429,23.2495714,87.8681751
2014-09-22,Dakshin Dinajpur,0.0,0.0,300.9133334,0.03306367674,14.0,25.38703085,88.50471505
2014-09-22,"Darjeeling, Jalpaiguri",0.0,0.0,300.0933334,1.789624224,7.0,26.8735351,88.6131918
2014-09-22,Hooghly,0.0,0.0,302.9033333333333,0.5192323695833333,11.0,22.9052114,88.3760639
2014-09-22,Howrah,0.0,0.0,302.85849814725276,0.20182210716923077,13.593406593406593,22.5736296,88.3251045
2014-09-22,Jalpaiguri,0.0,0.0,300.07,0.8478092883333332,21.348837209302324,26.4733048,88.67886686
2014-09-22,Malda,0.0,0.0,301.48,0.05474470437,16.0,25.0057449,88.1398483
2014-09-22,Murshidabad,0.0,0.0,301.30045454545456,0.38690754218090906,6.0,24.1745993,88.2721335
2014-09-22,Nadia,0.0,0.0,300.5261538461539,0.4291665698846154,11.0,23.48454125,88.55676307
2014-09-22,North 24 Parganas,225.0,0.0,301.89,0.788186879,8.5,22.642931,88.8930579
2014-09-22,Paschim Medinipur,0.0,0.0,303.14514285714284,0.1452939338216327,6.5,22.3599134,87.41331448
2014-09-22,Purba Medinipur,0.0,0.0,302.11,3.356932155,2.0,22.06217445,87.83672383
2014-09-22,Purulia,0.0,0.0,303.40000000000003,0.5356093389,4.0,23.3291882,86.3672378
2014-09-22,South 24 Parganas,0.0,0.0,303.60400000000004,0.7075943093,19.0,22.5760669,88.42006758
2014-09-22,Uttar Dinajpur,0.0,0.0,298.97,0.001412002241,,25.8707958,87.96259728
2014-09-29,Bankura,0.0,0.0,301.7879836065574,0.5873348581,5.0,23.13195425,87.2073972
2014-09-29,Bardhaman,0.0,0.0,300.9866666,0.0709529131,5.0,23.41146995,87.84499445
2014-09-29,Birbhum,152.0,0.0,301.01,0.1947968649,12.666666666666666,24.0,87.583333
2014-09-29,Burdwan,0.0,0.0,304.3718518888889,0.643986677,15.047619047619047,23.2495714,87.8681751
2014-09-29,Dakshin Dinajpur,0.0,0.0,300.9133334,0.03306367674,14.0,25.38703085,88.50471505
2014-09-29,"Darjeeling, Jalpaiguri",0.0,0.0,300.0933334,1.789624224,7.0,26.8735351,88.6131918
2014-09-29,Hooghly,0.0,0.0,302.72666666666663,0.4154027756666666,11.0,22.9052114,88.3760639
2014-09-29,Howrah,0.0,0.0,302.8237911868132,0.2032988363923077,13.648351648351648,22.5736296,88.3251045
2014-09-29,Jalpaiguri,0.0,0.0,299.7783333333333,0.910572543322222,21.837209302325583,26.4733048,88.67886686
2014-09-29,Malda,0.0,0.0,301.48,0.05474470437,16.0,25.0057449,88.1398483
2014-09-29,Murshidabad,0.0,0.0,301.4290909090909,0.3031220980781818,6.0,24.1745993,88.2721335
2014-09-29,Nadia,0.0,0.0,300.37538461538463,0.46522885536153846,11.0,23.48454125,88.55676307
2014-09-29,North 24 Parganas,0.0,0.0,301.73788888888885,0.7746639366777778,8.75,22.642931,88.8930579
2014-09-29,Paschim Medinipur,0.0,0.0,303.1302857142857,0.13719930863612245,6.375,22.3599134,87.41331448
2014-09-29,Purba Medinipur,0.0,0.0,302.11,3.356932155,2.0,22.06217445,87.83672383
2014-09-29,Purulia,0.0,0.0,303.40000000000003,0.5356093389,4.0,23.3291882,86.3672378
2014-09-29,South 24 Parganas,0.0,0.0,303.60400000000004,0.7075943093,19.0,22.5760669,88.42006758
2014-09-29,Uttar Dinajpur,0.0,0.0,298.97,0.001412002241,,25.8707958,87.96259728
2014-10-07,Bankura,0.0,0.0,301.75537704918037,0.5739989971999999,5.0,23.13195425,87.2073972
2014-10-07,Bardhaman,0.0,0.0,300.9866666,0.0709529131,5.0,23.41146995,87.84499445
2014-10-07,Birbhum,82.0,0.0,300.79200000000003,0.07103023029,13.8,24.0,87.583333
2014-10-07,Burdwan,0.0,0.0,304.3670370777778,0.5734509698000001,15.666666666666668,23.2495714,87.8681751
2014-10-07,Dakshin Dinajpur,0.0,0.0,300.9133334,0.03306367674,14.0,25.38703085,88.50471505
2014-10-07,"Darjeeling, Jalpaiguri",0.0,0.0,300.0933334,1.789624224,7.0,26.8735351,88.6131918
2014-10-07,Hooghly,0.0,0.0,302.54999999999995,0.31157318175,11.0,22.9052114,88.3760639
2014-10-07,Howrah,0.0,0.0,302.78908422637363,0.20477556561538462,13.703296703296703,22.5736296,88.3251045
2014-10-07,Jalpaiguri,0.0,0.0,299.4866666666667,0.9733357983111111,22.325581395348838,26.4733048,88.67886686
2014-10-07,Malda,0.0,0.0,301.48,0.05474470437,16.0,25.0057449,88.1398483
2014-10-07,Murshidabad,0.0,0.0,301.5577272727273,0.21933665397545454,6.0,24.1745993,88.2721335
2014-10-07,Nadia,0.0,0.0,300.2246153846154,0.5012911408384615,11.0,23.484541249999996,88.55676307
2014-10-07,North 24 Parganas,0.0,0.0,301.58577777777776,0.7611409943555555,9.0,22.642931,88.8930579
2014-10-07,Paschim Medinipur,0.0,0.0,303.1154285714286,0.12910468345061227,6.25,22.3599134,87.41331448
2014-10-07,Purba Medinipur,0.0,0.0,302.11,3.356932155,2.0,22.06217445,87.83672383
2014-10-07,Purulia,0.0,0.0,303.40000000000003,0.5356093389,4.0,23.3291882,86.3672378
2014-10-07,South 24 Parganas,0.0,0.0,303.60400000000004,0.7075943093,19.0,22.5760669,88.42006758
2014-10-07,Uttar Dinajpur,0.0,0.0,298.97,0.001412002241,,25.8707958,87.96259728
2014-10-28,Bankura,0.0,0.0,301.7227704918033,0.5606631363,5.0,23.13195425,87.2073972
2014-10-28,Bardhaman,0.0,0.0,300.9866666,0.0709529131,5.0,23.41146995,87.84499445
2014-10-28,Birbhum,0.0,0.0,300.95733333333334,0.21678077670222223,14.933333333333334,24.0,87.583333
2014-10-28,Burdwan,0.0,0.0,304.36222226666666,0.5029152626000001,16.285714285714285,23.2495714,87.8681751
2014-10-28,Dakshin Dinajpur,0.0,0.0,300.9133334,0.03306367674,14.0,25.38703085,88.50471505
2014-10-28,"Darjeeling, Jalpaiguri",0.0,0.0,300.0933334,1.789624224,7.0,26.8735351,88.6131918
2014-10-28,Hooghly,0.0,0.0,302.37333333333333,0.2077435878333333,11.0,22.9052114,88.3760639
2014-10-28,Howrah,0.0,0.0,302.75437726593407,0.20625229483846155,13.758241758241759,22.5736296,88.3251045
2014-10-28,Jalpaiguri,0.0,0.0,299.195,1.0360990532999999,22.813953488372093,26.4733048,88.67886686
2014-10-28,Malda,193.0,6.0,301.48,0.05474470437,16.0,25.0057449,88.1398483
2014-10-28,Murshidabad,0.0,0.0,301.68636363636364,0.13555120987272729,6.0,24.1745993,88.2721335
2014-10-28,Nadia,0.0,0.0,300.07384615384615,0.5373534263153846,11.0,23.484541249999996,88.55676307
2014-10-28,North 24 Parganas,0.0,0.0,301.4336666666667,0.7476180520333333,9.25,22.642931,88.8930579
2014-10-28,Paschim Medinipur,0.0,0.0,303.1005714285714,0.12101005826510208,6.125,22.3599134,87.41331448
2014-10-28,Purba Medinipur,0.0,0.0,302.11,3.356932155,2.0,22.06217445,87.83672383
2014-10-28,Purulia,0.0,0.0,303.40000000000003,0.5356093389,4.0,23.3291882,86.3672378
2014-10-28,South 24 Parganas,0.0,0.0,303.60400000000004,0.7075943093,19.0,22.5760669,88.42006758
2014-10-28,Uttar Dinajpur,0.0,0.0,298.97,0.001412002241,,25.8707958,87.96259728
2014-10-31,Bankura,0.0,0.0,301.69016393442627,0.5473272754,5.0,23.13195425,87.2073972
2014-10-31,Bardhaman,0.0,0.0,300.9866666,0.0709529131,5.0,23.41146995,87.84499445
2014-10-31,Birbhum,0.0,0.0,301.1226666666667,0.36253132311444447,16.066666666666666,24.0,87.583333
2014-10-31,Burdwan,0.0,0.0,304.3574074555556,0.43237955540000006,16.904761904761905,23.2495714,87.8681751
2014-10-31,Dakshin Dinajpur,0.0,0.0,300.9133334,0.03306367674,14.0,25.38703085,88.50471505
2014-10-31,"Darjeeling, Jalpaiguri",0.0,0.0,300.0933334,1.789624224,7.0,26.8735351,88.6131918
2014-10-31,Hooghly,0.0,0.0,302.19666666666666,0.10391399391666667,11.0,22.9052114,88.3760639
2014-10-31,Howrah,0.0,0.0,302.7196703054945,0.20772902406153848,13.813186813186814,22.5736296,88.3251045
2014-10-31,Jalpaiguri,0.0,0.0,298.9033333333333,1.0988623082888889,23.302325581395348,26.4733048,88.67886686
2014-10-31,Malda,0.0,0.0,301.4488888888889,0.07137987067083333,16.083333333333332,25.0057449,88.1398483
2014-10-31,Murshidabad,77.0,0.0,301.815,0.05176576577,6.0,24.1745993,88.2721335
2014-10-31,Nadia,0.0,0.0,299.9230769230769,0.5734157117923077,11.0,23.484541249999996,88.55676307
2014-10-31,North 24 Parganas,0.0,0.0,301.28155555555554,0.734095109711111,9.5,22.642931,88.8930579
2014-10-31,Paschim Medinipur,0.0,0.0,303.0857142857143,0.11291543307959184,6.0,22.3599134,87.41331448
2014-10-31,Purba Medinipur,0.0,0.0,302.11,3.356932155,2.0,22.06217445,87.83672383
2014-10-31,Purulia,0.0,0.0,303.40000000000003,0.5356093389,4.0,23.3291882,86.3672378
2014-10-31,South 24 Parganas,0.0,0.0,303.60400000000004,0.7075943093,19.0,22.5760669,88.42006758
2014-10-31,Uttar Dinajpur,0.0,0.0,298.97,0.001412002241,,25.8707958,87.96259728
2014-11-13,Bankura,0.0,0.0,301.6575573770492,0.5339914145,5.0,23.13195425,87.2073972
2014-11-13,Bardhaman,0.0,0.0,300.9866666,0.0709529131,5.0,23.41146995,87.84499445
2014-11-13,Birbhum,0.0,0.0,301.288,0.5082818695266667,17.2,24.0,87.583333
2014-11-13,Burdwan,0.0,0.0,304.3525926444445,0.36184384820000015,17.523809523809526,23.2495714,87.8681751
2014-11-13,Dakshin Dinajpur,0.0,0.0,300.9133334,0.03306367674,14.0,25.38703085,88.50471505
2014-11-13,"Darjeeling, Jalpaiguri",0.0,0.0,300.0933334,1.789624224,7.0,26.8735351,88.6131918
2014-11-13,Hooghly,79.0,0.0,302.02,8.44e-05,11.0,22.9052114,88.3760639
2014-11-13,Howrah,0.0,0.0,302.68496334505494,0.20920575328461538,13.868131868131869,22.5736296,88.3251045
2014-11-13,Jalpaiguri,0.0,0.0,298.6116666666667,1.1616255632777777,23.790697674418603,26.4733048,88.67886686
2014-11-13,Malda,0.0,0.0,301.4177777777778,0.08801503697166667,16.166666666666668,25.0057449,88.1398483
2014-11-13,Murshidabad,0.0,0.0,301.7725,0.09113998723277777,6.0,24.1745993,88.2721335
2014-11-13,Nadia,0.0,0.0,299.7723076923077,0.6094779972692308,11.0,23.484541249999996,88.55676307
2014-11-13,North 24 Parganas,0.0,0.0,301.1294444444444,0.7205721673888889,9.75,22.642931,88.8930579
2014-11-13,Paschim Medinipur,0.0,0.0,303.07085714285716,0.10482080789408166,5.875,22.3599134,87.41331448
2014-11-13,Purba Medinipur,0.0,0.0,302.11,3.356932155,2.0,22.06217445,87.83672383
2014-11-13,Purulia,0.0,0.0,303.40000000000003,0.5356093389,4.0,23.3291882,86.3672378
2014-11-13,South 24 Parganas,0.0,0.0,303.60400000000004,0.7075943093,19.0,22.5760669,88.42006758
2014-11-13,Uttar Dinajpur,0.0,0.0,298.97,0.001412002241,,25.8707958,87.96259728
2015-08-02,Bankura,0.0,0.0,301.62495081967216,0.5206555535999999,5.0,23.13195425,87.2073972
2015-08-02,Bardhaman,0.0,0.0,300.9866666,0.0709529131,5.0,23.41146995,87.84499445
2015-08-02,Birbhum,0.0,0.0,301.4533333333334,0.654032415938889,18.333333333333332,24.0,87.583333
2015-08-02,Burdwan,0.0,0.0,304.34777783333334,0.291308141,18.142857142857142,23.2495714,87.8681751
2015-08-02,Dakshin Dinajpur,0.0,0.0,300.9133334,0.03306367674,14.0,25.38703085,88.50471505
2015-08-02,"Darjeeling, Jalpaiguri",0.0,0.0,300.0933334,1.789624224,7.0,26.8735351,88.6131918
2015-08-02,Hooghly,0.0,0.0,301.5328571428571,0.05027553386428571,11.105263157894736,22.9052114,88.3760639
2015-08-02,Howrah,0.0,0.0,302.6502563846154,0.2106824825076923,13.923076923076923,22.5736296,88.3251045
2015-08-02,Jalpaiguri,0.0,0.0,298.32,1.2243888182666665,24.27906976744186,26.4733048,88.67886686
2015-08-02,Malda,0.0,0.0,301.38666666666666,0.10465020327249999,16.25,25.0057449,88.1398483
2015-08-02,Murshidabad,0.0,0.0,301.73,0.13051420869555555,6.0,24.1745993,88.2721335
2015-08-02,Nadia,0.0,0.0,299.6215384615385,0.6455402827461538,11.0,23.484541249999996,88.55676307
2015-08-02,North 24 Parganas,0.0,0.0,300.9773333333333,0.7070492250666667,10.0,22.642931,88.8930579
2015-08-02,Paschim Medinipur,0.0,0.0,303.056,0.09672618270857147,5.75,22.3599134,87.41331448
2015-08-02,Purba Medinipur,41.0,0.0,302.11,3.356932155,2.0,22.06217445,87.83672383
2015-08-02,Purulia,0.0,0.0,303.40000000000003,0.5356093389,4.0,23.3291882,86.3672378
2015-08-02,South 24 Parganas,0.0,0.0,303.60400000000004,0.7075943093,19.0,22.5760669,88.42006758
2015-08-02,Uttar Dinajpur,0.0,0.0,298.97,0.001412002241,,25.8707958,87.96259728
2015-08-27,Bankura,0.0,0.0,301.5923442622951,0.5073196927,5.0,23.13195425,87.2073972
2015-08-27,Bardhaman,0.0,0.0,300.9866666,0.0709529131,5.0,23.41146995,87.84499445
2015-08-27,Birbhum,0.0,0.0,301.6186666666667,0.7997829623511111,19.46666666666667,24.0,87.583333
2015-08-27,Burdwan,0.0,0.0,304.34296302222225,0.2207724338000001,18.761904761904763,23.2495714,87.8681751
2015-08-27,Dakshin Dinajpur,0.0,0.0,300.9133334,0.03306367674,14.0,25.38703085,88.50471505
2015-08-27,"Darjeeling, Jalpaiguri",0.0,0.0,300.0933334,1.789624224,7.0,26.8735351,88.6131918
2015-08-27,Hooghly,0.0,0.0,301.04571428571427,0.10046666772857142,11.210526315789474,22.9052114,88.3760639
2015-08-27,Howrah,0.0,0.0,302.6155494241758,0.21215921173076924,13.978021978021978,22.5736296,88.3251045
2015-08-27,Jalpaiguri,0.0,0.0,298.0283333333333,1.2871520732555555,24.767441860465116,26.4733048,88.67886686
2015-08-27,Malda,0.0,0.0,301.35555555555555,0.12128536957333333,16.333333333333332,25.0057449,88.1398483
2015-08-27,Murshidabad,0.0,0.0,301.6875,0.16988843015833333,6.0,24.1745993,88.2721335
2015-08-27,Nadia,0.0,0.0,299.47076923076924,0.6816025682230769,11.0,23.484541249999996,88.55676307
2015-08-27,North 24 Parganas,0.0,0.0,300.82522222222224,0.6935262827444444,10.25,22.642931,88.8930579
2015-08-27,Paschim Medinipur,0.0,0.0,303.04114285714286,0.08863155752306123,5.625,22.3599134,87.41331448
2015-08-27,Purba Medinipur,41.0,0.0,302.11,0.6464243981,6.0,22.06217445,87.83672383
2015-08-27,Purulia,0.0,0.0,303.40000000000003,0.5356093389,4.0,23.3291882,86.3672378
2015-08-27,South 24 Parganas,0.0,0.0,303.60400000000004,0.7075943093,19.0,22.5760669,88.42006758
2015-08-27,Uttar Dinajpur,0.0,0.0,298.97,0.001412002241,,25.8707958,87.96259728
2015-08-28,Bankura,0.0,0.0,301.55973770491806,0.49398383179999994,5.0,23.13195425,87.2073972
2015-08-28,Bardhaman,0.0,0.0,300.9866666,0.0709529131,5.0,23.41146995,87.84499445
2015-08-28,Birbhum,0.0,0.0,301.78400000000005,0.9455335087633334,20.6,24.0,87.583333
2015-08-28,Burdwan,0.0,0.0,304.3381482111111,0.1502367266000002,19.38095238095238,23.2495714,87.8681751
2015-08-28,Dakshin Dinajpur,0.0,0.0,300.9133334,0.03306367674,14.0,25.38703085,88.50471505
2015-08-28,"Darjeeling, Jalpaiguri",0.0,0.0,300.0933334,1.789624224,7.0,26.8735351,88.6131918
2015-08-28,Hooghly,0.0,0.0,300.55857142857144,0.15065780159285716,11.31578947368421,22.9052114,88.3760639
2015-08-28,Howrah,0.0,0.0,302.58084246373625,0.21363594095384617,14.032967032967033,22.5736296,88.3251045
2015-08-28,Jalpaiguri,0.0,0.0,297.7366666666667,1.3499153282444443,25.25581395348837,26.4733048,88.67886686
2015-08-28,Malda,0.0,0.0,301.32444444444445,0.13792053587416667,16.416666666666668,25.0057449,88.1398483
2015-08-28,Murshidabad,0.0,0.0,301.645,0.2092626516211111,6.0,24.1745993,88.2721335
2015-08-28,Nadia,364.0,0.0,299.32,0.7176648537,11.0,23.484541249999996,88.55676307
2015-08-28,North 24 Parganas,0.0,0.0,300.6731111111111,0.6800033404222222,10.5,22.642931,88.8930579
2015-08-28,Paschim Medinipur,0.0,0.0,303.02628571428573,0.08053693233755105,5.5,22.3599134,87.41331448
2015-08-28,Purba Medinipur,0.0,0.0,302.14,0.6556606644666666,5.961538461538462,22.06217445,87.83672383
2015-08-28,Purulia,0.0,0.0,303.40000000000003,0.5356093389,4.0,23.3291882,86.3672378
2015-08-28,South 24 Parganas,0.0,0.0,303.60400000000004,0.7075943093,19.0,22.5760669,88.42006758
2015-08-28,Uttar Dinajpur,0.0,0.0,298.97,0.001412002241,,25.8707958,87.96259728
2015-09-11,Bankura,0.0,0.0,301.527131147541,0.4806479709,5.0,23.13195425,87.2073972
2015-09-11,Bardhaman,0.0,0.0,300.9866666,0.0709529131,5.0,23.41146995,87.84499445
2015-09-11,Birbhum,0.0,0.0,301.94933333333336,1.0912840551755556,21.733333333333334,24.0,87.583333
2015-09-11,Burdwan,72.0,0.0,304.3333334,0.0797010194,20.0,23.2495714,87.8681751
2015-09-11,Dakshin Dinajpur,0.0,0.0,300.9133334,0.03306367674,14.0,25.38703085,88.50471505
2015-09-11,"Darjeeling, Jalpaiguri",0.0,0.0,300.0933334,1.789624224,7.0,26.8735351,88.6131918
2015-09-11,Hooghly,0.0,0.0,300.07142857142856,0.20084893545714286,11.421052631578947,22.9052114,88.3760639
2015-09-11,Howrah,0.0,0.0,302.54613550329674,0.2151126701769231,14.087912087912088,22.5736296,88.3251045
2015-09-11,Jalpaiguri,0.0,0.0,297.445,1.412678583233333,25.74418604651163,26.4733048,88.67886686
2015-09-11,Malda,0.0,0.0,301.29333333333335,0.154555702175,16.5,25.0057449,88.1398483
2015-09-11,Murshidabad,0.0,0.0,301.6025,0.24863687308388888,6.0,24.1745993,88.2721335
2015-09-11,Nadia,0.0,0.0,299.48266666666666,0.7101459223133333,11.0,23.484541249999996,88.55676307
2015-09-11,North 24 Parganas,0.0,0.0,300.52099999999996,0.6664803981,10.75,22.642931,88.8930579
2015-09-11,Paschim Medinipur,0.0,0.0,303.01142857142855,0.07244230715204086,5.375,22.3599134,87.41331448
2015-09-11,Purba Medinipur,0.0,0.0,302.17,0.6648969308333333,5.923076923076923,22.06217445,87.83672383
2015-09-11,Purulia,0.0,0.0,303.40000000000003,0.5356093389,4.0,23.3291882,86.3672378
2015-09-11,South 24 Parganas,0.0,0.0,303.60400000000004,0.7075943093,19.0,22.5760669,88.42006758
2015-09-11,Uttar Dinajpur,0.0,0.0,298.97,0.001412002241,,25.8707958,87.96259728
2015-09-22,Bankura,0.0,0.0,301.49452459016396,0.46731210999999995,5.0,23.13195425,87.2073972
2015-09-22,Bardhaman,0.0,0.0,300.9866666,0.0709529131,5.0,23.41146995,87.84499445
2015-09-22,Birbhum,0.0,0.0,302.1146666666667,1.2370346015877778,22.866666666666667,24.0,87.583333
2015-09-22,Burdwan,0.0,0.0,304.3333334,0.0797010194,20.0,23.2495714,87.8681751
2015-09-22,Dakshin Dinajpur,0.0,0.0,300.9133334,0.03306367674,14.0,25.38703085,88.50471505
2015-09-22,"Darjeeling, Jalpaiguri",0.0,0.0,300.0933334,1.789624224,7.0,26.8735351,88.6131918
2015-09-22,Hooghly,0.0,0.0,299.58428571428567,0.2510400693214285,11.526315789473685,22.9052114,88.3760639
2015-09-22,Howrah,0.0,0.0,302.5114285428572,0.2165893994,14.142857142857142,22.5736296,88.3251045
2015-09-22,Jalpaiguri,0.0,0.0,297.1533333333333,1.475441838222222,26.232558139534884,26.4733048,88.67886686
2015-09-22,Malda,0.0,0.0,301.26222222222225,0.17119086847583334,16.583333333333332,25.0057449,88.1398483
2015-09-22,Murshidabad,0.0,0.0,301.56,0.2880110945466666,6.0,24.1745993,88.2721335
2015-09-22,Nadia,0.0,0.0,299.6453333333333,0.7026269909266667,11.0,23.484541249999996,88.55676307
2015-09-22,North 24 Parganas,0.0,0.0,300.3688888888889,0.6529574557777778,11.0,22.642931,88.8930579
2015-09-22,Paschim Medinipur,0.0,0.0,302.99657142857143,0.06434768196653062,5.25,22.3599134,87.41331448
2015-09-22,Purba Medinipur,40.0,0.0,302.2,0.6741331972,5.884615384615385,22.06217445,87.83672383
2015-09-22,Purulia,0.0,0.0,303.40000000000003,0.5356093389,4.0,23.3291882,86.3672378
2015-09-22,South 24 Parganas,0.0,0.0,303.60400000000004,0.7075943093,19.0,22.5760669,88.42006758
2015-09-22,Uttar Dinajpur,0.0,0.0,298.97,0.001412002241,,25.8707958,87.96259728
2015-09-24,Bankura,0.0,0.0,301.4619180327869,0.4539762491,5.0,23.13195425,87.2073972
2015-09-24,Bardhaman,0.0,0.0,300.9866666,0.0709529131,5.0,23.41146995,87.84499445
2015-09-24,Birbhum,138.0,0.0,302.28000000000003,1.382785148,24.0,24.0,87.583333
2015-09-24,Burdwan,0.0,0.0,304.3333334,0.0797010194,20.0,23.2495714,87.8681751
2015-09-24,Dakshin Dinajpur,0.0,0.0,300.9133334,0.03306367674,14.0,25.38703085,88.50471505
2015-09-24,"Darjeeling, Jalpaiguri",0.0,0.0,300.0933334,1.789624224,7.0,26.8735351,88.6131918
2015-09-24,Hooghly,0.0,0.0,299.09714285714284,0.3012312031857143,11.631578947368421,22.9052114,88.3760639
2015-09-24,Howrah,0.0,0.0,302.4767215824176,0.21806612862307695,14.197802197802197,22.5736296,88.3251045
2015-09-24,Jalpaiguri,0.0,0.0,296.8616666666667,1.5382050932111109,26.72093023255814,26.4733048,88.67886686
2015-09-24,Malda,0.0,0.0,301.23111111111115,0.18782603477666668,16.666666666666668,25.0057449,88.1398483
2015-09-24,Murshidabad,0.0,0.0,301.5175,0.3273853160094444,6.0,24.1745993,88.2721335
2015-09-24,Nadia,0.0,0.0,299.808,0.69510805954,11.0,23.484541249999996,88.55676307
2015-09-24,North 24 Parganas,0.0,0.0,300.2167777777778,0.6394345134555556,11.25,22.642931,88.8930579
2015-09-24,Paschim Medinipur,0.0,0.0,302.9817142857143,0.05625305678102044,5.125,22.3599134,87.41331448
2015-09-24,Purba Medinipur,0.0,0.0,302.2385714285714,0.7143070394956521,5.846153846153846,22.06217445,87.83672383
2015-09-24,Purulia,0.0,0.0,303.40000000000003,0.5356093389,4.0,23.3291882,86.3672378
2015-09-24,South 24 Parganas,0.0,0.0,303.60400000000004,0.7075943093,19.0,22.5760669,88.42006758
2015-09-24,Uttar Dinajpur,0.0,0.0,298.97,0.001412002241,,25.8707958,87.96259728
2015-10-05,Bankura,0.0,0.0,301.42931147540986,0.44064038819999995,5.0,23.13195425,87.2073972
2015-10-05,Bardhaman,0.0,0.0,300.9866666,0.0709529131,5.0,23.41146995,87.84499445
2015-10-05,Birbhum,570.0,0.0,302.76,0.0597272682,26.0,24.0,87.583333
2015-10-05,Burdwan,0.0,0.0,304.3333334,0.0797010194,20.0,23.2495714,87.8681751
2015-10-05,Dakshin Dinajpur,0.0,0.0,300.9133334,0.03306367674,14.0,25.38703085,88.50471505
2015-10-05,"Darjeeling, Jalpaiguri",0.0,0.0,300.0933334,1.789624224,7.0,26.8735351,88.6131918
2015-10-05,Hooghly,0.0,0.0,298.61,0.35142233705,11.736842105263158,22.9052114,88.3760639
2015-10-05,Howrah,0.0,0.0,302.44201462197805,0.21954285784615385,14.252747252747252,22.5736296,88.3251045
2015-10-05,Jalpaiguri,0.0,0.0,296.57,1.6009683482,27.209302325581394,26.4733048,88.67886686
2015-10-05,Malda,0.0,0.0,301.20000000000005,0.20446120107750002,16.75,25.0057449,88.1398483
2015-10-05,Murshidabad,0.0,0.0,301.475,0.36675953747222223,6.0,24.1745993,88.2721335
2015-10-05,Nadia,0.0,0.0,299.97066666666666,0.6875891281533333,11.0,23.484541249999996,88.55676307
2015-10-05,North 24 Parganas,0.0,0.0,300.06466666666665,0.6259115711333333,11.5,22.642931,88.8930579
2015-10-05,Paschim Medinipur,0.0,0.0,302.9668571428571,0.048158431595510254,5.0,22.3599134,87.41331448
2015-10-05,Purba Medinipur,0.0,0.0,302.27714285714285,0.7544808817913043,5.8076923076923075,22.06217445,87.83672383
2015-10-05,Purulia,0.0,0.0,303.40000000000003,0.5356093389,4.0,23.3291882,86.3672378
2015-10-05,South 24 Parganas,0.0,0.0,303.60400000000004,0.7075943093,19.0,22.5760669,88.42006758
2015-10-05,Uttar Dinajpur,0.0,0.0,298.97,0.001412002241,,25.8707958,87.96259728
2015-10-23,Bankura,0.0,0.0,301.3967049180328,0.4273045272999999,5.0,23.13195425,87.2073972
2015-10-23,Bardhaman,0.0,0.0,300.9866666,0.0709529131,5.0,23.41146995,87.84499445
2015-10-23,Birbhum,0.0,0.0,302.942,0.085810039305,24.9,24.0,87.583333
2015-10-23,Burdwan,0.0,0.0,304.3333334,0.0797010194,20.0,23.2495714,87.8681751
2015-10-23,Dakshin Dinajpur,0.0,0.0,300.9133334,0.03306367674,14.0,25.38703085,88.50471505
2015-10-23,"Darjeeling, Jalpaiguri",0.0,0.0,300.0933334,1.789624224,7.0,26.8735351,88.6131918
2015-10-23,Hooghly,0.0,0.0,298.12285714285713,0.4016134709142857,11.842105263157894,22.9052114,88.3760639
2015-10-23,Howrah,0.0,0.0,302.4073076615385,0.22101958706923078,14.307692307692307,22.5736296,88.3251045
2015-10-23,Jalpaiguri,0.0,0.0,296.2783333333333,1.6637316031888887,27.69767441860465,26.473304800000005,88.67886686000001
2015-10-23,Malda,0.0,0.0,301.1688888888889,0.22109636737833335,16.833333333333332,25.0057449,88.1398483
2015-10-23,Murshidabad,0.0,0.0,301.4325,0.40613375893500003,6.0,24.1745993,88.2721335
2015-10-23,Nadia,0.0,0.0,300.1333333333333,0.6800701967666667,11.0,23.484541249999996,88.55676307
2015-10-23,North 24 Parganas,0.0,0.0,299.9125555555555,0.6123886288111111,11.75,22.642931,88.8930579
2015-10-23,Paschim Medinipur,87.0,0.0,302.952,0.04006380641,4.875,22.3599134,87.41331448
2015-10-23,Purba Medinipur,0.0,0.0,302.31571428571425,0.7946547240869566,5.769230769230769,22.06217445,87.83672383
2015-10-23,Purulia,0.0,0.0,303.40000000000003,0.5356093389,4.0,23.3291882,86.3672378
2015-10-23,South 24 Parganas,0.0,0.0,303.60400000000004,0.7075943093,19.0,22.5760669,88.42006758
2015-10-23,Uttar Dinajpur,0.0,0.0,298.97,0.001412002241,,25.8707958,87.96259728
2015-11-03,Bankura,0.0,0.0,301.36409836065576,0.41396866639999996,5.0,23.13195425,87.2073972
2015-11-03,Bardhaman,0.0,0.0,300.9866666,0.0709529131,5.0,23.41146995,87.84499445
2015-11-03,Birbhum,0.0,0.0,303.124,0.11189281041000002,23.8,24.0,87.583333
2015-11-03,Burdwan,0.0,0.0,304.3333334,0.0797010194,20.0,23.2495714,87.8681751
2015-11-03,Dakshin Dinajpur,100.0,0.0,300.9133334,0.03306367674,14.0,25.38703085,88.50471505
2015-11-03,"Darjeeling, Jalpaiguri",0.0,0.0,300.0933334,1.789624224,7.0,26.8735351,88.6131918
2015-11-03,Hooghly,0.0,0.0,297.63571428571424,0.4518046047785714,11.947368421052632,22.9052114,88.3760639
2015-11-03,Howrah,0.0,0.0,302.3726007010989,0.2224963162923077,14.362637362637363,22.5736296,88.3251045
2015-11-03,Jalpaiguri,0.0,0.0,295.9866666666667,1.7264948581777777,28.186046511627907,26.473304800000005,88.67886686000001
2015-11-03,Malda,0.0,0.0,301.1377777777778,0.2377315336791667,16.916666666666668,25.0057449,88.1398483
2015-11-03,Murshidabad,0.0,0.0,301.39,0.4455079803977777,6.0,24.1745993,88.2721335
2015-11-03,Nadia,0.0,0.0,300.296,0.67255126538,11.0,23.484541249999996,88.55676307
2015-11-03,North 24 Parganas,0.0,0.0,299.76044444444443,0.5988656864888888,12.0,22.642931,88.8930579
2015-11-03,Paschim Medinipur,0.0,0.0,302.9567407407407,0.08302661610857143,4.75,22.3599134,87.41331448
2015-11-03,Purba Medinipur,0.0,0.0,302.3542857142857,0.8348285663826087,5.730769230769231,22.06217445,87.83672383
2015-11-03,Purulia,0.0,0.0,303.40000000000003,0.5356093389,4.0,23.3291882,86.3672378
2015-11-03,South 24 Parganas,0.0,0.0,303.60400000000004,0.7075943093,19.0,22.5760669,88.42006758
2015-11-03,Uttar Dinajpur,0.0,0.0,298.97,0.001412002241,,25.8707958,87.96259728
2015-12-08,Bankura,0.0,0.0,301.3314918032787,0.4006328054999999,5.0,23.13195425,87.2073972
2015-12-08,Bardhaman,59.0,0.0,300.9866666,0.0709529131,5.0,23.41146995,87.84499445
2015-12-08,Birbhum,0.0,0.0,303.306,0.137975581515,22.7,24.0,87.583333
2015-12-08,Burdwan,0.0,0.0,304.3333334,0.0797010194,20.0,23.2495714,87.8681751
2015-12-08,Dakshin Dinajpur,0.0,0.0,301.03100006,0.090384271366,14.5,25.38703085,88.50471505
2015-12-08,"Darjeeling, Jalpaiguri",0.0,0.0,300.0933334,1.789624224,7.0,26.8735351,88.6131918
2015-12-08,Hooghly,0.0,0.0,297.1485714285714,0.5019957386428571,12.052631578947368,22.9052114,88.3760639
2015-12-08,Howrah,0.0,0.0,302.33789374065935,0.22397304551538463,14.417582417582418,22.5736296,88.3251045
2015-12-08,Jalpaiguri,0.0,0.0,295.695,1.7892581131666665,28.674418604651162,26.473304800000005,88.67886686000001
2015-12-08,Malda,0.0,0.0,301.1066666666667,0.25436669998,17.0,25.0057449,88.1398483
2015-12-08,Murshidabad,0.0,0.0,301.3475,0.48488220186055553,6.0,24.1745993,88.2721335
2015-12-08,Nadia,0.0,0.0,300.45866666666666,0.6650323339933333,11.0,23.484541249999996,88.55676307
2015-12-08,North 24 Parganas,0.0,0.0,299.60833333333335,0.5853427441666667,12.25,22.642931,88.8930579
2015-12-08,Paschim Medinipur,0.0,0.0,302.9614814814815,0.12598942580714284,4.625,22.3599134,87.41331448
2015-12-08,Purba Medinipur,0.0,0.0,302.3928571428571,0.8750024086782608,5.6923076923076925,22.06217445,87.83672383
2015-12-08,Purulia,0.0,0.0,303.40000000000003,0.5356093389,4.0,23.3291882,86.3672378
2015-12-08,South 24 Parganas,0.0,0.0,303.60400000000004,0.7075943093,19.0,22.5760669,88.42006758
2015-12-08,Uttar Dinajpur,0.0,0.0,298.97,0.001412002241,,25.8707958,87.96259728
2016-02-23,Bankura,0.0,0.0,301.29888524590166,0.38729694459999997,5.0,23.13195425,87.2073972
2016-02-23,Bardhaman,0.0,0.0,300.9866666,0.0709529131,5.0,23.41146995,87.84499445
2016-02-23,Birbhum,0.0,0.0,303.488,0.16405835262000001,21.6,24.0,87.583333
2016-02-23,Burdwan,0.0,0.0,304.3333334,0.0797010194,20.0,23.2495714,87.8681751
2016-02-23,Dakshin Dinajpur,0.0,0.0,301.14866672,0.147704865992,15.0,25.38703085,88.50471505
2016-02-23,"Darjeeling, Jalpaiguri",0.0,0.0,300.0933334,1.789624224,7.0,26.8735351,88.6131918
2016-02-23,Hooghly,0.0,0.0,296.6614285714286,0.5521868725071428,12.157894736842106,22.9052114,88.3760639
2016-02-23,Howrah,0.0,0.0,302.3031867802198,0.22544977473846156,14.472527472527473,22.5736296,88.3251045
2016-02-23,Jalpaiguri,0.0,0.0,295.4033333333333,1.8520213681555553,29.162790697674417,26.473304800000005,88.67886686000001
2016-02-23,Malda,0.0,0.0,301.0755555555556,0.27100186628083334,17.083333333333332,25.0057449,88.1398483
2016-02-23,Murshidabad,0.0,0.0,301.305,0.5242564233233333,6.0,24.1745993,88.2721335
2016-02-23,Nadia,0.0,0.0,300.6213333333333,0.6575134026066667,11.0,23.48454125,88.55676307
2016-02-23,North 24 Parganas,0.0,0.0,299.4562222222222,0.5718198018444445,12.5,22.642931,88.8930579
2016-02-23,Paschim Medinipur,0.0,0.0,302.9662222222222,0.1689522355057143,4.5,22.3599134,87.41331448
2016-02-23,Purba Medinipur,0.0,0.0,302.43142857142857,0.9151762509739131,5.653846153846154,22.06217445,87.83672383
2016-02-23,Purulia,0.0,0.0,303.40000000000003,0.5356093389,4.0,23.3291882,86.3672378
2016-02-23,South 24 Parganas,0.0,0.0,303.60400000000004,0.7075943093,19.0,22.5760669,88.42006758
2016-02-23,Uttar Dinajpur,140.0,0.0,298.97,0.001412002241,,25.8707958,87.96259728
2016-06-09,Bankura,0.0,0.0,301.2662786885246,0.3739610836999999,5.0,23.13195425,87.2073972
2016-06-09,Bardhaman,0.0,0.0,300.9866666,0.0709529131,5.0,23.41146995,87.84499445
2016-06-09,Birbhum,0.0,0.0,303.67,0.19014112372500003,20.5,24.0,87.583333
2016-06-09,Burdwan,0.0,0.0,304.3333334,0.0797010194,20.0,23.2495714,87.8681751
2016-06-09,Dakshin Dinajpur,0.0,0.0,301.26633338,0.20502546061799998,15.5,25.38703085,88.50471505
2016-06-09,"Darjeeling, Jalpaiguri",0.0,0.0,300.0933334,1.789624224,7.0,26.8735351,88.6131918
2016-06-09,Hooghly,0.0,0.0,296.1742857142857,0.6023780063714286,12.263157894736842,22.9052114,88.3760639
2016-06-09,Howrah,0.0,0.0,302.2684798197802,0.22692650396153846,14.527472527472527,22.5736296,88.3251045
2016-06-09,Jalpaiguri,0.0,0.0,295.1116666666667,1.9147846231444443,29.651162790697676,26.473304800000005,88.67886686000001
2016-06-09,Malda,0.0,0.0,301.0444444444445,0.2876370325816667,17.166666666666668,25.0057449,88.1398483
2016-06-09,Murshidabad,0.0,0.0,301.2625,0.5636306447861111,6.0,24.1745993,88.2721335
2016-06-09,Nadia,0.0,0.0,300.784,0.64999447122,11.0,23.48454125,88.55676307
2016-06-09,North 24 Parganas,0.0,0.0,299.30411111111107,0.5582968595222222,12.75,22.642931,88.8930579
2016-06-09,Paschim Medinipur,0.0,0.0,302.970962962963,0.21191504520428572,4.375,22.3599134,87.41331448
2016-06-09,Purba Medinipur,0.0,0.0,302.46999999999997,0.9553500932695653,5.615384615384615,22.06217445,87.83672383
2016-06-09,Purulia,0.0,0.0,303.40000000000003,0.5356093389,4.0,23.3291882,86.3672378
2016-06-09,South 24 Parganas,57.0,0.0,303.60400000000004,0.7075943093,19.0,22.5760669,88.42006758
2016-06-09,Uttar Dinajpur,0.0,0.0,298.97,0.001412002241,,25.8707958,87.96259728
2016-06-10,Bankura,0.0,0.0,301.23367213114756,0.3606252228,5.0,23.13195425,87.2073972
2016-06-10,Bardhaman,0.0,0.0,300.9866666,0.0709529131,5.0,23.41146995,87.84499445
2016-06-10,Birbhum,0.0,0.0,303.852,0.21622389483000004,19.4,24.0,87.583333
2016-06-10,Burdwan,0.0,0.0,304.3333334,0.0797010194,20.0,23.2495714,87.8681751
2016-06-10,Dakshin Dinajpur,0.0,0.0,301.38400004,0.262346055244,16.0,25.38703085,88.50471505
2016-06-10,"Darjeeling, Jalpaiguri",0.0,0.0,300.0933334,1.789624224,7.0,26.8735351,88.6131918
2016-06-10,Hooghly,0.0,0.0,295.6871428571428,0.6525691402357142,12.368421052631579,22.9052114,88.3760639
2016-06-10,Howrah,0.0,0.0,302.23377285934066,0.22840323318461542,14.582417582417582,22.5736296,88.3251045
2016-06-10,Jalpaiguri,0.0,0.0,294.82,1.977547878133333,30.13953488372093,26.473304800000005,88.67886686000001
2016-06-10,Malda,0.0,0.0,301.0133333333333,0.3042721988825,17.25,25.0057449,88.1398483
2016-06-10,Murshidabad,0.0,0.0,301.22,0.6030048662488888,6.0,24.1745993,88.2721335
2016-06-10,Nadia,0.0,0.0,300.94666666666666,0.6424755398333333,11.0,23.48454125,88.55676307
2016-06-10,North 24 Parganas,598.0,0.0,299.152,0.5447739172,13.0,22.642931,88.8930579
2016-06-10,Paschim Medinipur,0.0,0.0,302.9757037037037,0.25487785490285714,4.25,22.3599134,87.41331448
2016-06-10,Purba Medinipur,0.0,0.0,302.50857142857143,0.9955239355652175,5.576923076923077,22.06217445,87.83672383
2016-06-10,Purulia,0.0,0.0,303.40000000000003,0.5356093389,4.0,23.3291882,86.3672378
2016-06-10,South 24 Parganas,0.0,0.0,303.3676363636364,0.7119446566545454,19.0,22.5760669,88.42006758
2016-06-10,Uttar Dinajpur,0.0,0.0,298.97,0.001412002241,,25.8707958,87.96259728
2016-07-11,Bankura,0.0,0.0,301.2010655737705,0.3472893618999999,5.0,23.13195425,87.2073972
2016-07-11,Bardhaman,0.0,0.0,300.9866666,0.0709529131,5.0,23.41146995,87.84499445
2016-07-11,Birbhum,0.0,0.0,304.034,0.242306665935,18.299999999999997,24.0,87.583333
2016-07-11,Burdwan,0.0,0.0,304.3333334,0.0797010194,20.0,23.2495714,87.8681751
2016-07-11,Dakshin Dinajpur,0.0,0.0,301.5016667,0.31966664987,16.5,25.38703085,88.50471505
2016-07-11,"Darjeeling, Jalpaiguri",0.0,0.0,300.0933334,1.789624224,7.0,26.8735351,88.6131918
2016-07-11,Hooghly,8235.0,0.0,295.2,0.7027602741,12.473684210526315,22.9052114,88.3760639
2016-07-11,Howrah,0.0,0.0,302.1990658989011,0.22987996240769232,14.637362637362637,22.5736296,88.3251045
2016-07-11,Jalpaiguri,0.0,0.0,294.5283333333333,2.0403111331222217,30.627906976744185,26.473304800000005,88.67886686000001
2016-07-11,Malda,0.0,0.0,300.9822222222222,0.32090736518333335,17.333333333333332,25.0057449,88.1398483
2016-07-11,Murshidabad,0.0,0.0,301.1775,0.6423790877116666,6.0,24.1745993,88.2721335
2016-07-11,Nadia,0.0,0.0,301.1093333333333,0.6349566084466667,11.0,23.48454125,88.55676307
2016-07-11,North 24 Parganas,0.0,0.0,299.57466666666664,0.6606038189666668,11.333333333333334,22.642931,88.8930579
2016-07-11,Paschim Medinipur,0.0,0.0,302.98044444444446,0.2978406646014286,4.125,22.3599134,87.41331448
2016-07-11,Purba Medinipur,0.0,0.0,302.54714285714283,1.0356977778608696,5.538461538461538,22.06217445,87.83672383
2016-07-11,Purulia,0.0,0.0,303.40000000000003,0.5356093389,4.0,23.3291882,86.3672378
2016-07-11,South 24 Parganas,0.0,0.0,303.13127272727274,0.716295004009091,19.0,22.5760669,88.42006758
2016-07-11,Uttar Dinajpur,0.0,0.0,298.97,0.001412002241,,25.8707958,87.96259728
2016-07-15,Bankura,0.0,0.0,301.16845901639346,0.333953501,5.0,23.13195425,87.2073972
2016-07-15,Bardhaman,0.0,0.0,300.9866666,0.0709529131,5.0,23.41146995,87.84499445
2016-07-15,Birbhum,0.0,0.0,304.216,0.26838943704,17.2,24.0,87.583333
2016-07-15,Burdwan,0.0,0.0,304.3333334,0.0797010194,20.0,23.2495714,87.8681751
2016-07-15,Dakshin Dinajpur,0.0,0.0,301.61933336000004,0.37698724449599996,17.0,25.38703085,88.50471505
2016-07-15,"Darjeeling, Jalpaiguri",0.0,0.0,300.0933334,1.789624224,7.0,26.8735351,88.6131918
2016-07-15,Hooghly,0.0,0.0,296.2733333333333,0.9269554122799999,12.578947368421053,22.9052114,88.3760639
2016-07-15,Howrah,0.0,0.0,302.16435893846153,0.23135669163076925,14.692307692307692,22.5736296,88.3251045
2016-07-15,Jalpaiguri,0.0,0.0,294.2366666666667,2.1030743881111107,31.11627906976744,26.473304800000005,88.67886686000001
2016-07-15,Malda,0.0,0.0,300.9511111111111,0.3375425314841667,17.416666666666668,25.0057449,88.1398483
2016-07-15,Murshidabad,0.0,0.0,301.135,0.6817533091744444,6.0,24.1745993,88.2721335
2016-07-15,Nadia,0.0,0.0,301.272,0.62743767706,11.0,23.48454125,88.55676307
2016-07-15,North 24 Parganas,0.0,0.0,299.99733333333336,0.7764337207333334,9.666666666666666,22.642931,88.89305789999999
2016-07-15,Paschim Medinipur,3330.0,4.0,302.9851851851852,0.3408034743,4.0,22.3599134,87.41331448
2016-07-15,Purba Medinipur,0.0,0.0,302.5857142857143,1.075871620156522,5.5,22.06217445,87.83672383
2016-07-15,Purulia,0.0,0.0,303.40000000000003,0.5356093389,4.0,23.3291882,86.3672378
2016-07-15,South 24 Parganas,0.0,0.0,302.89490909090915,0.7206453513636364,19.0,22.5760669,88.42006758
2016-07-15,Uttar Dinajpur,0.0,0.0,298.97,0.001412002241,,25.8707958,87.96259728
2016-08-10,Bankura,0.0,0.0,301.1358524590164,0.32061764009999993,5.0,23.13195425,87.2073972
2016-08-10,Bardhaman,0.0,0.0,300.9866666,0.0709529131,5.0,23.41146995,87.84499445
2016-08-10,Birbhum,0.0,0.0,304.398,0.294472208145,16.1,24.0,87.583333
2016-08-10,Burdwan,0.0,0.0,304.3333334,0.0797010194,20.0,23.2495714,87.8681751
2016-08-10,Dakshin Dinajpur,0.0,0.0,301.73700002000004,0.434307839122,17.5,25.38703085,88.50471505
2016-08-10,"Darjeeling, Jalpaiguri",0.0,0.0,300.0933334,1.789624224,7.0,26.8735351,88.6131918
2016-08-10,Hooghly,0.0,0.0,297.34666666666664,1.15115055046,12.68421052631579,22.9052114,88.3760639
2016-08-10,Howrah,0.0,0.0,302.12965197802197,0.23283342085384617,14.747252747252748,22.5736296,88.3251045
2016-08-10,Jalpaiguri,0.0,0.0,293.945,2.1658376430999997,31.604651162790695,26.473304800000005,88.67886686000001
2016-08-10,Malda,0.0,0.0,300.92,0.354177697785,17.5,25.0057449,88.1398483
2016-08-10,Murshidabad,0.0,0.0,301.09250000000003,0.7211275306372222,6.0,24.1745993,88.2721335
2016-08-10,Nadia,0.0,0.0,301.43466666666666,0.6199187456733333,11.0,23.48454125,88.55676307
2016-08-10,North 24 Parganas,808.0,3.0,300.42,0.8922636225000001,8.0,22.642931,88.89305789999999
2016-08-10,Paschim Medinipur,0.0,0.0,302.98992592592595,0.34169030624,4.45,22.3599134,87.41331448
2016-08-10,Purba Medinipur,0.0,0.0,302.6242857142857,1.116045462452174,5.461538461538462,22.06217445,87.83672383
2016-08-10,Purulia,0.0,0.0,303.40000000000003,0.5356093389,4.0,23.3291882,86.3672378
2016-08-10,South 24 Parganas,0.0,0.0,302.6585454545455,0.7249956987181818,19.0,22.5760669,88.42006758
2016-08-10,Uttar Dinajpur,0.0,0.0,298.97,0.001412002241,,25.8707958,87.96259728
2016-08-17,Bankura,0.0,0.0,301.10324590163935,0.3072817792,5.0,23.13195425,87.2073972
2016-08-17,Bardhaman,0.0,0.0,300.9866666,0.0709529131,5.0,23.41146995,87.84499445
2016-08-17,Birbhum,0.0,0.0,304.58000000000004,0.32055497925000004,15.0,24.0,87.583333
2016-08-17,Burdwan,0.0,0.0,304.3333334,0.0797010194,20.0,23.2495714,87.8681751
2016-08-17,Dakshin Dinajpur,0.0,0.0,301.85466668000004,0.49162843374799997,18.0,25.38703085,88.50471505
2016-08-17,"Darjeeling, Jalpaiguri",0.0,0.0,300.0933334,1.789624224,7.0,26.8735351,88.6131918
2016-08-17,Hooghly,0.0,0.0,298.41999999999996,1.37534568864,12.789473684210526,22.9052114,88.3760639
2016-08-17,Howrah,0.0,0.0,302.0949450175824,0.23431015007692307,14.802197802197803,22.5736296,88.3251045
2016-08-17,Jalpaiguri,0.0,0.0,293.6533333333333,2.2286008980888883,32.093023255813954,26.473304800000005,88.67886686000001
2016-08-17,Malda,0.0,0.0,300.8888888888889,0.37081286408583336,17.583333333333332,25.0057449,88.1398483
2016-08-17,Murshidabad,562.0,0.0,301.05,0.7605017521,6.0,24.1745993,88.2721335
2016-08-17,Nadia,0.0,0.0,301.5973333333333,0.6123998142866667,11.0,23.48454125,88.55676307
2016-08-17,North 24 Parganas,0.0,0.0,300.22,0.8749206190615386,7.846153846153846,22.642931,88.89305789999999
2016-08-17,Paschim Medinipur,0.0,0.0,302.99466666666666,0.34257713818,4.9,22.3599134,87.41331448
2016-08-17,Purba Medinipur,0.0,0.0,302.66285714285715,1.1562193047478262,5.423076923076923,22.06217445,87.83672383
2016-08-17,Purulia,0.0,0.0,303.40000000000003,0.5356093389,4.0,23.3291882,86.3672378
2016-08-17,South 24 Parganas,0.0,0.0,302.42218181818185,0.7293460460727272,19.0,22.5760669,88.42006758
2016-08-17,Uttar Dinajpur,0.0,0.0,298.97,0.001412002241,,25.8707958,87.96259728
2016-08-18,Bankura,0.0,0.0,301.0706393442623,0.29394591829999994,5.0,23.13195425,87.2073972
2016-08-18,Bardhaman,0.0,0.0,300.9866666,0.0709529131,5.0,23.41146995,87.84499445
2016-08-18,Birbhum,0.0,0.0,304.762,0.34663775035500005,13.899999999999999,24.0,87.583333
2016-08-18,Burdwan,0.0,0.0,304.3333334,0.0797010194,20.0,23.2495714,87.8681751
2016-08-18,Dakshin Dinajpur,0.0,0.0,301.97233334000003,0.548949028374,18.5,25.38703085,88.50471505
2016-08-18,"Darjeeling, Jalpaiguri",0.0,0.0,300.0933334,1.789624224,7.0,26.8735351,88.6131918
2016-08-18,Hooghly,0.0,0.0,299.49333333333334,1.5995408268199998,12.894736842105264,22.9052114,88.3760639
2016-08-18,Howrah,0.0,0.0,302.06023805714284,0.23578687930000003,14.857142857142858,22.5736296,88.3251045
2016-08-18,Jalpaiguri,0.0,0.0,293.3616666666667,2.2913641530777773,32.581395348837205,26.473304800000005,88.67886686000001
2016-08-18,Malda,0.0,0.0,300.8577777777778,0.3874480303866667,17.666666666666668,25.0057449,88.1398483
2016-08-18,Murshidabad,0.0,0.0,300.99916667,0.7409871221750001,6.2,24.1745993,88.2721335
2016-08-18,Nadia,162.0,0.0,301.76,0.6048808829,11.0,23.48454125,88.55676307
2016-08-18,North 24 Parganas,0.0,0.0,300.02000000000004,0.8575776156230771,7.6923076923076925,22.642931,88.89305789999999
2016-08-18,Paschim Medinipur,0.0,0.0,302.9994074074074,0.34346397012,5.35,22.3599134,87.41331448
2016-08-18,Purba Medinipur,0.0,0.0,302.70142857142855,1.1963931470434783,5.384615384615385,22.06217445,87.83672383
2016-08-18,Purulia,0.0,0.0,303.40000000000003,0.5356093389,4.0,23.3291882,86.3672378
2016-08-18,South 24 Parganas,0.0,0.0,302.1858181818182,0.7336963934272728,19.0,22.5760669,88.42006758
2016-08-18,Uttar Dinajpur,0.0,0.0,298.97,0.001412002241,,25.8707958,87.96259728
2016-08-23,Bankura,0.0,0.0,301.03803278688525,0.2806100573999999,5.0,23.13195425,87.2073972
2016-08-23,Bardhaman,0.0,0.0,300.9866666,0.0709529131,5.0,23.41146995,87.84499445
2016-08-23,Birbhum,0.0,0.0,304.944,0.37272052146000006,12.799999999999999,24.0,87.583333
2016-08-23,Burdwan,0.0,0.0,304.3333334,0.0797010194,20.0,23.2495714,87.8681751
2016-08-23,Dakshin Dinajpur,72.0,0.0,302.09000000000003,0.606269623,19.0,25.38703085,88.50471505
2016-08-23,"Darjeeling, Jalpaiguri",0.0,0.0,300.0933334,1.789624224,7.0,26.8735351,88.6131918
2016-08-23,Hooghly,1491.0,0.0,300.56666666666666,1.823735965,13.0,22.9052114,88.3760639
2016-08-23,Howrah,0.0,0.0,302.0255310967033,0.23726360852307693,14.912087912087912,22.5736296,88.3251045
2016-08-23,Jalpaiguri,0.0,0.0,293.07,2.3541274080666663,33.06976744186046,26.473304800000005,88.67886686000001
2016-08-23,Malda,0.0,0.0,300.8266666666667,0.40408319668750003,17.75,25.0057449,88.1398483
2016-08-23,Murshidabad,0.0,0.0,300.94833334000003,0.72147249225,6.4,24.1745993,88.2721335
2016-08-23,Nadia,0.0,0.0,302.1425,0.883617124425,11.0,23.48454125,88.55676307
2016-08-23,North 24 Parganas,0.0,0.0,299.82,0.8402346121846155,7.538461538461538,22.642931,88.89305789999999
2016-08-23,Paschim Medinipur,0.0,0.0,303.00414814814815,0.34435080206,5.8,22.3599134,87.41331448
2016-08-23,Purba Medinipur,0.0,0.0,302.74,1.2365669893391305,5.346153846153846,22.06217445,87.83672383
2016-08-23,Purulia,0.0,0.0,303.40000000000003,0.5356093389,4.0,23.3291882,86.3672378
2016-08-23,South 24 Parganas,0.0,0.0,301.94945454545456,0.7380467407818182,19.0,22.5760669,88.42006758
2016-08-23,Uttar Dinajpur,0.0,0.0,298.97,0.001412002241,,25.8707958,87.96259728
2016-08-24,Bankura,0.0,0.0,301.0054262295082,0.26727419649999995,5.0,23.13195425,87.2073972
2016-08-24,Bardhaman,0.0,0.0,300.9866666,0.0709529131,5.0,23.41146995,87.84499445
2016-08-24,Birbhum,0.0,0.0,305.12600000000003,0.3988032925650001,11.7,24.0,87.583333
2016-08-24,Burdwan,0.0,0.0,304.3333334,0.0797010194,20.0,23.2495714,87.8681751
2016-08-24,Dakshin Dinajpur,0.0,0.0,303.6,0.5268346398,19.0,25.38703085,88.50471505
2016-08-24,"Darjeeling, Jalpaiguri",0.0,0.0,300.0933334,1.789624224,7.0,26.8735351,88.6131918
2016-08-24,Hooghly,124.0,0.0,301.64,1.743330562,13.0,22.9052114,88.3760639
2016-08-24,Howrah,0.0,0.0,301.99082413626377,0.23874033774615386,14.967032967032967,22.5736296,88.3251045
2016-08-24,Jalpaiguri,0.0,0.0,292.7783333333333,2.4168906630555553,33.55813953488372,26.473304800000005,88.67886686000001
2016-08-24,Malda,0.0,0.0,300.79555555555555,0.42071836298833337,17.833333333333332,25.0057449,88.1398483
2016-08-24,Murshidabad,0.0,0.0,300.89750001,0.701957862325,6.6,24.1745993,88.2721335
2016-08-24,Nadia,0.0,0.0,302.525,1.16235336595,11.0,23.48454125,88.55676307
2016-08-24,North 24 Parganas,0.0,0.0,299.62,0.822891608746154,7.384615384615385,22.642931,88.89305789999999
2016-08-24,Paschim Medinipur,0.0,0.0,303.00888888888886,0.345237634,6.25,22.3599134,87.41331448
2016-08-24,Purba Medinipur,0.0,0.0,302.7785714285714,1.2767408316347828,5.3076923076923075,22.06217445,87.83672383
2016-08-24,Purulia,0.0,0.0,303.40000000000003,0.5356093389,4.0,23.3291882,86.3672378
2016-08-24,South 24 Parganas,0.0,0.0,301.7130909090909,0.7423970881363636,19.0,22.5760669,88.42006758
2016-08-24,Uttar Dinajpur,0.0,0.0,298.97,0.001412002241,,25.8707958,87.96259728
2016-08-26,Bankura,0.0,0.0,300.97281967213115,0.2539383355999999,5.0,23.13195425,87.2073972
2016-08-26,Bardhaman,0.0,0.0,300.9866666,0.0709529131,5.0,23.41146995,87.84499445
2016-08-26,Birbhum,0.0,0.0,305.308,0.42488606367000004,10.599999999999998,24.0,87.583333
2016-08-26,Burdwan,0.0,0.0,304.3333334,0.0797010194,20.0,23.2495714,87.8681751
2016-08-26,Dakshin Dinajpur,42.0,0.0,305.11,0.4473996566,19.0,25.38703085,88.50471505
2016-08-26,"Darjeeling, Jalpaiguri",0.0,0.0,300.0933334,1.789624224,7.0,26.8735351,88.6131918
2016-08-26,Hooghly,0.0,0.0,301.64,1.743330562,13.0,22.9052114,88.3760639
2016-08-26,Howrah,0.0,0.0,301.9561171758242,0.24021706696923079,15.021978021978022,22.5736296,88.3251045
2016-08-26,Jalpaiguri,0.0,0.0,292.4866666666667,2.479653918044444,34.04651162790698,26.473304800000005,88.67886686000001
2016-08-26,Malda,0.0,0.0,300.76444444444445,0.4373535292891667,17.916666666666668,25.0057449,88.1398483
2016-08-26,Murshidabad,0.0,0.0,300.84666668,0.6824432324,6.8,24.1745993,88.2721335
2016-08-26,Nadia,0.0,0.0,302.9075,1.441089607475,11.0,23.48454125,88.55676307
2016-08-26,North 24 Parganas,0.0,0.0,299.42,0.8055486053076925,7.230769230769231,22.642931,88.89305789999999
2016-08-26,Paschim Medinipur,0.0,0.0,303.01362962962963,0.34612446594,6.7,22.3599134,87.41331448
2016-08-26,Purba Medinipur,0.0,0.0,302.81714285714287,1.316914673930435,5.269230769230769,22.06217445,87.83672383
2016-08-26,Purulia,0.0,0.0,303.40000000000003,0.5356093389,4.0,23.3291882,86.3672378
2016-08-26,South 24 Parganas,0.0,0.0,301.4767272727273,0.746747435490909,19.0,22.5760669,88.42006758
2016-08-26,Uttar Dinajpur,0.0,0.0,298.97,0.001412002241,,25.8707958,87.96259728
2016-08-27,Bankura,0.0,0.0,300.9402131147541,0.24060247469999996,5.0,23.13195425,87.2073972
2016-08-27,Bardhaman,0.0,0.0,300.9866666,0.0709529131,5.0,23.41146995,87.84499445
2016-08-27,Birbhum,0.0,0.0,305.49,0.45096883477500005,9.5,24.0,87.583333
2016-08-27,Burdwan,0.0,0.0,304.3333334,0.0797010194,20.0,23.2495714,87.8681751
2016-08-27,Dakshin Dinajpur,0.0,0.0,305.11,0.4473996566,19.0,25.38703085,88.50471505
2016-08-27,"Darjeeling, Jalpaiguri",0.0,0.0,300.0933334,1.789624224,7.0,26.8735351,88.6131918
2016-08-27,Hooghly,0.0,0.0,301.64,1.743330562,13.0,22.9052114,88.3760639
2016-08-27,Howrah,0.0,0.0,301.92141021538464,0.2416937961923077,15.076923076923077,22.5736296,88.3251045
2016-08-27,Jalpaiguri,0.0,0.0,292.195,2.542417173033333,34.53488372093023,26.473304800000005,88.67886686000001
2016-08-27,Malda,0.0,0.0,300.73333333333335,0.45398869559,18.0,25.0057449,88.1398483
2016-08-27,Murshidabad,0.0,0.0,300.79583335,0.6629286024750001,7.0,24.1745993,88.2721335
2016-08-27,Nadia,106.0,0.0,303.29,1.719825849,11.0,23.48454125,88.55676307
2016-08-27,North 24 Parganas,0.0,0.0,299.22,0.7882056018692309,7.076923076923077,22.642931,88.89305789999999
2016-08-27,Paschim Medinipur,0.0,0.0,303.01837037037035,0.34701129788,7.15,22.3599134,87.41331448
2016-08-27,Purba Medinipur,0.0,0.0,302.85571428571427,1.357088516226087,5.230769230769231,22.06217445,87.83672383
2016-08-27,Purulia,0.0,0.0,303.40000000000003,0.5356093389,4.0,23.3291882,86.3672378
2016-08-27,South 24 Parganas,0.0,0.0,301.24036363636367,0.7510977828454546,19.0,22.5760669,88.42006758
2016-08-27,Uttar Dinajpur,0.0,0.0,298.97,0.001412002241,,25.8707958,87.96259728
2016-09-17,Bankura,0.0,0.0,300.90760655737705,0.2272666137999999,5.0,23.13195425,87.2073972
2016-09-17,Bardhaman,0.0,0.0,300.9866666,0.0709529131,5.0,23.41146995,87.84499445
2016-09-17,Birbhum,0.0,0.0,305.672,0.47705160588000006,8.399999999999999,24.0,87.583333
2016-09-17,Burdwan,0.0,0.0,304.3333334,0.0797010194,20.0,23.2495714,87.8681751
2016-09-17,Dakshin Dinajpur,0.0,0.0,305.11,0.4473996566,19.0,25.38703085,88.50471505
2016-09-17,"Darjeeling, Jalpaiguri",0.0,0.0,300.0933334,1.789624224,7.0,26.8735351,88.6131918
2016-09-17,Hooghly,0.0,0.0,301.64,1.743330562,13.0,22.9052114,88.3760639
2016-09-17,Howrah,0.0,0.0,301.8867032549451,0.24317052541538464,15.131868131868131,22.5736296,88.3251045
2016-09-17,Jalpaiguri,0.0,0.0,291.9033333333333,2.6051804280222215,35.02325581395348,26.473304800000005,88.67886686000001
2016-09-17,Malda,0.0,0.0,300.70222222222225,0.47062386189083333,18.083333333333332,25.0057449,88.1398483
2016-09-17,Murshidabad,0.0,0.0,300.74500002,0.64341397255,7.2,24.1745993,88.2721335
2016-09-17,Nadia,0.0,0.0,303.08000000000004,1.63913397941,11.0,23.48454125,88.55676307
2016-09-17,North 24 Parganas,0.0,0.0,299.02,0.7708625984307693,6.923076923076923,22.642931,88.89305789999999
2016-09-17,Paschim Medinipur,0.0,0.0,303.0231111111111,0.34789812982,7.6,22.3599134,87.41331448
2016-09-17,Purba Medinipur,0.0,0.0,302.89428571428573,1.3972623585217394,5.1923076923076925,22.06217445,87.83672383
2016-09-17,Purulia,0.0,0.0,303.40000000000003,0.5356093389,4.0,23.3291882,86.3672378
2016-09-17,South 24 Parganas,127.0,0.0,301.004,0.7554481302,19.0,22.5760669,88.42006758
2016-09-17,Uttar Dinajpur,0.0,0.0,298.97,0.001412002241,,25.8707958,87.96259728
2016-10-15,Bankura,149.0,0.0,300.875,0.2139307529,5.0,23.13195425,87.2073972
2016-10-15,Bardhaman,0.0,0.0,300.9866666,0.0709529131,5.0,23.41146995,87.84499445
2016-10-15,Birbhum,0.0,0.0,305.85400000000004,0.5031343769850001,7.299999999999997,24.0,87.583333
2016-10-15,Burdwan,0.0,0.0,304.3333334,0.0797010194,20.0,23.2495714,87.8681751
2016-10-15,Dakshin Dinajpur,0.0,0.0,305.11,0.4473996566,19.0,25.38703085,88.50471505
2016-10-15,"Darjeeling, Jalpaiguri",0.0,0.0,300.0933334,1.789624224,7.0,26.8735351,88.6131918
2016-10-15,Hooghly,0.0,0.0,301.64,1.743330562,13.0,22.9052114,88.3760639
2016-10-15,Howrah,0.0,0.0,301.8519962945055,0.24464725463846154,15.186813186813186,22.5736296,88.3251045
2016-10-15,Jalpaiguri,0.0,0.0,291.6116666666667,2.6679436830111105,35.51162790697674,26.473304800000005,88.67886686000001
2016-10-15,Malda,0.0,0.0,300.67111111111114,0.48725902819166667,18.166666666666668,25.0057449,88.1398483
2016-10-15,Murshidabad,0.0,0.0,300.69416669000003,0.623899342625,7.4,24.1745993,88.2721335
2016-10-15,Nadia,0.0,0.0,302.87,1.55844210982,11.0,23.48454125,88.55676307
2016-10-15,North 24 Parganas,0.0,0.0,298.82,0.7535195949923078,6.769230769230769,22.642931,88.89305789999999
2016-10-15,Paschim Medinipur,0.0,0.0,303.02785185185184,0.34878496176,8.05,22.3599134,87.41331448
2016-10-15,Purba Medinipur,0.0,0.0,302.93285714285713,1.4374362008173915,5.153846153846153,22.06217445,87.83672383
2016-10-15,Purulia,0.0,0.0,303.40000000000003,0.5356093389,4.0,23.3291882,86.3672378
2016-10-15,South 24 Parganas,0.0,0.0,301.25733333333335,0.5454351909,18.0,22.5760669,88.42006758
2016-10-15,Uttar Dinajpur,0.0,0.0,298.97,0.001412002241,,25.8707958,87.96259728
2016-10-17,Bankura,0.0,0.0,300.875,0.2139307529,5.0,23.13195425,87.2073972
2016-10-17,Bardhaman,0.0,0.0,300.9866666,0.0709529131,5.0,23.41146995,87.84499445
2016-10-17,Birbhum,0.0,0.0,306.03600000000006,0.5292171480900001,6.199999999999999,24.0,87.583333
2016-10-17,Burdwan,0.0,0.0,304.3333334,0.0797010194,20.0,23.2495714,87.8681751
2016-10-17,Dakshin Dinajpur,0.0,0.0,305.11,0.4473996566,19.0,25.38703085,88.50471505
2016-10-17,"Darjeeling, Jalpaiguri",0.0,0.0,300.0933334,1.789624224,7.0,26.8735351,88.6131918
2016-10-17,Hooghly,0.0,0.0,301.64,1.743330562,13.0,22.9052114,88.3760639
2016-10-17,Howrah,0.0,0.0,301.81728933406595,0.2461239838615385,15.241758241758241,22.5736296,88.3251045
2016-10-17,Jalpaiguri,778.0,0.0,291.32,2.7307069379999995,36.0,26.473304800000005,88.67886686000001
2016-10-17,Malda,0.0,0.0,300.64,0.5038941944925,18.25,25.0057449,88.1398483
2016-10-17,Murshidabad,0.0,0.0,300.64333336,0.6043847127,7.6,24.1745993,88.2721335
2016-10-17,Nadia,0.0,0.0,302.66,1.47775024023,11.0,23.48454125,88.55676307
2016-10-17,North 24 Parganas,0.0,0.0,298.62,0.7361765915538463,6.615384615384615,22.642931,88.89305789999999
2016-10-17,Paschim Medinipur,0.0,0.0,303.0325925925926,0.3496717937,8.5,22.3599134,87.41331448
2016-10-17,Purba Medinipur,0.0,0.0,302.9714285714286,1.4776100431130437,5.115384615384615,22.06217445,87.83672383
2016-10-17,Purulia,0.0,0.0,303.40000000000003,0.5356093389,4.0,23.3291882,86.3672378
2016-10-17,South 24 Parganas,0.0,0.0,301.5106666666667,0.3354222516,17.0,22.5760669,88.42006758
2016-10-17,Uttar Dinajpur,0.0,0.0,298.97,0.001412002241,,25.8707958,87.96259728
2016-10-29,Bankura,0.0,0.0,300.875,0.2139307529,5.0,23.13195425,87.2073972
2016-10-29,Bardhaman,0.0,0.0,300.9866666,0.0709529131,5.0,23.41146995,87.84499445
2016-10-29,Birbhum,0.0,0.0,306.218,0.555299919195,5.099999999999998,24.0,87.583333
2016-10-29,Burdwan,0.0,0.0,304.3333334,0.0797010194,20.0,23.2495714,87.8681751
2016-10-29,Dakshin Dinajpur,0.0,0.0,305.11,0.4473996566,19.0,25.38703085,88.50471505
2016-10-29,"Darjeeling, Jalpaiguri",0.0,0.0,300.0933334,1.789624224,7.0,26.8735351,88.6131918
2016-10-29,Hooghly,0.0,0.0,301.64,1.743330562,13.0,22.9052114,88.3760639
2016-10-29,Howrah,0.0,0.0,301.7825823736264,0.2476007130846154,15.296703296703296,22.5736296,88.3251045
2016-10-29,Jalpaiguri,0.0,0.0,291.4757419354839,2.6693121668645157,36.03225806451613,26.473304800000005,88.67886686000001
2016-10-29,Malda,0.0,0.0,300.6088888888889,0.5205293607933333,18.333333333333332,25.0057449,88.1398483
2016-10-29,Murshidabad,0.0,0.0,300.59250003,0.584870082775,7.8,24.1745993,88.2721335
2016-10-29,Nadia,0.0,0.0,302.45,1.39705837064,11.0,23.48454125,88.55676307
2016-10-29,North 24 Parganas,0.0,0.0,298.42,0.7188335881153848,6.461538461538462,22.642931,88.89305789999999
2016-10-29,Paschim Medinipur,0.0,0.0,303.0373333333333,0.35055862564,8.95,22.3599134,87.41331448
2016-10-29,Purba Medinipur,0.0,0.0,303.01,1.5177838854086958,5.076923076923077,22.06217445,87.83672383
2016-10-29,Purulia,0.0,0.0,303.40000000000003,0.5356093389,4.0,23.3291882,86.3672378
2016-10-29,South 24 Parganas,83.0,0.0,301.764,0.1254093123,16.0,22.5760669,88.42006758
2016-10-29,Uttar Dinajpur,0.0,0.0,298.97,0.001412002241,,25.8707958,87.96259728
2017-07-23,Bankura,0.0,0.0,300.875,0.2139307529,5.0,23.13195425,87.2073972
2017-07-23,Bardhaman,0.0,0.0,300.9866666,0.0709529131,5.0,23.41146995,87.84499445
2017-07-23,Birbhum,1106.0,0.0,306.40000000000003,0.5813826903,4.0,24.0,87.583333
2017-07-23,Burdwan,0.0,0.0,304.3333334,0.0797010194,20.0,23.2495714,87.8681751
2017-07-23,Dakshin Dinajpur,0.0,0.0,305.11,0.4473996566,19.0,25.38703085,88.50471505
2017-07-23,"Darjeeling, Jalpaiguri",0.0,0.0,300.0933334,1.789624224,7.0,26.8735351,88.6131918
2017-07-23,Hooghly,0.0,0.0,301.64,1.743330562,13.0,22.9052114,88.3760639
2017-07-23,Howrah,0.0,0.0,301.7478754131868,0.24907744230769233,15.351648351648352,22.5736296,88.3251045
2017-07-23,Jalpaiguri,0.0,0.0,291.6314838709677,2.607917395729032,36.064516129032256,26.473304800000005,88.67886686000001
2017-07-23,Malda,0.0,0.0,300.5777777777778,0.5371645270941666,18.416666666666668,25.0057449,88.1398483
2017-07-23,Murshidabad,0.0,0.0,300.5416667,0.56535545285,8.0,24.1745993,88.2721335
2017-07-23,Nadia,0.0,0.0,302.24,1.31636650105,11.0,23.48454125,88.55676307
2017-07-23,North 24 Parganas,0.0,0.0,298.21999999999997,0.7014905846769233,6.3076923076923075,22.642931,88.89305789999999
2017-07-23,Paschim Medinipur,0.0,0.0,303.04207407407404,0.35144545758,9.4,22.3599134,87.41331448
2017-07-23,Purba Medinipur,0.0,0.0,303.04857142857145,1.557957727704348,5.038461538461538,22.06217445,87.83672383
2017-07-23,Purulia,0.0,0.0,303.40000000000003,0.5356093389,4.0,23.3291882,86.3672378
2017-07-23,South 24 Parganas,0.0,0.0,301.79884615384617,0.14288960136153844,16.0,22.5760669,88.42006758
2017-07-23,Uttar Dinajpur,0.0,0.0,298.97,0.001412002241,,25.8707958,87.96259728
2017-07-31,Bankura,0.0,0.0,300.875,0.2139307529,5.0,23.13195425,87.2073972
2017-07-31,Bardhaman,0.0,0.0,300.9866666,0.0709529131,5.0,23.41146995,87.84499445
2017-07-31,Birbhum,0.0,0.0,306.40000000000003,0.5813826903,4.0,24.0,87.583333
2017-07-31,Burdwan,0.0,0.0,304.3333334,0.0797010194,20.0,23.2495714,87.8681751
2017-07-31,Dakshin Dinajpur,0.0,0.0,305.11,0.4473996566,19.0,25.38703085,88.50471505
2017-07-31,"Darjeeling, Jalpaiguri",0.0,0.0,300.0933334,1.789624224,7.0,26.8735351,88.6131918
2017-07-31,Hooghly,0.0,0.0,301.64,1.743330562,13.0,22.9052114,88.3760639
2017-07-31,Howrah,0.0,0.0,301.71316845274725,0.25055417153076925,15.406593406593407,22.5736296,88.3251045
2017-07-31,Jalpaiguri,0.0,0.0,291.7872258064516,2.546522624593548,36.096774193548384,26.473304800000005,88.67886686000001
2017-07-31,Malda,0.0,0.0,300.5466666666667,0.553799693395,18.5,25.0057449,88.1398483
2017-07-31,Murshidabad,0.0,0.0,300.49083337,0.545840822925,8.2,24.1745993,88.2721335
2017-07-31,Nadia,0.0,0.0,302.03000000000003,1.23567463146,11.0,23.48454125,88.55676307
2017-07-31,North 24 Parganas,0.0,0.0,298.02,0.6841475812384616,6.153846153846153,22.642931,88.89305789999999
2017-07-31,Paschim Medinipur,0.0,0.0,303.0468148148148,0.35233228952,9.850000000000001,22.3599134,87.41331448
2017-07-31,Purba Medinipur,423.0,0.0,303.08714285714285,1.5981315700000003,5.0,22.06217445,87.83672383
2017-07-31,Purulia,0.0,0.0,303.40000000000003,0.5356093389,4.0,23.3291882,86.3672378
2017-07-31,South 24 Parganas,0.0,0.0,301.83369230769233,0.16036989042307692,16.0,22.5760669,88.42006758
2017-07-31,Uttar Dinajpur,0.0,0.0,298.97,0.001412002241,,25.8707958,87.96259728
2017-08-01,Bankura,0.0,0.0,300.875,0.2139307529,5.0,23.13195425,87.2073972
2017-08-01,Bardhaman,0.0,0.0,300.9866666,0.0709529131,5.0,23.41146995,87.84499445
2017-08-01,Birbhum,0.0,0.0,306.40000000000003,0.5813826903,4.0,24.0,87.583333
2017-08-01,Burdwan,0.0,0.0,304.3333334,0.0797010194,20.0,23.2495714,87.8681751
2017-08-01,Dakshin Dinajpur,0.0,0.0,305.11,0.4473996566,19.0,25.38703085,88.50471505
2017-08-01,"Darjeeling, Jalpaiguri",0.0,0.0,300.0933334,1.789624224,7.0,26.8735351,88.6131918
2017-08-01,Hooghly,0.0,0.0,301.64,1.743330562,13.0,22.9052114,88.3760639
2017-08-01,Howrah,0.0,0.0,301.6784614923077,0.25203090075384615,15.461538461538462,22.5736296,88.3251045
2017-08-01,Jalpaiguri,0.0,0.0,291.9429677419355,2.485127853458064,36.12903225806452,26.473304800000005,88.67886686000001
2017-08-01,Malda,0.0,0.0,300.5155555555556,0.5704348596958334,18.583333333333332,25.0057449,88.1398483
2017-08-01,Murshidabad,0.0,0.0,300.44000004000003,0.526326193,8.4,24.1745993,88.2721335
2017-08-01,Nadia,0.0,0.0,301.82,1.15498276187,11.0,23.48454125,88.55676307
2017-08-01,North 24 Parganas,1824.0,0.0,297.82,0.6668045778000001,6.0,22.642931,88.89305789999999
2017-08-01,Paschim Medinipur,0.0,0.0,303.0515555555555,0.35321912146,10.3,22.3599134,87.41331448
2017-08-01,Purba Medinipur,0.0,0.0,303.1257142857143,1.2740223057333335,5.0,22.06217445,87.83672383
2017-08-01,Purulia,0.0,0.0,303.40000000000003,0.5356093389,4.0,23.3291882,86.3672378
2017-08-01,South 24 Parganas,0.0,0.0,301.8685384615385,0.17785017948461537,16.0,22.5760669,88.42006758
2017-08-01,Uttar Dinajpur,0.0,0.0,298.97,0.001412002241,,25.8707958,87.96259728
2017-08-04,Bankura,0.0,0.0,300.875,0.2139307529,5.0,23.13195425,87.2073972
2017-08-04,Bardhaman,0.0,0.0,300.9866666,0.0709529131,5.0,23.41146995,87.84499445
2017-08-04,Birbhum,0.0,0.0,306.40000000000003,0.5813826903,4.0,24.0,87.583333
2017-08-04,Burdwan,0.0,0.0,304.3333334,0.0797010194,20.0,23.2495714,87.8681751
2017-08-04,Dakshin Dinajpur,0.0,0.0,305.11,0.4473996566,19.0,25.38703085,88.50471505
2017-08-04,"Darjeeling, Jalpaiguri",0.0,0.0,300.0933334,1.789624224,7.0,26.8735351,88.6131918
2017-08-04,Hooghly,0.0,0.0,301.64,1.743330562,13.0,22.9052114,88.3760639
2017-08-04,Howrah,0.0,0.0,301.6437545318681,0.2535076299769231,15.516483516483516,22.5736296,88.3251045
2017-08-04,Jalpaiguri,0.0,0.0,292.0987096774194,2.4237330823225802,36.16129032258065,26.473304800000005,88.67886686000001
2017-08-04,Malda,0.0,0.0,300.4844444444445,0.5870700259966667,18.666666666666668,25.0057449,88.1398483
2017-08-04,Murshidabad,0.0,0.0,300.38916671,0.5068115630750001,8.6,24.1745993,88.2721335
2017-08-04,Nadia,0.0,0.0,301.61,1.07429089228,11.0,23.48454125,88.55676307
2017-08-04,North 24 Parganas,2434.0,0.0,295.91,0.8237412199,6.0,22.642931,88.89305789999999
2017-08-04,Paschim Medinipur,0.0,0.0,303.0562962962963,0.3541059534,10.75,22.3599134,87.41331448
2017-08-04,Purba Medinipur,0.0,0.0,303.1642857142857,0.9499130414666668,5.0,22.06217445,87.83672383
2017-08-04,Purulia,0.0,0.0,303.40000000000003,0.5356093389,4.0,23.3291882,86.3672378
2017-08-04,South 24 Parganas,0.0,0.0,301.90338461538465,0.19533046854615382,16.0,22.5760669,88.42006758
2017-08-04,Uttar Dinajpur,0.0,0.0,298.97,0.001412002241,,25.8707958,87.96259728
2017-08-18,Bankura,0.0,0.0,300.875,0.2139307529,5.0,23.13195425,87.2073972
2017-08-18,Bardhaman,0.0,0.0,300.9866666,0.0709529131,5.0,23.41146995,87.84499445
2017-08-18,Birbhum,0.0,0.0,306.40000000000003,0.5813826903,4.0,24.0,87.583333
2017-08-18,Burdwan,0.0,0.0,304.3333334,0.0797010194,20.0,23.2495714,87.8681751
2017-08-18,Dakshin Dinajpur,0.0,0.0,305.11,0.4473996566,19.0,25.38703085,88.50471505
2017-08-18,"Darjeeling, Jalpaiguri",0.0,0.0,300.0933334,1.789624224,7.0,26.8735351,88.6131918
2017-08-18,Hooghly,0.0,0.0,301.64,1.743330562,13.0,22.9052114,88.3760639
2017-08-18,Howrah,0.0,0.0,301.60904757142856,0.2549843592,15.571428571428571,22.5736296,88.3251045
2017-08-18,Jalpaiguri,0.0,0.0,292.2544516129032,2.3623383111870964,36.193548387096776,26.473304800000005,88.67886686000001
2017-08-18,Malda,0.0,0.0,300.4533333333334,0.6037051922975,18.75,25.0057449,88.1398483
2017-08-18,Murshidabad,0.0,0.0,300.33833338,0.48729693315,8.8,24.1745993,88.2721335
2017-08-18,Nadia,0.0,0.0,301.4,0.9935990226900001,11.0,23.48454125,88.55676307
2017-08-18,North 24 Parganas,0.0,0.0,297.6466666666667,1.1052410279333333,6.0,22.642931,88.89305789999999
2017-08-18,Paschim Medinipur,0.0,0.0,303.061037037037,0.35499278534,11.2,22.3599134,87.41331448
2017-08-18,Purba Medinipur,169.0,0.0,303.20285714285717,0.6258037772,5.0,22.06217445,87.83672383
2017-08-18,Purulia,0.0,0.0,303.40000000000003,0.5356093389,4.0,23.3291882,86.3672378
2017-08-18,South 24 Parganas,0.0,0.0,301.93823076923076,0.2128107576076923,16.0,22.5760669,88.42006758
2017-08-18,Uttar Dinajpur,0.0,0.0,298.97,0.001412002241,,25.8707958,87.96259728
2017-08-21,Bankura,0.0,0.0,300.875,0.2139307529,5.0,23.13195425,87.2073972
2017-08-21,Bardhaman,0.0,0.0,300.9866666,0.0709529131,5.0,23.41146995,87.84499445
2017-08-21,Birbhum,0.0,0.0,306.40000000000003,0.5813826903,4.0,24.0,87.583333
2017-08-21,Burdwan,0.0,0.0,304.3333334,0.0797010194,20.0,23.2495714,87.8681751
2017-08-21,Dakshin Dinajpur,0.0,0.0,305.11,0.4473996566,19.0,25.38703085,88.50471505
2017-08-21,"Darjeeling, Jalpaiguri",0.0,0.0,300.0933334,1.789624224,7.0,26.8735351,88.6131918
2017-08-21,Hooghly,0.0,0.0,301.64,1.743330562,13.0,22.9052114,88.3760639
2017-08-21,Howrah,0.0,0.0,301.574340610989,0.2564610884230769,15.626373626373626,22.5736296,88.3251045
2017-08-21,Jalpaiguri,0.0,0.0,292.4101935483871,2.3009435400516125,36.225806451612904,26.473304800000005,88.67886686000001
2017-08-21,Malda,0.0,0.0,300.4222222222222,0.6203403585983334,18.833333333333332,25.0057449,88.1398483
2017-08-21,Murshidabad,0.0,0.0,300.28750005,0.46778230322500003,9.0,24.1745993,88.2721335
2017-08-21,Nadia,978.0,0.0,301.19,0.9129071531,11.0,23.48454125,88.55676307
2017-08-21,North 24 Parganas,0.0,0.0,299.3833333333333,1.3867408359666666,6.0,22.642931,88.8930579
2017-08-21,Paschim Medinipur,0.0,0.0,303.0657777777778,0.35587961728,11.65,22.3599134,87.41331448
2017-08-21,Purba Medinipur,0.0,0.0,303.24142857142857,0.6284930295130435,5.0,22.06217445,87.83672383
2017-08-21,Purulia,0.0,0.0,303.40000000000003,0.5356093389,4.0,23.3291882,86.3672378
2017-08-21,South 24 Parganas,0.0,0.0,301.9730769230769,0.23029104666923075,16.0,22.5760669,88.42006758
2017-08-21,Uttar Dinajpur,0.0,0.0,298.97,0.001412002241,,25.8707958,87.96259728
2017-09-21,Bankura,0.0,0.0,300.875,0.2139307529,5.0,23.13195425,87.2073972
2017-09-21,Bardhaman,0.0,0.0,300.9866666,0.0709529131,5.0,23.41146995,87.84499445
2017-09-21,Birbhum,0.0,0.0,306.40000000000003,0.5813826903,4.0,24.0,87.583333
2017-09-21,Burdwan,0.0,0.0,304.3333334,0.0797010194,20.0,23.2495714,87.8681751
2017-09-21,Dakshin Dinajpur,0.0,0.0,305.11,0.4473996566,19.0,25.38703085,88.50471505
2017-09-21,"Darjeeling, Jalpaiguri",0.0,0.0,300.0933334,1.789624224,7.0,26.8735351,88.6131918
2017-09-21,Hooghly,0.0,0.0,301.64,1.743330562,13.0,22.9052114,88.3760639
2017-09-21,Howrah,0.0,0.0,301.53963365054943,0.25793781764615387,15.68131868131868,22.5736296,88.3251045
2017-09-21,Jalpaiguri,0.0,0.0,292.565935483871,2.2395487689161286,36.25806451612903,26.473304800000005,88.67886686000001
2017-09-21,Malda,0.0,0.0,300.3911111111111,0.6369755248991666,18.916666666666668,25.0057449,88.1398483
2017-09-21,Murshidabad,0.0,0.0,300.23666672,0.4482676733,9.2,24.1745993,88.2721335
2017-09-21,Nadia,0.0,0.0,300.98125,0.778009100125,11.0,23.48454125,88.55676307
2017-09-21,North 24 Parganas,2222.0,0.0,301.12,1.668240644,6.0,22.642931,88.8930579
2017-09-21,Paschim Medinipur,0.0,0.0,303.0705185185185,0.35676644922,12.1,22.3599134,87.41331448
2017-09-21,Purba Medinipur,0.0,0.0,303.28000000000003,0.6311822818260869,5.0,22.06217445,87.83672383
2017-09-21,Purulia,0.0,0.0,303.40000000000003,0.5356093389,4.0,23.3291882,86.3672378
2017-09-21,South 24 Parganas,0.0,0.0,302.0079230769231,0.2477713357307692,16.0,22.5760669,88.42006758
2017-09-21,Uttar Dinajpur,0.0,0.0,298.97,0.001412002241,,25.8707958,87.96259728
2017-09-25,Bankura,0.0,0.0,300.875,0.2139307529,5.0,23.13195425,87.2073972
2017-09-25,Bardhaman,0.0,0.0,300.9866666,0.0709529131,5.0,23.41146995,87.84499445
2017-09-25,Birbhum,0.0,0.0,306.40000000000003,0.5813826903,4.0,24.0,87.583333
2017-09-25,Burdwan,0.0,0.0,304.3333334,0.0797010194,20.0,23.2495714,87.8681751
2017-09-25,Dakshin Dinajpur,0.0,0.0,305.11,0.4473996566,19.0,25.38703085,88.50471505
2017-09-25,"Darjeeling, Jalpaiguri",0.0,0.0,300.0933334,1.789624224,7.0,26.8735351,88.6131918
2017-09-25,Hooghly,0.0,0.0,301.64,1.743330562,13.0,22.9052114,88.3760639
2017-09-25,Howrah,0.0,0.0,301.50492669010987,0.2594145468692308,15.736263736263737,22.5736296,88.3251045
2017-09-25,Jalpaiguri,0.0,0.0,292.7216774193548,2.178153997780645,36.29032258064516,26.473304800000005,88.67886686000001
2017-09-25,Malda,278.0,0.0,300.36,0.6536106912,19.0,25.0057449,88.1398483
2017-09-25,Murshidabad,0.0,0.0,300.18583339,0.428753043375,9.4,24.1745993,88.2721335
2017-09-25,Nadia,0.0,0.0,300.77250000000004,0.64311104715,11.0,23.48454125,88.55676307
2017-09-25,North 24 Parganas,0.0,0.0,301.12,1.668240644,6.0,22.642931,88.8930579
2017-09-25,Paschim Medinipur,0.0,0.0,303.07525925925927,0.35765328116,12.55,22.3599134,87.41331448
2017-09-25,Purba Medinipur,0.0,0.0,303.31857142857143,0.6338715341391304,5.0,22.06217445,87.83672383
2017-09-25,Purulia,0.0,0.0,303.40000000000003,0.5356093389,4.0,23.3291882,86.3672378
2017-09-25,South 24 Parganas,0.0,0.0,302.04276923076924,0.2652516247923077,16.0,22.5760669,88.42006758
2017-09-25,Uttar Dinajpur,0.0,0.0,298.97,0.001412002241,,25.8707958,87.96259728
2018-05-28,Bankura,0.0,0.0,300.875,0.2139307529,5.0,23.13195425,87.2073972
2018-05-28,Bardhaman,0.0,0.0,300.9866666,0.0709529131,5.0,23.41146995,87.84499445
2018-05-28,Birbhum,0.0,0.0,306.40000000000003,0.5813826903,4.0,24.0,87.583333
2018-05-28,Burdwan,0.0,0.0,304.3333334,0.0797010194,20.0,23.2495714,87.8681751
2018-05-28,Dakshin Dinajpur,0.0,0.0,305.11,0.4473996566,19.0,25.38703085,88.50471505
2018-05-28,"Darjeeling, Jalpaiguri",0.0,0.0,300.0933334,1.789624224,7.0,26.8735351,88.6131918
2018-05-28,Hooghly,0.0,0.0,301.64,1.743330562,13.0,22.9052114,88.3760639
2018-05-28,Howrah,0.0,0.0,301.47021972967036,0.2608912760923077,15.791208791208792,22.5736296,88.3251045
2018-05-28,Jalpaiguri,0.0,0.0,292.8774193548387,2.116759226645161,36.32258064516129,26.473304800000005,88.67886686000001
2018-05-28,Malda,0.0,0.0,300.36,0.6536106912,19.0,25.0057449,88.1398483
2018-05-28,Murshidabad,0.0,0.0,300.13500006,0.40923841345,9.6,24.1745993,88.2721335
2018-05-28,Nadia,0.0,0.0,300.56375,0.508212994175,11.0,23.48454125,88.55676307
2018-05-28,North 24 Parganas,0.0,0.0,301.12,1.668240644,6.0,22.642931,88.8930579
2018-05-28,Paschim Medinipur,1173.0,0.0,303.08,0.3585401131,13.0,22.3599134,87.41331448
2018-05-28,Purba Medinipur,0.0,0.0,303.3571428571429,0.636560786452174,5.0,22.06217445,87.83672383
2018-05-28,Purulia,0.0,0.0,303.40000000000003,0.5356093389,4.0,23.3291882,86.3672378
2018-05-28,South 24 Parganas,0.0,0.0,302.0776153846154,0.2827319138538461,16.0,22.5760669,88.42006758
2018-05-28,Uttar Dinajpur,0.0,0.0,298.97,0.001412002241,,25.8707958,87.96259728
2018-07-13,Bankura,0.0,0.0,300.875,0.2139307529,5.0,23.13195425,87.2073972
2018-07-13,Bardhaman,0.0,0.0,300.9866666,0.0709529131,5.0,23.41146995,87.84499445
2018-07-13,Birbhum,0.0,0.0,306.40000000000003,0.5813826903,4.0,24.0,87.583333
2018-07-13,Burdwan,0.0,0.0,304.3333334,0.0797010194,20.0,23.2495714,87.8681751
2018-07-13,Dakshin Dinajpur,0.0,0.0,305.11,0.4473996566,19.0,25.38703085,88.50471505
2018-07-13,"Darjeeling, Jalpaiguri",0.0,0.0,300.0933334,1.789624224,7.0,26.8735351,88.6131918
2018-07-13,Hooghly,0.0,0.0,301.64,1.743330562,13.0,22.9052114,88.3760639
2018-07-13,Howrah,0.0,0.0,301.4355127692308,0.2623680053153846,15.846153846153847,22.5736296,88.3251045
2018-07-13,Jalpaiguri,0.0,0.0,293.0331612903226,2.055364455509677,36.354838709677416,26.473304800000005,88.67886686000001
2018-07-13,Malda,0.0,0.0,300.36,0.6536106912,19.0,25.0057449,88.1398483
2018-07-13,Murshidabad,0.0,0.0,300.08416673,0.389723783525,9.8,24.1745993,88.2721335
2018-07-13,Nadia,419.0,0.0,300.355,0.3733149412,11.0,23.48454125,88.55676307
2018-07-13,North 24 Parganas,0.0,0.0,301.12,1.668240644,6.0,22.642931,88.8930579
2018-07-13,Paschim Medinipur,0.0,0.0,302.84,0.49573811094285714,12.0,22.3599134,87.41331448
2018-07-13,Purba Medinipur,0.0,0.0,303.3957142857143,0.6392500387652174,5.0,22.06217445,87.83672383
2018-07-13,Purulia,0.0,0.0,303.40000000000003,0.5356093389,4.0,23.3291882,86.3672378
2018-07-13,South 24 Parganas,0.0,0.0,302.11246153846156,0.30021220291538464,16.0,22.5760669,88.42006758
2018-07-13,Uttar Dinajpur,0.0,0.0,298.97,0.001412002241,,25.8707958,87.96259728
2018-07-14,Bankura,0.0,0.0,300.875,0.2139307529,5.0,23.13195425,87.2073972
2018-07-14,Bardhaman,0.0,0.0,300.9866666,0.0709529131,5.0,23.41146995,87.84499445
2018-07-14,Birbhum,0.0,0.0,306.40000000000003,0.5813826903,4.0,24.0,87.583333
2018-07-14,Burdwan,0.0,0.0,304.3333334,0.0797010194,20.0,23.2495714,87.8681751
2018-07-14,Dakshin Dinajpur,0.0,0.0,305.11,0.4473996566,19.0,25.38703085,88.50471505
2018-07-14,"Darjeeling, Jalpaiguri",0.0,0.0,300.0933334,1.789624224,7.0,26.8735351,88.6131918
2018-07-14,Hooghly,0.0,0.0,301.64,1.743330562,13.0,22.9052114,88.3760639
2018-07-14,Howrah,0.0,0.0,301.40080580879123,0.2638447345384616,15.901098901098901,22.5736296,88.3251045
2018-07-14,Jalpaiguri,0.0,0.0,293.1889032258065,1.9939696843741932,36.38709677419355,26.473304800000005,88.67886686000001
2018-07-14,Malda,0.0,0.0,300.36,0.6536106912,19.0,25.0057449,88.1398483
2018-07-14,Murshidabad,241.0,0.0,300.0333334,0.3702091536,10.0,24.1745993,88.2721335
2018-07-14,Nadia,0.0,0.0,300.0095,0.37174614676999995,10.916666666666666,23.48454125,88.55676307
2018-07-14,North 24 Parganas,0.0,0.0,301.12,1.668240644,6.0,22.642931,88.8930579
2018-07-14,Paschim Medinipur,0.0,0.0,302.6,0.6329361087857143,11.0,22.3599134,87.41331448
2018-07-14,Purba Medinipur,0.0,0.0,303.43428571428575,0.6419392910782609,5.0,22.06217445,87.83672383
2018-07-14,Purulia,0.0,0.0,303.40000000000003,0.5356093389,4.0,23.3291882,86.3672378
2018-07-14,South 24 Parganas,0.0,0.0,302.1473076923077,0.31769249197692306,16.0,22.5760669,88.42006758
2018-07-14,Uttar Dinajpur,0.0,0.0,298.97,0.001412002241,,25.8707958,87.96259728
2018-07-24,Bankura,0.0,0.0,300.875,0.2139307529,5.0,23.13195425,87.2073972
2018-07-24,Bardhaman,0.0,0.0,300.9866666,0.0709529131,5.0,23.41146995,87.84499445
2018-07-24,Birbhum,0.0,0.0,306.40000000000003,0.5813826903,4.0,24.0,87.583333
2018-07-24,Burdwan,0.0,0.0,304.3333334,0.0797010194,20.0,23.2495714,87.8681751
2018-07-24,Dakshin Dinajpur,0.0,0.0,305.11,0.4473996566,19.0,25.38703085,88.50471505
2018-07-24,"Darjeeling, Jalpaiguri",0.0,0.0,300.0933334,1.789624224,7.0,26.8735351,88.6131918
2018-07-24,Hooghly,0.0,0.0,301.64,1.743330562,13.0,22.9052114,88.3760639
2018-07-24,Howrah,0.0,0.0,301.36609884835167,0.2653214637615385,15.956043956043956,22.5736296,88.3251045
2018-07-24,Jalpaiguri,0.0,0.0,293.3446451612903,1.9325749132387093,36.41935483870968,26.473304800000005,88.67886686000001
2018-07-24,Malda,0.0,0.0,300.36,0.6536106912,19.0,25.0057449,88.1398483
2018-07-24,Murshidabad,0.0,0.0,300.494166725,0.6454015720666667,7.666666666666666,24.1745993,88.2721335
2018-07-24,Nadia,0.0,0.0,299.66400000000004,0.37017735234,10.833333333333334,23.48454125,88.55676307
2018-07-24,North 24 Parganas,0.0,0.0,301.12,1.668240644,6.0,22.642931,88.8930579
2018-07-24,Paschim Medinipur,0.0,0.0,302.36,0.7701341066285714,10.0,22.3599134,87.41331448
2018-07-24,Purba Medinipur,0.0,0.0,303.47285714285715,0.6446285433913044,5.0,22.06217445,87.83672383
2018-07-24,Purulia,651.0,0.0,303.40000000000003,0.5356093389,4.0,23.3291882,86.3672378
2018-07-24,South 24 Parganas,0.0,0.0,302.1821538461539,0.3351727810384615,16.0,22.5760669,88.42006758
2018-07-24,Uttar Dinajpur,0.0,0.0,298.97,0.001412002241,,25.8707958,87.96259728
2018-07-31,Bankura,0.0,0.0,300.875,0.2139307529,5.0,23.13195425,87.2073972
2018-07-31,Bardhaman,0.0,0.0,300.9866666,0.0709529131,5.0,23.41146995,87.84499445
2018-07-31,Birbhum,0.0,0.0,306.40000000000003,0.5813826903,4.0,24.0,87.583333
2018-07-31,Burdwan,0.0,0.0,304.3333334,0.0797010194,20.0,23.2495714,87.8681751
2018-07-31,Dakshin Dinajpur,0.0,0.0,305.11,0.4473996566,19.0,25.38703085,88.50471505
2018-07-31,"Darjeeling, Jalpaiguri",0.0,0.0,300.0933334,1.789624224,7.0,26.8735351,88.6131918
2018-07-31,Hooghly,0.0,0.0,301.64,1.743330562,13.0,22.9052114,88.3760639
2018-07-31,Howrah,0.0,0.0,301.3313918879121,0.2667981929846154,16.01098901098901,22.5736296,88.3251045
2018-07-31,Jalpaiguri,0.0,0.0,293.5003870967742,1.8711801421032255,36.45161290322581,26.473304800000005,88.67886686000001
2018-07-31,Malda,0.0,0.0,300.36,0.6536106912,19.0,25.0057449,88.1398483
2018-07-31,Murshidabad,0.0,0.0,300.95500005,0.9205939905333334,5.333333333333333,24.1745993,88.2721335
2018-07-31,Nadia,0.0,0.0,299.31850000000003,0.36860855790999997,10.75,23.48454125,88.55676307
2018-07-31,North 24 Parganas,0.0,0.0,301.12,1.668240644,6.0,22.642931,88.8930579
2018-07-31,Paschim Medinipur,0.0,0.0,302.12,0.9073321044714285,9.0,22.3599134,87.41331448
2018-07-31,Purba Medinipur,0.0,0.0,303.5114285714286,0.6473177957043479,5.0,22.06217445,87.83672383
2018-07-31,Purulia,16.0,0.0,303.40000000000003,0.9024276265,3.0,23.3291882,86.3672378
2018-07-31,South 24 Parganas,0.0,0.0,302.217,0.3526530701,16.0,22.5760669,88.42006758
2018-07-31,Uttar Dinajpur,0.0,0.0,298.97,0.001412002241,,25.8707958,87.96259728
2018-08-03,Bankura,0.0,0.0,300.875,0.2139307529,5.0,23.13195425,87.2073972
2018-08-03,Bardhaman,0.0,0.0,300.9866666,0.0709529131,5.0,23.41146995,87.84499445
2018-08-03,Birbhum,0.0,0.0,306.40000000000003,0.5813826903,4.0,24.0,87.583333
2018-08-03,Burdwan,0.0,0.0,304.3333334,0.0797010194,20.0,23.2495714,87.8681751
2018-08-03,Dakshin Dinajpur,0.0,0.0,305.11,0.4473996566,19.0,25.38703085,88.50471505
2018-08-03,"Darjeeling, Jalpaiguri",0.0,0.0,300.0933334,1.789624224,7.0,26.8735351,88.6131918
2018-08-03,Hooghly,0.0,0.0,301.64,1.743330562,13.0,22.9052114,88.3760639
2018-08-03,Howrah,0.0,0.0,301.29668492747254,0.26827492220769233,16.065934065934066,22.5736296,88.3251045
2018-08-03,Jalpaiguri,0.0,0.0,293.6561290322581,1.8097853709677416,36.483870967741936,26.473304800000005,88.67886686000001
2018-08-03,Malda,0.0,0.0,300.36,0.6536106912,19.0,25.0057449,88.1398483
2018-08-03,Murshidabad,344.0,0.0,301.41583337500003,1.195786409,3.0,24.1745993,88.2721335
2018-08-03,Nadia,0.0,0.0,298.973,0.36703976348,10.666666666666666,23.48454125,88.55676307
2018-08-03,North 24 Parganas,0.0,0.0,301.12,1.668240644,6.0,22.642931,88.8930579
2018-08-03,Paschim Medinipur,0.0,0.0,301.88,1.0445301023142857,8.0,22.3599134,87.41331448
2018-08-03,Purba Medinipur,0.0,0.0,303.55,0.6500070480173913,5.0,22.06217445,87.83672383
2018-08-03,Purulia,0.0,0.0,303.40000000000003,0.9024276265,3.0,23.3291882,86.3672378
2018-08-03,South 24 Parganas,0.0,0.0,302.25184615384615,0.37013335916153844,16.0,22.5760669,88.42006758
2018-08-03,Uttar Dinajpur,0.0,0.0,298.97,0.001412002241,,25.8707958,87.96259728
2018-08-04,Bankura,0.0,0.0,300.875,0.2139307529,5.0,23.13195425,87.2073972
2018-08-04,Bardhaman,0.0,0.0,300.9866666,0.0709529131,5.0,23.41146995,87.84499445
2018-08-04,Birbhum,0.0,0.0,306.40000000000003,0.5813826903,4.0,24.0,87.583333
2018-08-04,Burdwan,0.0,0.0,304.3333334,0.0797010194,20.0,23.2495714,87.8681751
2018-08-04,Dakshin Dinajpur,0.0,0.0,305.11,0.4473996566,19.0,25.38703085,88.50471505
2018-08-04,"Darjeeling, Jalpaiguri",0.0,0.0,300.0933334,1.789624224,7.0,26.8735351,88.6131918
2018-08-04,Hooghly,0.0,0.0,301.64,1.743330562,13.0,22.9052114,88.3760639
2018-08-04,Howrah,0.0,0.0,301.261977967033,0.26975165143076923,16.12087912087912,22.5736296,88.3251045
2018-08-04,Jalpaiguri,0.0,0.0,293.8118709677419,1.7483905998322578,36.516129032258064,26.4733048,88.67886686
2018-08-04,Malda,0.0,0.0,300.36,0.6536106912,19.0,25.0057449,88.1398483
2018-08-04,Murshidabad,391.0,0.0,301.8766667,1.107234671,4.0,24.1745993,88.2721335
2018-08-04,Nadia,0.0,0.0,298.62750000000005,0.36547096905,10.583333333333334,23.48454125,88.55676307
2018-08-04,North 24 Parganas,0.0,0.0,301.12,1.668240644,6.0,22.642931,88.8930579
2018-08-04,Paschim Medinipur,0.0,0.0,301.64,1.1817281001571427,7.0,22.3599134,87.41331448
2018-08-04,Purba Medinipur,0.0,0.0,303.58857142857147,0.6526963003304348,5.0,22.06217445,87.83672383
2018-08-04,Purulia,0.0,0.0,303.40000000000003,0.9024276265,3.0,23.3291882,86.3672378
2018-08-04,South 24 Parganas,0.0,0.0,302.2866923076923,0.38761364822307687,16.0,22.5760669,88.42006758
2018-08-04,Uttar Dinajpur,0.0,0.0,298.97,0.001412002241,,25.8707958,87.96259728
2018-08-06,Bankura,0.0,0.0,300.875,0.2139307529,5.0,23.13195425,87.2073972
2018-08-06,Bardhaman,0.0,0.0,300.9866666,0.0709529131,5.0,23.41146995,87.84499445
2018-08-06,Birbhum,0.0,0.0,306.40000000000003,0.5813826903,4.0,24.0,87.583333
2018-08-06,Burdwan,0.0,0.0,304.3333334,0.0797010194,20.0,23.2495714,87.8681751
2018-08-06,Dakshin Dinajpur,0.0,0.0,305.11,0.4473996566,19.0,25.38703085,88.50471505
2018-08-06,"Darjeeling, Jalpaiguri",0.0,0.0,300.0933334,1.789624224,7.0,26.8735351,88.6131918
2018-08-06,Hooghly,0.0,0.0,301.64,1.743330562,13.0,22.9052114,88.3760639
2018-08-06,Howrah,0.0,0.0,301.2272710065934,0.2712283806538462,16.175824175824175,22.5736296,88.3251045
2018-08-06,Jalpaiguri,0.0,0.0,293.9676129032258,1.686995828696774,36.54838709677419,26.4733048,88.67886686
2018-08-06,Malda,0.0,0.0,300.36,0.6536106912,19.0,25.0057449,88.1398483
2018-08-06,Murshidabad,532.0,0.0,302.337500025,1.147983465,5.0,24.1745993,88.2721335
2018-08-06,Nadia,0.0,0.0,298.28200000000004,0.36390217461999996,10.5,23.48454125,88.55676307
2018-08-06,North 24 Parganas,0.0,0.0,301.12,1.668240644,6.0,22.642931,88.8930579
2018-08-06,Paschim Medinipur,1430.0,0.0,301.40000000000003,1.318926098,6.0,22.3599134,87.41331448
2018-08-06,Purba Medinipur,0.0,0.0,303.62714285714287,0.6553855526434783,5.0,22.06217445,87.83672383
2018-08-06,Purulia,0.0,0.0,303.40000000000003,0.9024276265,3.0,23.3291882,86.3672378
2018-08-06,South 24 Parganas,0.0,0.0,302.32153846153847,0.4050939372846154,16.0,22.5760669,88.42006758
2018-08-06,Uttar Dinajpur,0.0,0.0,298.97,0.001412002241,,25.8707958,87.96259728
2018-08-14,Bankura,0.0,0.0,300.875,0.2139307529,5.0,23.13195425,87.2073972
2018-08-14,Bardhaman,0.0,0.0,300.9866666,0.0709529131,5.0,23.41146995,87.84499445
2018-08-14,Birbhum,0.0,0.0,306.40000000000003,0.5813826903,4.0,24.0,87.583333
2018-08-14,Burdwan,0.0,0.0,304.3333334,0.0797010194,20.0,23.2495714,87.8681751
2018-08-14,Dakshin Dinajpur,0.0,0.0,305.11,0.4473996566,19.0,25.38703085,88.50471505
2018-08-14,"Darjeeling, Jalpaiguri",0.0,0.0,300.0933334,1.789624224,7.0,26.8735351,88.6131918
2018-08-14,Hooghly,0.0,0.0,301.64,1.743330562,13.0,22.9052114,88.3760639
2018-08-14,Howrah,0.0,0.0,301.19256404615385,0.2727051098769231,16.23076923076923,22.5736296,88.3251045
2018-08-14,Jalpaiguri,0.0,0.0,294.1233548387097,1.62560105756129,36.58064516129032,26.4733048,88.67886686
2018-08-14,Malda,0.0,0.0,300.36,0.6536106912,19.0,25.0057449,88.1398483
2018-08-14,Murshidabad,0.0,0.0,302.79833335,0.8865522876333334,5.0,24.1745993,88.2721335
2018-08-14,Nadia,0.0,0.0,297.9365,0.36233338019,10.416666666666666,23.48454125,88.55676307
2018-08-14,North 24 Parganas,0.0,0.0,301.12,1.668240644,6.0,22.642931,88.8930579
2018-08-14,Paschim Medinipur,1568.0,0.0,301.16,0.3791070026,5.0,22.3599134,87.41331448
2018-08-14,Purba Medinipur,0.0,0.0,303.66571428571433,0.6580748049565217,5.0,22.06217445,87.83672383
2018-08-14,Purulia,0.0,0.0,303.40000000000003,0.9024276265,3.0,23.3291882,86.3672378
2018-08-14,South 24 Parganas,0.0,0.0,302.3563846153846,0.4225742263461538,16.0,22.5760669,88.42006758
2018-08-14,Uttar Dinajpur,0.0,0.0,298.97,0.001412002241,,25.8707958,87.96259728
2018-08-21,Bankura,0.0,0.0,300.875,0.2139307529,5.0,23.13195425,87.2073972
2018-08-21,Bardhaman,0.0,0.0,300.9866666,0.0709529131,5.0,23.41146995,87.84499445
2018-08-21,Birbhum,0.0,0.0,306.40000000000003,0.5813826903,4.0,24.0,87.583333
2018-08-21,Burdwan,0.0,0.0,304.3333334,0.0797010194,20.0,23.2495714,87.8681751
2018-08-21,Dakshin Dinajpur,0.0,0.0,305.11,0.4473996566,19.0,25.38703085,88.50471505
2018-08-21,"Darjeeling, Jalpaiguri",0.0,0.0,300.0933334,1.789624224,7.0,26.8735351,88.6131918
2018-08-21,Hooghly,0.0,0.0,301.64,1.743330562,13.0,22.9052114,88.3760639
2018-08-21,Howrah,0.0,0.0,301.1578570857143,0.27418183910000005,16.285714285714285,22.5736296,88.3251045
2018-08-21,Jalpaiguri,0.0,0.0,294.27909677419353,1.5642062864258062,36.61290322580645,26.4733048,88.67886686
2018-08-21,Malda,0.0,0.0,300.36,0.6536106912,19.0,25.0057449,88.1398483
2018-08-21,Murshidabad,0.0,0.0,303.259166675,0.6251211102666667,5.0,24.1745993,88.2721335
2018-08-21,Nadia,0.0,0.0,297.591,0.36076458576,10.333333333333334,23.48454125,88.55676307
2018-08-21,North 24 Parganas,0.0,0.0,301.12,1.668240644,6.0,22.642931,88.8930579
2018-08-21,Paschim Medinipur,497.0,0.0,300.84000000000003,0.5344839437,6.25,22.3599134,87.41331448
2018-08-21,Purba Medinipur,0.0,0.0,303.70428571428573,0.6607640572695652,5.0,22.06217445,87.83672383
2018-08-21,Purulia,0.0,0.0,303.40000000000003,0.9024276265,3.0,23.3291882,86.3672378
2018-08-21,South 24 Parganas,0.0,0.0,302.3912307692308,0.44005451540769225,16.0,22.5760669,88.42006758
2018-08-21,Uttar Dinajpur,0.0,0.0,298.97,0.001412002241,,25.8707958,87.96259728
2018-08-23,Bankura,0.0,0.0,300.875,0.2139307529,5.0,23.13195425,87.2073972
2018-08-23,Bardhaman,0.0,0.0,300.9866666,0.0709529131,5.0,23.41146995,87.84499445
2018-08-23,Birbhum,0.0,0.0,306.40000000000003,0.5813826903,4.0,24.0,87.583333
2018-08-23,Burdwan,0.0,0.0,304.3333334,0.0797010194,20.0,23.2495714,87.8681751
2018-08-23,Dakshin Dinajpur,0.0,0.0,305.11,0.4473996566,19.0,25.38703085,88.50471505
2018-08-23,"Darjeeling, Jalpaiguri",0.0,0.0,300.0933334,1.789624224,7.0,26.8735351,88.6131918
2018-08-23,Hooghly,0.0,0.0,301.64,1.743330562,13.0,22.9052114,88.3760639
2018-08-23,Howrah,0.0,0.0,301.1231501252747,0.27565856832307695,16.34065934065934,22.5736296,88.3251045
2018-08-23,Jalpaiguri,0.0,0.0,294.4348387096774,1.5028115152903223,36.645161290322584,26.4733048,88.67886686
2018-08-23,Malda,0.0,0.0,300.36,0.6536106912,19.0,25.0057449,88.1398483
2018-08-23,Murshidabad,651.0,0.0,303.72,0.3636899329,5.0,24.1745993,88.2721335
2018-08-23,Nadia,0.0,0.0,297.24550000000005,0.35919579133,10.25,23.48454125,88.55676307
2018-08-23,North 24 Parganas,0.0,0.0,301.12,1.668240644,6.0,22.642931,88.8930579
2018-08-23,Paschim Medinipur,0.0,0.0,301.08000000000004,0.5828759762333333,7.5,22.3599134,87.41331448
2018-08-23,Purba Medinipur,0.0,0.0,303.7428571428572,0.6634533095826087,5.0,22.06217445,87.83672383
2018-08-23,Purulia,0.0,0.0,303.40000000000003,0.9024276265,3.0,23.3291882,86.3672378
2018-08-23,South 24 Parganas,0.0,0.0,302.42607692307695,0.4575348044692308,16.0,22.5760669,88.42006758
2018-08-23,Uttar Dinajpur,0.0,0.0,298.97,0.001412002241,,25.8707958,87.96259728
2018-08-28,Bankura,0.0,0.0,300.875,0.2139307529,5.0,23.13195425,87.2073972
2018-08-28,Bardhaman,0.0,0.0,300.9866666,0.0709529131,5.0,23.41146995,87.84499445
2018-08-28,Birbhum,0.0,0.0,306.40000000000003,0.5813826903,4.0,24.0,87.583333
2018-08-28,Burdwan,0.0,0.0,304.3333334,0.0797010194,20.0,23.2495714,87.8681751
2018-08-28,Dakshin Dinajpur,0.0,0.0,305.11,0.4473996566,19.0,25.38703085,88.50471505
2018-08-28,"Darjeeling, Jalpaiguri",0.0,0.0,300.0933334,1.789624224,7.0,26.8735351,88.6131918
2018-08-28,Hooghly,0.0,0.0,301.64,1.743330562,13.0,22.9052114,88.3760639
2018-08-28,Howrah,0.0,0.0,301.08844316483516,0.27713529754615385,16.395604395604394,22.5736296,88.3251045
2018-08-28,Jalpaiguri,0.0,0.0,294.5905806451613,1.4414167441548384,36.67741935483871,26.4733048,88.67886686
2018-08-28,Malda,0.0,0.0,300.36,0.6536106912,19.0,25.0057449,88.1398483
2018-08-28,Murshidabad,0.0,0.0,303.786,0.40148374998,5.3,24.1745993,88.2721335
2018-08-28,Nadia,465.0,0.0,296.90000000000003,0.3576269969,10.166666666666666,23.48454125,88.55676307
2018-08-28,North 24 Parganas,0.0,0.0,301.12,1.668240644,6.0,22.642931,88.8930579
2018-08-28,Paschim Medinipur,0.0,0.0,301.32,0.6312680087666667,8.75,22.3599134,87.41331448
2018-08-28,Purba Medinipur,0.0,0.0,303.7814285714286,0.6661425618956521,5.0,22.06217445,87.83672383
2018-08-28,Purulia,0.0,0.0,303.40000000000003,0.9024276265,3.0,23.3291882,86.3672378
2018-08-28,South 24 Parganas,0.0,0.0,302.4609230769231,0.4750150935307692,16.0,22.5760669,88.42006758
2018-08-28,Uttar Dinajpur,0.0,0.0,298.97,0.001412002241,,25.8707958,87.96259728
2018-09-04,Bankura,0.0,0.0,300.875,0.2139307529,5.0,23.13195425,87.2073972
2018-09-04,Bardhaman,0.0,0.0,300.9866666,0.0709529131,5.0,23.41146995,87.84499445
2018-09-04,Birbhum,0.0,0.0,306.40000000000003,0.5813826903,4.0,24.0,87.583333
2018-09-04,Burdwan,0.0,0.0,304.3333334,0.0797010194,20.0,23.2495714,87.8681751
2018-09-04,Dakshin Dinajpur,0.0,0.0,305.11,0.4473996566,19.0,25.38703085,88.50471505
2018-09-04,"Darjeeling, Jalpaiguri",0.0,0.0,300.0933334,1.789624224,7.0,26.8735351,88.6131918
2018-09-04,Hooghly,0.0,0.0,301.64,1.743330562,13.0,22.9052114,88.3760639
2018-09-04,Howrah,0.0,0.0,301.0537362043956,0.2786120267692308,16.450549450549453,22.5736296,88.3251045
2018-09-04,Jalpaiguri,0.0,0.0,294.7463225806452,1.3800219730193546,36.70967741935484,26.4733048,88.67886686
2018-09-04,Malda,0.0,0.0,300.36,0.6536106912,19.0,25.0057449,88.1398483
2018-09-04,Murshidabad,0.0,0.0,303.85200000000003,0.43927756706,5.6,24.1745993,88.2721335
2018-09-04,Nadia,0.0,0.0,298.59250000000003,0.4880951671,10.083333333333334,23.48454125,88.55676307
2018-09-04,North 24 Parganas,0.0,0.0,301.12,1.668240644,6.0,22.642931,88.8930579
2018-09-04,Paschim Medinipur,1430.0,0.0,301.56,0.6796600413,10.0,22.3599134,87.41331448
2018-09-04,Purba Medinipur,0.0,0.0,303.82000000000005,0.6688318142086956,5.0,22.06217445,87.83672383
2018-09-04,Purulia,0.0,0.0,303.40000000000003,0.9024276265,3.0,23.3291882,86.3672378
2018-09-04,South 24 Parganas,0.0,0.0,302.49576923076927,0.49249538259230763,16.0,22.5760669,88.42006758
2018-09-04,Uttar Dinajpur,0.0,0.0,298.97,0.001412002241,,25.8707958,87.96259728
2018-09-07,Bankura,0.0,0.0,300.875,0.2139307529,5.0,23.13195425,87.2073972
2018-09-07,Bardhaman,0.0,0.0,300.9866666,0.0709529131,5.0,23.41146995,87.84499445
2018-09-07,Birbhum,0.0,0.0,306.40000000000003,0.5813826903,4.0,24.0,87.583333
2018-09-07,Burdwan,0.0,0.0,304.3333334,0.0797010194,20.0,23.2495714,87.8681751
2018-09-07,Dakshin Dinajpur,0.0,0.0,305.11,0.4473996566,19.0,25.38703085,88.50471505
2018-09-07,"Darjeeling, Jalpaiguri",0.0,0.0,300.0933334,1.789624224,7.0,26.8735351,88.6131918
2018-09-07,Hooghly,0.0,0.0,301.64,1.743330562,13.0,22.9052114,88.3760639
2018-09-07,Howrah,0.0,0.0,301.019029243956,0.2800887559923077,16.505494505494504,22.5736296,88.3251045
2018-09-07,Jalpaiguri,0.0,0.0,294.90206451612903,1.3186272018838707,36.74193548387097,26.4733048,88.67886686
2018-09-07,Malda,0.0,0.0,300.36,0.6536106912,19.0,25.0057449,88.1398483
2018-09-07,Murshidabad,0.0,0.0,303.918,0.47707138414,5.9,24.1745993,88.2721335
2018-09-07,Nadia,479.0,0.0,300.285,0.6185633373,10.0,23.48454125,88.55676307
2018-09-07,North 24 Parganas,0.0,0.0,301.12,1.668240644,6.0,22.642931,88.8930579
2018-09-07,Paschim Medinipur,0.0,0.0,301.56,0.6796600413,10.0,22.3599134,87.41331448
2018-09-07,Purba Medinipur,0.0,0.0,303.85857142857145,0.6715210665217392,5.0,22.06217445,87.83672383
2018-09-07,Purulia,0.0,0.0,303.40000000000003,0.9024276265,3.0,23.3291882,86.3672378
2018-09-07,South 24 Parganas,0.0,0.0,302.5306153846154,0.5099756716538462,16.0,22.5760669,88.42006758
2018-09-07,Uttar Dinajpur,0.0,0.0,298.97,0.001412002241,,25.8707958,87.96259728
2018-09-09,Bankura,0.0,0.0,300.875,0.2139307529,5.0,23.13195425,87.2073972
2018-09-09,Bardhaman,0.0,0.0,300.9866666,0.0709529131,5.0,23.41146995,87.84499445
2018-09-09,Birbhum,0.0,0.0,306.40000000000003,0.5813826903,4.0,24.0,87.583333
2018-09-09,Burdwan,0.0,0.0,304.3333334,0.0797010194,20.0,23.2495714,87.8681751
2018-09-09,Dakshin Dinajpur,0.0,0.0,305.11,0.4473996566,19.0,25.38703085,88.50471505
2018-09-09,"Darjeeling, Jalpaiguri",0.0,0.0,300.0933334,1.789624224,7.0,26.8735351,88.6131918
2018-09-09,Hooghly,0.0,0.0,301.64,1.743330562,13.0,22.9052114,88.3760639
2018-09-09,Howrah,0.0,0.0,300.98432228351646,0.28156548521538466,16.560439560439562,22.5736296,88.3251045
2018-09-09,Jalpaiguri,0.0,0.0,295.0578064516129,1.2572324307483869,36.774193548387096,26.4733048,88.67886686
2018-09-09,Malda,0.0,0.0,300.36,0.6536106912,19.0,25.0057449,88.1398483
2018-09-09,Murshidabad,0.0,0.0,303.98400000000004,0.51486520122,6.2,24.1745993,88.2721335
2018-09-09,Nadia,286.0,0.0,300.48,0.563266366,10.0,23.48454125,88.55676307
2018-09-09,North 24 Parganas,0.0,0.0,301.12,1.668240644,6.0,22.642931,88.8930579
2018-09-09,Paschim Medinipur,0.0,0.0,301.56,0.6796600413,10.0,22.3599134,87.41331448
2018-09-09,Purba Medinipur,0.0,0.0,303.8971428571429,0.6742103188347826,5.0,22.06217445,87.83672383
2018-09-09,Purulia,0.0,0.0,303.40000000000003,0.9024276265,3.0,23.3291882,86.3672378
2018-09-09,South 24 Parganas,0.0,0.0,302.56546153846153,0.5274559607153846,16.0,22.5760669,88.42006758
2018-09-09,Uttar Dinajpur,0.0,0.0,298.97,0.001412002241,,25.8707958,87.96259728
2018-09-10,Bankura,0.0,0.0,300.875,0.2139307529,5.0,23.13195425,87.2073972
2018-09-10,Bardhaman,0.0,0.0,300.9866666,0.0709529131,5.0,23.41146995,87.84499445
2018-09-10,Birbhum,0.0,0.0,306.40000000000003,0.5813826903,4.0,24.0,87.583333
2018-09-10,Burdwan,0.0,0.0,304.3333334,0.0797010194,20.0,23.2495714,87.8681751
2018-09-10,Dakshin Dinajpur,0.0,0.0,305.11,0.4473996566,19.0,25.38703085,88.50471505
2018-09-10,"Darjeeling, Jalpaiguri",0.0,0.0,300.0933334,1.789624224,7.0,26.8735351,88.6131918
2018-09-10,Hooghly,0.0,0.0,301.64,1.743330562,13.0,22.9052114,88.3760639
2018-09-10,Howrah,0.0,0.0,300.94961532307696,0.28304221443846156,16.615384615384613,22.5736296,88.3251045
2018-09-10,Jalpaiguri,0.0,0.0,295.2135483870968,1.195837659612903,36.806451612903224,26.4733048,88.67886686
2018-09-10,Malda,0.0,0.0,300.36,0.6536106912,19.0,25.0057449,88.1398483
2018-09-10,Murshidabad,0.0,0.0,304.05,0.5526590183,6.5,24.1745993,88.2721335
2018-09-10,Nadia,587.0,0.0,301.28000000000003,0.531875786,10.0,23.48454125,88.55676307
2018-09-10,North 24 Parganas,0.0,0.0,301.12,1.668240644,6.0,22.642931,88.8930579
2018-09-10,Paschim Medinipur,0.0,0.0,301.56,0.6796600413,10.0,22.3599134,87.41331448
2018-09-10,Purba Medinipur,0.0,0.0,303.9357142857143,0.6768995711478261,5.0,22.06217445,87.83672383
2018-09-10,Purulia,0.0,0.0,303.40000000000003,0.9024276265,3.0,23.3291882,86.3672378
2018-09-10,South 24 Parganas,0.0,0.0,302.6003076923077,0.544936249776923,16.0,22.5760669,88.42006758
2018-09-10,Uttar Dinajpur,0.0,0.0,298.97,0.001412002241,,25.8707958,87.96259728
2018-09-14,Bankura,0.0,0.0,300.875,0.2139307529,5.0,23.13195425,87.2073972
2018-09-14,Bardhaman,0.0,0.0,300.9866666,0.0709529131,5.0,23.41146995,87.84499445
2018-09-14,Birbhum,0.0,0.0,306.40000000000003,0.5813826903,4.0,24.0,87.583333
2018-09-14,Burdwan,0.0,0.0,304.3333334,0.0797010194,20.0,23.2495714,87.8681751
2018-09-14,Dakshin Dinajpur,0.0,0.0,305.11,0.4473996566,19.0,25.38703085,88.50471505
2018-09-14,"Darjeeling, Jalpaiguri",0.0,0.0,300.0933334,1.789624224,7.0,26.8735351,88.6131918
2018-09-14,Hooghly,0.0,0.0,301.64,1.743330562,13.0,22.9052114,88.3760639
2018-09-14,Howrah,0.0,0.0,300.9149083626374,0.2845189436615385,16.67032967032967,22.5736296,88.3251045
2018-09-14,Jalpaiguri,0.0,0.0,295.36929032258064,1.1344428884774191,36.83870967741935,26.4733048,88.67886686
2018-09-14,Malda,0.0,0.0,300.36,0.6536106912,19.0,25.0057449,88.1398483
2018-09-14,Murshidabad,0.0,0.0,304.116,0.59045283538,6.8,24.1745993,88.2721335
2018-09-14,Nadia,419.0,0.0,297.98,0.2905312603,9.666666666666666,23.48454125,88.55676307
2018-09-14,North 24 Parganas,0.0,0.0,301.12,1.668240644,6.0,22.642931,88.8930579
2018-09-14,Paschim Medinipur,0.0,0.0,301.56,0.6796600413,10.0,22.3599134,87.41331448
2018-09-14,Purba Medinipur,0.0,0.0,303.97428571428577,0.6795888234608696,5.0,22.06217445,87.83672383
2018-09-14,Purulia,0.0,0.0,303.40000000000003,0.9024276265,3.0,23.3291882,86.3672378
2018-09-14,South 24 Parganas,0.0,0.0,302.63515384615386,0.5624165388384615,16.0,22.5760669,88.42006758
2018-09-14,Uttar Dinajpur,0.0,0.0,298.97,0.001412002241,,25.8707958,87.96259728
2018-09-21,Bankura,0.0,0.0,300.875,0.2139307529,5.0,23.13195425,87.2073972
2018-09-21,Bardhaman,0.0,0.0,300.9866666,0.0709529131,5.0,23.41146995,87.84499445
2018-09-21,Birbhum,0.0,0.0,306.40000000000003,0.5813826903,4.0,24.0,87.583333
2018-09-21,Burdwan,0.0,0.0,304.3333334,0.0797010194,20.0,23.2495714,87.8681751
2018-09-21,Dakshin Dinajpur,0.0,0.0,305.11,0.4473996566,19.0,25.38703085,88.50471505
2018-09-21,"Darjeeling, Jalpaiguri",0.0,0.0,300.0933334,1.789624224,7.0,26.8735351,88.6131918
2018-09-21,Hooghly,0.0,0.0,301.64,1.743330562,13.0,22.9052114,88.3760639
2018-09-21,Howrah,0.0,0.0,300.8802014021978,0.2859956728846154,16.725274725274726,22.5736296,88.3251045
2018-09-21,Jalpaiguri,0.0,0.0,295.5250322580645,1.0730481173419353,36.87096774193548,26.4733048,88.67886686
2018-09-21,Malda,0.0,0.0,300.36,0.6536106912,19.0,25.0057449,88.1398483
2018-09-21,Murshidabad,0.0,0.0,304.182,0.62824665246,7.1,24.1745993,88.2721335
2018-09-21,Nadia,0.0,0.0,299.655,0.48808767175,9.333333333333334,23.48454125,88.55676307
2018-09-21,North 24 Parganas,0.0,0.0,301.12,1.668240644,6.0,22.642931,88.8930579
2018-09-21,Paschim Medinipur,0.0,0.0,301.56,0.6796600413,10.0,22.3599134,87.41331448
2018-09-21,Purba Medinipur,0.0,0.0,304.0128571428572,0.6822780757739131,5.0,22.06217445,87.83672383
2018-09-21,Purulia,0.0,0.0,303.40000000000003,0.9024276265,3.0,23.3291882,86.3672378
2018-09-21,South 24 Parganas,728.0,0.0,302.67,0.5798968279,16.0,22.5760669,88.42006758
2018-09-21,Uttar Dinajpur,0.0,0.0,298.97,0.001412002241,,25.8707958,87.96259728
2019-08-09,Bankura,0.0,0.0,300.875,0.2139307529,5.0,23.13195425,87.2073972
2019-08-09,Bardhaman,0.0,0.0,300.9866666,0.0709529131,5.0,23.41146995,87.84499445
2019-08-09,Birbhum,0.0,0.0,306.40000000000003,0.5813826903,4.0,24.0,87.583333
2019-08-09,Burdwan,0.0,0.0,304.3333334,0.0797010194,20.0,23.2495714,87.8681751
2019-08-09,Dakshin Dinajpur,0.0,0.0,305.11,0.4473996566,19.0,25.38703085,88.50471505
2019-08-09,"Darjeeling, Jalpaiguri",0.0,0.0,300.0933334,1.789624224,7.0,26.8735351,88.6131918
2019-08-09,Hooghly,0.0,0.0,301.64,1.743330562,13.0,22.9052114,88.3760639
2019-08-09,Howrah,0.0,0.0,300.84549444175826,0.2874724021076923,16.78021978021978,22.5736296,88.3251045
2019-08-09,Jalpaiguri,0.0,0.0,295.6807741935484,1.0116533462064514,36.903225806451616,26.4733048,88.67886686
2019-08-09,Malda,0.0,0.0,300.36,0.6536106912,19.0,25.0057449,88.1398483
2019-08-09,Murshidabad,0.0,0.0,304.248,0.66604046954,7.4,24.1745993,88.2721335
2019-08-09,Nadia,27.0,0.0,301.33,0.6856440832,9.0,23.48454125,88.55676307
2019-08-09,North 24 Parganas,0.0,0.0,301.12,1.668240644,6.0,22.642931,88.8930579
2019-08-09,Paschim Medinipur,0.0,0.0,301.56,0.6796600413,10.0,22.3599134,87.41331448
2019-08-09,Purba Medinipur,0.0,0.0,304.05142857142863,0.6849673280869565,5.0,22.06217445,87.83672383
2019-08-09,Purulia,0.0,0.0,303.40000000000003,0.9024276265,3.0,23.3291882,86.3672378
2019-08-09,South 24 Parganas,0.0,0.0,302.67,0.5798968279,16.0,22.5760669,88.42006758
2019-08-09,Uttar Dinajpur,0.0,0.0,298.97,0.001412002241,,25.8707958,87.96259728
2019-08-12,Bankura,0.0,0.0,300.875,0.2139307529,5.0,23.13195425,87.2073972
2019-08-12,Bardhaman,0.0,0.0,300.9866666,0.0709529131,5.0,23.41146995,87.84499445
2019-08-12,Birbhum,0.0,0.0,306.40000000000003,0.5813826903,4.0,24.0,87.583333
2019-08-12,Burdwan,0.0,0.0,304.3333334,0.0797010194,20.0,23.2495714,87.8681751
2019-08-12,Dakshin Dinajpur,0.0,0.0,305.11,0.4473996566,19.0,25.38703085,88.50471505
2019-08-12,"Darjeeling, Jalpaiguri",0.0,0.0,300.0933334,1.789624224,7.0,26.8735351,88.6131918
2019-08-12,Hooghly,0.0,0.0,301.64,1.743330562,13.0,22.9052114,88.3760639
2019-08-12,Howrah,0.0,0.0,300.8107874813187,0.28894913133076927,16.835164835164836,22.5736296,88.3251045
2019-08-12,Jalpaiguri,0.0,0.0,295.8365161290323,0.9502585750709676,36.935483870967744,26.4733048,88.67886686
2019-08-12,Malda,0.0,0.0,300.36,0.6536106912,19.0,25.0057449,88.1398483
2019-08-12,Murshidabad,0.0,0.0,304.314,0.70383428662,7.699999999999999,24.1745993,88.2721335
2019-08-12,Nadia,0.0,0.0,301.33,0.6856440832,9.0,23.48454125,88.55676307
2019-08-12,North 24 Parganas,0.0,0.0,301.12,1.668240644,6.0,22.642931,88.8930579
2019-08-12,Paschim Medinipur,0.0,0.0,301.56,0.6796600413,10.0,22.3599134,87.41331448
2019-08-12,Purba Medinipur,892.0,0.0,304.09000000000003,0.6876565804,5.0,22.06217445,87.83672383
2019-08-12,Purulia,0.0,0.0,303.40000000000003,0.9024276265,3.0,23.3291882,86.3672378
2019-08-12,South 24 Parganas,0.0,0.0,302.67,0.5798968279,16.0,22.5760669,88.42006758
2019-08-12,Uttar Dinajpur,0.0,0.0,298.97,0.001412002241,,25.8707958,87.96259728
2019-08-16,Bankura,0.0,0.0,300.875,0.2139307529,5.0,23.13195425,87.2073972
2019-08-16,Bardhaman,0.0,0.0,300.9866666,0.0709529131,5.0,23.41146995,87.84499445
2019-08-16,Birbhum,0.0,0.0,306.40000000000003,0.5813826903,4.0,24.0,87.583333
2019-08-16,Burdwan,0.0,0.0,304.3333334,0.0797010194,20.0,23.2495714,87.8681751
2019-08-16,Dakshin Dinajpur,0.0,0.0,305.11,0.4473996566,19.0,25.38703085,88.50471505
2019-08-16,"Darjeeling, Jalpaiguri",0.0,0.0,300.0933334,1.789624224,7.0,26.8735351,88.6131918
2019-08-16,Hooghly,0.0,0.0,301.64,1.743330562,13.0,22.9052114,88.3760639
2019-08-16,Howrah,0.0,0.0,300.77608052087913,0.29042586055384617,16.89010989010989,22.5736296,88.3251045
2019-08-16,Jalpaiguri,0.0,0.0,295.99225806451614,0.8888638039354837,36.96774193548387,26.4733048,88.67886686
2019-08-16,Malda,0.0,0.0,300.36,0.6536106912,19.0,25.0057449,88.1398483
2019-08-16,Murshidabad,497.0,0.0,304.38,0.7416281037,8.0,24.1745993,88.2721335
2019-08-16,Nadia,0.0,0.0,301.33,0.6856440832,9.0,23.48454125,88.55676307
2019-08-16,North 24 Parganas,0.0,0.0,301.12,1.668240644,6.0,22.642931,88.8930579
2019-08-16,Paschim Medinipur,0.0,0.0,301.56,0.6796600413,10.0,22.3599134,87.41331448
2019-08-16,Purba Medinipur,0.0,0.0,304.09000000000003,0.6876565804,5.0,22.06217445,87.83672383
2019-08-16,Purulia,0.0,0.0,303.40000000000003,0.9024276265,3.0,23.3291882,86.3672378
2019-08-16,South 24 Parganas,0.0,0.0,302.67,0.5798968279,16.0,22.5760669,88.42006758
2019-08-16,Uttar Dinajpur,0.0,0.0,298.97,0.001412002241,,25.8707958,87.96259728
2021-09-10,Bankura,0.0,0.0,300.875,0.2139307529,5.0,23.13195425,87.2073972
2021-09-10,Bardhaman,0.0,0.0,300.9866666,0.0709529131,5.0,23.41146995,87.84499445
2021-09-10,Birbhum,0.0,0.0,306.40000000000003,0.5813826903,4.0,24.0,87.583333
2021-09-10,Burdwan,0.0,0.0,304.3333334,0.0797010194,20.0,23.2495714,87.8681751
2021-09-10,Dakshin Dinajpur,0.0,0.0,305.11,0.4473996566,19.0,25.38703085,88.50471505
2021-09-10,"Darjeeling, Jalpaiguri",0.0,0.0,300.0933334,1.789624224,7.0,26.8735351,88.6131918
2021-09-10,Hooghly,0.0,0.0,301.64,1.743330562,13.0,22.9052114,88.3760639
2021-09-10,Howrah,0.0,0.0,300.74137356043957,0.29190258977692307,16.945054945054945,22.5736296,88.3251045
2021-09-10,Jalpaiguri,119.0,1.0,296.148,0.8274690328,37.0,26.4733048,88.67886686
2021-09-10,Malda,0.0,0.0,300.36,0.6536106912,19.0,25.0057449,88.1398483
2021-09-10,Murshidabad,0.0,0.0,304.38,0.7416281037,8.0,24.1745993,88.2721335
2021-09-10,Nadia,0.0,0.0,301.33,0.6856440832,9.0,23.48454125,88.55676307
2021-09-10,North 24 Parganas,0.0,0.0,301.12,1.668240644,6.0,22.642931,88.8930579
2021-09-10,Paschim Medinipur,0.0,0.0,301.56,0.6796600413,10.0,22.3599134,87.41331448
2021-09-10,Purba Medinipur,0.0,0.0,304.09000000000003,0.6876565804,5.0,22.06217445,87.83672383
2021-09-10,Purulia,0.0,0.0,303.40000000000003,0.9024276265,3.0,23.3291882,86.3672378
2021-09-10,South 24 Parganas,0.0,0.0,302.67,0.5798968279,16.0,22.5760669,88.42006758
2021-09-10,Uttar Dinajpur,0.0,0.0,298.97,0.001412002241,,25.8707958,87.96259728
2021-10-17,Bankura,0.0,0.0,300.875,0.2139307529,5.0,23.13195425,87.2073972
2021-10-17,Bardhaman,0.0,0.0,300.9866666,0.0709529131,5.0,23.41146995,87.84499445
2021-10-17,Birbhum,0.0,0.0,306.40000000000003,0.5813826903,4.0,24.0,87.583333
2021-10-17,Burdwan,0.0,0.0,304.3333334,0.0797010194,20.0,23.2495714,87.8681751
2021-10-17,Dakshin Dinajpur,0.0,0.0,305.11,0.4473996566,19.0,25.38703085,88.50471505
2021-10-17,"Darjeeling, Jalpaiguri",0.0,0.0,300.0933334,1.789624224,7.0,26.8735351,88.6131918
2021-10-17,Hooghly,0.0,0.0,301.64,1.743330562,13.0,22.9052114,88.3760639
2021-10-17,Howrah,290.0,0.0,300.7066666,0.293379319,17.0,22.5736296,88.3251045
2021-10-17,Jalpaiguri,0.0,0.0,300.374,0.52180533755,37.0,26.4733048,88.67886686
2021-10-17,Malda,0.0,0.0,300.36,0.6536106912,19.0,25.0057449,88.1398483
2021-10-17,Murshidabad,0.0,0.0,304.38,0.7416281037,8.0,24.1745993,88.2721335
2021-10-17,Nadia,0.0,0.0,301.33,0.6856440832,9.0,23.48454125,88.55676307
2021-10-17,North 24 Parganas,0.0,0.0,301.12,1.668240644,6.0,22.642931,88.8930579
2021-10-17,Paschim Medinipur,0.0,0.0,301.56,0.6796600413,10.0,22.3599134,87.41331448
2021-10-17,Purba Medinipur,0.0,0.0,304.09000000000003,0.6876565804,5.0,22.06217445,87.83672383
2021-10-17,Purulia,0.0,0.0,303.40000000000003,0.9024276265,3.0,23.3291882,86.3672378
2021-10-17,South 24 Parganas,0.0,0.0,302.67,0.5798968279,16.0,22.5760669,88.42006758
2021-10-17,Uttar Dinajpur,0.0,0.0,298.97,0.001412002241,,25.8707958,87.96259728
2022-05-08,Bankura,0.0,0.0,300.875,0.2139307529,5.0,23.13195425,87.2073972
2022-05-08,Bardhaman,0.0,0.0,300.9866666,0.0709529131,5.0,23.41146995,87.84499445
2022-05-08,Birbhum,0.0,0.0,306.40000000000003,0.5813826903,4.0,24.0,87.583333
2022-05-08,Burdwan,0.0,0.0,304.3333334,0.0797010194,20.0,23.2495714,87.8681751
2022-05-08,Dakshin Dinajpur,0.0,0.0,305.11,0.4473996566,19.0,25.38703085,88.50471505
2022-05-08,"Darjeeling, Jalpaiguri",0.0,0.0,300.0933334,1.789624224,7.0,26.8735351,88.6131918
2022-05-08,Hooghly,0.0,0.0,301.64,1.743330562,13.0,22.9052114,88.3760639
2022-05-08,Howrah,0.0,0.0,300.7066666,0.293379319,17.0,22.5736296,88.3251045
2022-05-08,Jalpaiguri,272.0,0.0,304.6,0.2161416423,37.0,26.4733048,88.67886686
2022-05-08,Malda,0.0,0.0,300.36,0.6536106912,19.0,25.0057449,88.1398483
2022-05-08,Murshidabad,0.0,0.0,304.38,0.7416281037,8.0,24.1745993,88.2721335
2022-05-08,Nadia,0.0,0.0,301.33,0.6856440832,9.0,23.48454125,88.55676307
2022-05-08,North 24 Parganas,0.0,0.0,301.12,1.668240644,6.0,22.642931,88.8930579
2022-05-08,Paschim Medinipur,0.0,0.0,301.56,0.6796600413,10.0,22.3599134,87.41331448
2022-05-08,Purba Medinipur,0.0,0.0,304.09000000000003,0.6876565804,5.0,22.06217445,87.83672383
2022-05-08,Purulia,0.0,0.0,303.40000000000003,0.9024276265,3.0,23.3291882,86.3672378
2022-05-08,South 24 Parganas,0.0,0.0,302.67,0.5798968279,16.0,22.5760669,88.42006758
2022-05-08,Uttar Dinajpur,0.0,0.0,298.97,0.001412002241,,25.8707958,87.96259728
