target_date,source,target,weight
2010-11-21,Bankura,Bardhaman,0.21351109818178832
2010-11-21,Bankura,Birbhum,0.17901196241348147
2010-11-21,Bankura,Burdwan,0.21755421218043822
2010-11-21,Bankura,Paschim Medinipur,0.1950689445291359
2010-11-21,Bankura,Purulia,0.19485377719325256
2010-11-21,Bardhaman,Bankura,0.15201505039746283
2010-11-21,Bardhaman,Birbhum,0.1532965063608821
2010-11-21,Bardhaman,Burdwan,0.2052837095359718
2010-11-21,Bardhaman,Murshidabad,0.1336318521254899
2010-11-21,Bardhaman,Nadia,0.25778607895776534
2010-11-21,Bardhaman,Purulia,0.0979867987051977
2010-11-21,Birbhum,Bankura,0.16212325386292978
2010-11-21,Birbhum,Bardhaman,0.1949976519694785
2010-11-21,Birbhum,Burdwan,0.17672467415333593
2010-11-21,Birbhum,Malda,0.1439612450167808
2010-11-21,Birbhum,Murshidabad,0.19293597214944844
2010-11-21,Birbhum,Purulia,0.12925719786519463
2010-11-21,Burdwan,Bankura,0.169699766498913
2010-11-21,Burdwan,Bardhaman,0.2249065490643815
2010-11-21,Burdwan,Birbhum,0.15221157505072636
2010-11-21,Burdwan,Hooghly,0.1737609788664688
2010-11-21,Burdwan,Nadia,0.27942112622783627
2010-11-21,Dakshin Dinajpur,"Darjeeling, Jalpaiguri",0.1443031326657911
2010-11-21,Dakshin Dinajpur,Jalpaiguri,0.18391716855299528
2010-11-21,Dakshin Dinajpur,Malda,0.2654300951929455
2010-11-21,Dakshin Dinajpur,Murshidabad,0.16937499061937317
2010-11-21,Dakshin Dinajpur,Uttar Dinajpur,0.23697460671442686
2010-11-21,"Darjeeling, Jalpaiguri",Dakshin Dinajpur,0.20196852756760716
2010-11-21,"Darjeeling, Jalpaiguri",Jalpaiguri,0.3951654797625374
2010-11-21,"Darjeeling, Jalpaiguri",Malda,0.15518837891219384
2010-11-21,"Darjeeling, Jalpaiguri",Uttar Dinajpur,0.24767760500382713
2010-11-21,Hooghly,Burdwan,0.14672524148790422
2010-11-21,Hooghly,Howrah,0.17078876518066785
2010-11-21,Hooghly,Nadia,0.24664467919953936
2010-11-21,Hooghly,North 24 Parganas,0.15006165141302635
2010-11-21,Hooghly,Purba Medinipur,0.11464628059441262
2010-11-21,Hooghly,South 24 Parganas,0.17113337850052388
2010-11-21,Howrah,Hooghly,0.2184709882060173
2010-11-21,Howrah,North 24 Parganas,0.19377150404387067
2010-11-21,Howrah,Paschim Medinipur,0.15698361278972994
2010-11-21,Howrah,Purba Medinipur,0.17621479222644662
2010-11-21,Howrah,South 24 Parganas,0.25455909809825183
2010-11-21,Jalpaiguri,Dakshin Dinajpur,0.22541539988239107
2010-11-21,Jalpaiguri,"Darjeeling, Jalpaiguri",0.3460448335733827
2010-11-21,Jalpaiguri,Malda,0.17083192824864296
2010-11-21,Jalpaiguri,Uttar Dinajpur,0.25770783062988534
2010-11-21,Malda,Birbhum,0.16097692543753456
2010-11-21,Malda,Dakshin Dinajpur,0.23645802225247903
2010-11-21,Malda,"Darjeeling, Jalpaiguri",0.09877684411167223
2010-11-21,Malda,Jalpaiguri,0.1241685536704394
2010-11-21,Malda,Murshidabad,0.19215358898735985
2010-11-21,Malda,Uttar Dinajpur,0.187466059968731
2010-11-21,Murshidabad,Bardhaman,0.17315415378905602
2010-11-21,Murshidabad,Birbhum,0.1965345957082899
2010-11-21,Murshidabad,Dakshin Dinajpur,0.13745512644647773
2010-11-21,Murshidabad,Malda,0.1750476432505954
2010-11-21,Murshidabad,Nadia,0.3178084757298097
2010-11-21,Nadia,Bardhaman,0.20672813555487246
2010-11-21,Nadia,Burdwan,0.2045275193303007
2010-11-21,Nadia,Hooghly,0.21380196118235517
2010-11-21,Nadia,Murshidabad,0.1966901791428371
2010-11-21,Nadia,North 24 Parganas,0.1782521994358691
2010-11-21,North 24 Parganas,Hooghly,0.2249651339660925
2010-11-21,North 24 Parganas,Howrah,0.22709152602995222
2010-11-21,North 24 Parganas,Nadia,0.3082765263150208
2010-11-21,North 24 Parganas,South 24 Parganas,0.23966680825612094
2010-11-21,Paschim Medinipur,Bankura,0.20969249791251784
2010-11-21,Paschim Medinipur,Howrah,0.20028493193087257
2010-11-21,Paschim Medinipur,Purba Medinipur,0.25288409347401003
2010-11-21,Paschim Medinipur,Purulia,0.14721054617245763
2010-11-21,Paschim Medinipur,South 24 Parganas,0.1899279245957821
2010-11-21,Purba Medinipur,Hooghly,0.2123619515104214
2010-11-21,Purba Medinipur,Howrah,0.25516706925375043
2010-11-21,Purba Medinipur,Paschim Medinipur,0.28701845260123243
2010-11-21,Purba Medinipur,South 24 Parganas,0.24545251992191408
2010-11-21,Purulia,Bankura,0.31831225977540933
2010-11-21,Purulia,Bardhaman,0.22482570947135533
2010-11-21,Purulia,Birbhum,0.23315031982693918
2010-11-21,Purulia,Paschim Medinipur,0.2237117019384109
2010-11-21,South 24 Parganas,Hooghly,0.21971499707324385
2010-11-21,South 24 Parganas,Howrah,0.255493070894813
2010-11-21,South 24 Parganas,North 24 Parganas,0.2052519900082962
2010-11-21,South 24 Parganas,Paschim Medinipur,0.1494119616785286
2010-11-21,South 24 Parganas,Purba Medinipur,0.17012797569242663
2010-11-21,Uttar Dinajpur,Dakshin Dinajpur,0.28392563846798746
2010-11-21,Uttar Dinajpur,"Darjeeling, Jalpaiguri",0.212022328279448
2010-11-21,Uttar Dinajpur,Jalpaiguri,0.2519237454218101
2010-11-21,Uttar Dinajpur,Malda,0.2521282803371082
2011-03-01,Bankura,Bardhaman,0.21351109818178826
2011-03-01,Bankura,Birbhum,0.1790119624134814
2011-03-01,Bankura,Burdwan,0.2175542121804382
2011-03-01,Bankura,Paschim Medinipur,0.19506894452913587
2011-03-01,Bankura,Purulia,0.19485377719325253
2011-03-01,Bardhaman,Bankura,0.17013964033613221
2011-03-01,Bardhaman,Birbhum,0.17157388290719797
2011-03-01,Bardhaman,Burdwan,0.22975946405304234
2011-03-01,Bardhaman,Murshidabad,0.14956463322964192
2011-03-01,Bardhaman,Nadia,0.16929271642234764
2011-03-01,Bardhaman,Purulia,0.10966965866736031
2011-03-01,Birbhum,Bankura,0.16212325386292978
2011-03-01,Birbhum,Bardhaman,0.1949976519694785
2011-03-01,Birbhum,Burdwan,0.17672467415333593
2011-03-01,Birbhum,Malda,0.14396124501678081
2011-03-01,Birbhum,Murshidabad,0.19293597214944844
2011-03-01,Birbhum,Purulia,0.12925719786519463
2011-03-01,Burdwan,Bankura,0.19185264976856647
2011-03-01,Burdwan,Bardhaman,0.2542662154374979
2011-03-01,Burdwan,Birbhum,0.17208152139158028
2011-03-01,Burdwan,Hooghly,0.19644401939778425
2011-03-01,Burdwan,Nadia,0.18535558915265493
2011-03-01,Dakshin Dinajpur,"Darjeeling, Jalpaiguri",0.14430313266579106
2011-03-01,Dakshin Dinajpur,Jalpaiguri,0.18391716855299525
2011-03-01,Dakshin Dinajpur,Malda,0.2654300951929456
2011-03-01,Dakshin Dinajpur,Murshidabad,0.16937499061937314
2011-03-01,Dakshin Dinajpur,Uttar Dinajpur,0.23697460671442683
2011-03-01,"Darjeeling, Jalpaiguri",Dakshin Dinajpur,0.20196852756760716
2011-03-01,"Darjeeling, Jalpaiguri",Jalpaiguri,0.39516547976253746
2011-03-01,"Darjeeling, Jalpaiguri",Malda,0.15518837891219384
2011-03-01,"Darjeeling, Jalpaiguri",Uttar Dinajpur,0.2476776050038271
2011-03-01,Hooghly,Burdwan,0.1461754345311329
2011-03-01,Hooghly,Howrah,0.17014878769429614
2011-03-01,Hooghly,Nadia,0.14417873202479342
2011-03-01,Hooghly,North 24 Parganas,0.25478825294445706
2011-03-01,Hooghly,Purba Medinipur,0.11421667951146632
2011-03-01,Hooghly,South 24 Parganas,0.17049210968350767
2011-03-01,Howrah,Hooghly,0.19223668523386142
2011-03-01,Howrah,North 24 Parganas,0.29058455369123837
2011-03-01,Howrah,Paschim Medinipur,0.13813280017883178
2011-03-01,Howrah,Purba Medinipur,0.15505467259040256
2011-03-01,Howrah,South 24 Parganas,0.22399128422664163
2011-03-01,Jalpaiguri,Dakshin Dinajpur,0.22541539988239107
2011-03-01,Jalpaiguri,"Darjeeling, Jalpaiguri",0.3460448335733828
2011-03-01,Jalpaiguri,Malda,0.170831928248643
2011-03-01,Jalpaiguri,Uttar Dinajpur,0.25770783062988534
2011-03-01,Malda,Birbhum,0.16097692543753453
2011-03-01,Malda,Dakshin Dinajpur,0.236458022252479
2011-03-01,Malda,"Darjeeling, Jalpaiguri",0.09877684411167222
2011-03-01,Malda,Jalpaiguri,0.12416855367043939
2011-03-01,Malda,Murshidabad,0.1921535889873598
2011-03-01,Malda,Uttar Dinajpur,0.18746605996873097
2011-03-01,Murshidabad,Bardhaman,0.19933281923480853
2011-03-01,Murshidabad,Birbhum,0.22624808116028447
2011-03-01,Murshidabad,Dakshin Dinajpur,0.15823656131421798
2011-03-01,Murshidabad,Malda,0.20151257977939155
2011-03-01,Murshidabad,Nadia,0.21466995266813516
2011-03-01,Nadia,Bardhaman,0.18367036389916785
2011-03-01,Nadia,Burdwan,0.18171519712090303
2011-03-01,Nadia,Hooghly,0.18995519844126693
2011-03-01,Nadia,Murshidabad,0.17475200790445056
2011-03-01,Nadia,North 24 Parganas,0.26990722787758725
2011-03-01,North 24 Parganas,Hooghly,0.2578079147294574
2011-03-01,North 24 Parganas,Howrah,0.2602447399130593
2011-03-01,North 24 Parganas,Nadia,0.2072914447844172
2011-03-01,North 24 Parganas,South 24 Parganas,0.2746558943471131
2011-03-01,Paschim Medinipur,Bankura,0.20969249791251782
2011-03-01,Paschim Medinipur,Howrah,0.20028493193087257
2011-03-01,Paschim Medinipur,Purba Medinipur,0.25288409347401
2011-03-01,Paschim Medinipur,Purulia,0.1472105461724576
2011-03-01,Paschim Medinipur,South 24 Parganas,0.18992792459578206
2011-03-01,Purba Medinipur,Hooghly,0.2123619515104214
2011-03-01,Purba Medinipur,Howrah,0.2551670692537505
2011-03-01,Purba Medinipur,Paschim Medinipur,0.28701845260123243
2011-03-01,Purba Medinipur,South 24 Parganas,0.24545251992191408
2011-03-01,Purulia,Bankura,0.31831225977540933
2011-03-01,Purulia,Bardhaman,0.2248257094713553
2011-03-01,Purulia,Birbhum,0.23315031982693912
2011-03-01,Purulia,Paschim Medinipur,0.2237117019384109
2011-03-01,South 24 Parganas,Hooghly,0.19196556728634268
2011-03-01,South 24 Parganas,Howrah,0.22322496390950813
2011-03-01,South 24 Parganas,North 24 Parganas,0.3056265861683953
2011-03-01,South 24 Parganas,Paschim Medinipur,0.13054162148714257
2011-03-01,South 24 Parganas,Purba Medinipur,0.14864125708354234
2011-03-01,Uttar Dinajpur,Dakshin Dinajpur,0.2839256384679874
2011-03-01,Uttar Dinajpur,"Darjeeling, Jalpaiguri",0.212022328279448
2011-03-01,Uttar Dinajpur,Jalpaiguri,0.2519237454218101
2011-03-01,Uttar Dinajpur,Malda,0.2521282803371082
2011-07-01,Bankura,Bardhaman,0.21351109818178832
2011-07-01,Bankura,Birbhum,0.17901196241348144
2011-07-01,Bankura,Burdwan,0.2175542121804382
2011-07-01,Bankura,Paschim Medinipur,0.1950689445291359
2011-07-01,Bankura,Purulia,0.19485377719325256
2011-07-01,Bardhaman,Bankura,0.2589377106572786
2011-07-01,Bardhaman,Birbhum,0.15321485473788463
2011-07-01,Bardhaman,Burdwan,0.20517436752644747
2011-07-01,Bardhaman,Murshidabad,0.13356067465465754
2011-07-01,Bardhaman,Nadia,0.15117778134601928
2011-07-01,Bardhaman,Purulia,0.09793460716256873
2011-07-01,Birbhum,Bankura,0.24798773313916697
2011-07-01,Birbhum,Bardhaman,0.17501455550136252
2011-07-01,Birbhum,Burdwan,0.15861416781526355
2011-07-01,Birbhum,Malda,0.12920829072330708
2011-07-01,Birbhum,Murshidabad,0.17316415384962788
2011-07-01,Birbhum,Purulia,0.11601109449907393
2011-07-01,Burdwan,Bankura,0.28804951034783316
2011-07-01,Burdwan,Bardhaman,0.22399993829205633
2011-07-01,Burdwan,Birbhum,0.15159800175022606
2011-07-01,Burdwan,Hooghly,0.17306053872408325
2011-07-01,Burdwan,Nadia,0.1632920066114271
2011-07-01,Dakshin Dinajpur,"Darjeeling, Jalpaiguri",0.1443031326657911
2011-07-01,Dakshin Dinajpur,Jalpaiguri,0.1839171685529953
2011-07-01,Dakshin Dinajpur,Malda,0.2654300951929456
2011-07-01,Dakshin Dinajpur,Murshidabad,0.16937499061937317
2011-07-01,Dakshin Dinajpur,Uttar Dinajpur,0.23697460671442688
2011-07-01,"Darjeeling, Jalpaiguri",Dakshin Dinajpur,0.2019685275676072
2011-07-01,"Darjeeling, Jalpaiguri",Jalpaiguri,0.3951654797625376
2011-07-01,"Darjeeling, Jalpaiguri",Malda,0.15518837891219386
2011-07-01,"Darjeeling, Jalpaiguri",Uttar Dinajpur,0.24767760500382716
2011-07-01,Hooghly,Burdwan,0.16337724687849428
2011-07-01,Hooghly,Howrah,0.19017176574417452
2011-07-01,Hooghly,Nadia,0.1611455739618548
2011-07-01,Hooghly,North 24 Parganas,0.16709230955276133
2011-07-01,Hooghly,Purba Medinipur,0.12765761022733502
2011-07-01,Hooghly,South 24 Parganas,0.1905554896001709
2011-07-01,Howrah,Hooghly,0.21847098820601732
2011-07-01,Howrah,North 24 Parganas,0.1937715040438707
2011-07-01,Howrah,Paschim Medinipur,0.15698361278972997
2011-07-01,Howrah,Purba Medinipur,0.17621479222644665
2011-07-01,Howrah,South 24 Parganas,0.2545590980982519
2011-07-01,Jalpaiguri,Dakshin Dinajpur,0.22541539988239112
2011-07-01,Jalpaiguri,"Darjeeling, Jalpaiguri",0.34604483357338284
2011-07-01,Jalpaiguri,Malda,0.170831928248643
2011-07-01,Jalpaiguri,Uttar Dinajpur,0.25770783062988534
2011-07-01,Malda,Birbhum,0.16097692543753453
2011-07-01,Malda,Dakshin Dinajpur,0.236458022252479
2011-07-01,Malda,"Darjeeling, Jalpaiguri",0.09877684411167223
2011-07-01,Malda,Jalpaiguri,0.1241685536704394
2011-07-01,Malda,Murshidabad,0.1921535889873598
2011-07-01,Malda,Uttar Dinajpur,0.187466059968731
2011-07-01,Murshidabad,Bardhaman,0.19933281923480858
2011-07-01,Murshidabad,Birbhum,0.22624808116028455
2011-07-01,Murshidabad,Dakshin Dinajpur,0.158236561314218
2011-07-01,Murshidabad,Malda,0.2015125797793916
2011-07-01,Murshidabad,Nadia,0.21466995266813524
2011-07-01,Nadia,Bardhaman,0.20672813555487246
2011-07-01,Nadia,Burdwan,0.20452751933030067
2011-07-01,Nadia,Hooghly,0.21380196118235514
2011-07-01,Nadia,Murshidabad,0.1966901791428371
2011-07-01,Nadia,North 24 Parganas,0.17825219943586906
2011-07-01,North 24 Parganas,Hooghly,0.2578079147294574
2011-07-01,North 24 Parganas,Howrah,0.2602447399130593
2011-07-01,North 24 Parganas,Nadia,0.20729144478441722
2011-07-01,North 24 Parganas,South 24 Parganas,0.2746558943471131
2011-07-01,Paschim Medinipur,Bankura,0.3113878039169477
2011-07-01,Paschim Medinipur,Howrah,0.17451263774539758
2011-07-01,Paschim Medinipur,Purba Medinipur,0.22034343657582264
2011-07-01,Paschim Medinipur,Purulia,0.12826776567177328
2011-07-01,Paschim Medinipur,South 24 Parganas,0.16548835093674788
2011-07-01,Purba Medinipur,Hooghly,0.21236195151042148
2011-07-01,Purba Medinipur,Howrah,0.2551670692537505
2011-07-01,Purba Medinipur,Paschim Medinipur,0.2870184526012325
2011-07-01,Purba Medinipur,South 24 Parganas,0.24545251992191414
2011-07-01,Purulia,Bankura,0.44314741599691426
2011-07-01,Purulia,Bardhaman,0.1836541423323886
2011-07-01,Purulia,Birbhum,0.19045429512052361
2011-07-01,Purulia,Paschim Medinipur,0.18274413920820945
2011-07-01,South 24 Parganas,Hooghly,0.21971499707324385
2011-07-01,South 24 Parganas,Howrah,0.255493070894813
2011-07-01,South 24 Parganas,North 24 Parganas,0.20525199000829616
2011-07-01,South 24 Parganas,Paschim Medinipur,0.14941196167852858
2011-07-01,South 24 Parganas,Purba Medinipur,0.1701279756924266
2011-07-01,Uttar Dinajpur,Dakshin Dinajpur,0.28392563846798746
2011-07-01,Uttar Dinajpur,"Darjeeling, Jalpaiguri",0.21202232827944803
2011-07-01,Uttar Dinajpur,Jalpaiguri,0.2519237454218101
2011-07-01,Uttar Dinajpur,Malda,0.25212828033710827
2011-10-21,Bankura,Bardhaman,0.1896066396373918
2011-10-21,Bankura,Birbhum,0.27092884484749413
2011-10-21,Bankura,Burdwan,0.1931970912133666
2011-10-21,Bankura,Paschim Medinipur,0.1732292484313447
2011-10-21,Bankura,Purulia,0.17303817098448604
2011-10-21,Bardhaman,Bankura,0.151797156976718
2011-10-21,Bardhaman,Birbhum,0.26088518177475445
2011-10-21,Bardhaman,Burdwan,0.20498946255465628
2011-10-21,Bardhaman,Murshidabad,0.13344030858224235
2011-10-21,Bardhaman,Nadia,0.15104153857977
2011-10-21,Bardhaman,Purulia,0.09784634762024337
2011-10-21,Birbhum,Bankura,0.1621232538629298
2011-10-21,Birbhum,Bardhaman,0.19499765196947852
2011-10-21,Birbhum,Burdwan,0.17672467415333595
2011-10-21,Birbhum,Malda,0.14396124501678081
2011-10-21,Birbhum,Murshidabad,0.19293597214944844
2011-10-21,Birbhum,Purulia,0.12925719786519466
2011-10-21,Burdwan,Bankura,0.17111474023994205
2011-10-21,Burdwan,Bardhaman,0.22678184251750244
2011-10-21,Burdwan,Birbhum,0.2615736317542428
2011-10-21,Burdwan,Hooghly,0.17520981540516334
2011-10-21,Burdwan,Nadia,0.16531996575569088
2011-10-21,Dakshin Dinajpur,"Darjeeling, Jalpaiguri",0.1443031326657911
2011-10-21,Dakshin Dinajpur,Jalpaiguri,0.1839171685529953
2011-10-21,Dakshin Dinajpur,Malda,0.2654300951929456
2011-10-21,Dakshin Dinajpur,Murshidabad,0.16937499061937317
2011-10-21,Dakshin Dinajpur,Uttar Dinajpur,0.23697460671442686
2011-10-21,"Darjeeling, Jalpaiguri",Dakshin Dinajpur,0.2019685275676072
2011-10-21,"Darjeeling, Jalpaiguri",Jalpaiguri,0.3951654797625375
2011-10-21,"Darjeeling, Jalpaiguri",Malda,0.15518837891219386
2011-10-21,"Darjeeling, Jalpaiguri",Uttar Dinajpur,0.24767760500382713
2011-10-21,Hooghly,Burdwan,0.16337724687849428
2011-10-21,Hooghly,Howrah,0.19017176574417452
2011-10-21,Hooghly,Nadia,0.1611455739618548
2011-10-21,Hooghly,North 24 Parganas,0.16709230955276136
2011-10-21,Hooghly,Purba Medinipur,0.12765761022733502
2011-10-21,Hooghly,South 24 Parganas,0.1905554896001709
2011-10-21,Howrah,Hooghly,0.21847098820601732
2011-10-21,Howrah,North 24 Parganas,0.1937715040438707
2011-10-21,Howrah,Paschim Medinipur,0.15698361278972997
2011-10-21,Howrah,Purba Medinipur,0.17621479222644665
2011-10-21,Howrah,South 24 Parganas,0.25455909809825183
2011-10-21,Jalpaiguri,Dakshin Dinajpur,0.22541539988239112
2011-10-21,Jalpaiguri,"Darjeeling, Jalpaiguri",0.34604483357338284
2011-10-21,Jalpaiguri,Malda,0.17083192824864302
2011-10-21,Jalpaiguri,Uttar Dinajpur,0.2577078306298854
2011-10-21,Malda,Birbhum,0.24641283325642233
2011-10-21,Malda,Dakshin Dinajpur,0.21238001247577026
2011-10-21,Malda,"Darjeeling, Jalpaiguri",0.08871861138360775
2011-10-21,Malda,Jalpaiguri,0.1115247379912051
2011-10-21,Malda,Murshidabad,0.17258700397495885
2011-10-21,Malda,Uttar Dinajpur,0.1683767959136145
2011-10-21,Murshidabad,Bardhaman,0.1719362777594638
2011-10-21,Murshidabad,Birbhum,0.3325934718365137
2011-10-21,Murshidabad,Dakshin Dinajpur,0.13648833876058902
2011-10-21,Murshidabad,Malda,0.17381644940345717
2011-10-21,Murshidabad,Nadia,0.18516545719990543
2011-10-21,Nadia,Bardhaman,0.20672813555487243
2011-10-21,Nadia,Burdwan,0.2045275193303007
2011-10-21,Nadia,Hooghly,0.21380196118235512
2011-10-21,Nadia,Murshidabad,0.19669017914283707
2011-10-21,Nadia,North 24 Parganas,0.17825219943586906
2011-10-21,North 24 Parganas,Hooghly,0.2578079147294574
2011-10-21,North 24 Parganas,Howrah,0.2602447399130593
2011-10-21,North 24 Parganas,Nadia,0.20729144478441722
2011-10-21,North 24 Parganas,South 24 Parganas,0.2746558943471131
2011-10-21,Paschim Medinipur,Bankura,0.20969249791251787
2011-10-21,Paschim Medinipur,Howrah,0.20028493193087263
2011-10-21,Paschim Medinipur,Purba Medinipur,0.2528840934740101
2011-10-21,Paschim Medinipur,Purulia,0.14721054617245766
2011-10-21,Paschim Medinipur,South 24 Parganas,0.18992792459578212
2011-10-21,Purba Medinipur,Hooghly,0.21236195151042142
2011-10-21,Purba Medinipur,Howrah,0.2551670692537505
2011-10-21,Purba Medinipur,Paschim Medinipur,0.28701845260123243
2011-10-21,Purba Medinipur,South 24 Parganas,0.24545251992191408
2011-10-21,Purulia,Bankura,0.273416613153214
2011-10-21,Purulia,Bardhaman,0.19311566597151622
2011-10-21,Purulia,Birbhum,0.3413089319950181
2011-10-21,Purulia,Paschim Medinipur,0.19215878116004292
2011-10-21,South 24 Parganas,Hooghly,0.21971499707324385
2011-10-21,South 24 Parganas,Howrah,0.255493070894813
2011-10-21,South 24 Parganas,North 24 Parganas,0.2052519900082962
2011-10-21,South 24 Parganas,Paschim Medinipur,0.1494119616785286
2011-10-21,South 24 Parganas,Purba Medinipur,0.1701279756924266
2011-10-21,Uttar Dinajpur,Dakshin Dinajpur,0.28392563846798746
2011-10-21,Uttar Dinajpur,"Darjeeling, Jalpaiguri",0.212022328279448
2011-10-21,Uttar Dinajpur,Jalpaiguri,0.2519237454218101
2011-10-21,Uttar Dinajpur,Malda,0.25212828033710827
2012-07-28,Bankura,Bardhaman,0.21351109818178832
2012-07-28,Bankura,Birbhum,0.17901196241348147
2012-07-28,Bankura,Burdwan,0.21755421218043822
2012-07-28,Bankura,Paschim Medinipur,0.1950689445291359
2012-07-28,Bankura,Purulia,0.19485377719325256
2012-07-28,Bardhaman,Bankura,0.2589377150685216
2012-07-28,Bardhaman,Birbhum,0.15321485382585878
2012-07-28,Bardhaman,Burdwan,0.20517436630512775
2012-07-28,Bardhaman,Murshidabad,0.13356067385962506
2012-07-28,Bardhaman,Nadia,0.1511777804461193
2012-07-28,Bardhaman,Purulia,0.09793460657960376
2012-07-28,Birbhum,Bankura,0.2479877374262915
2012-07-28,Birbhum,Bardhaman,0.17501455450362724
2012-07-28,Birbhum,Burdwan,0.15861416691102476
2012-07-28,Birbhum,Malda,0.1292082899867074
2012-07-28,Birbhum,Murshidabad,0.17316415286244155
2012-07-28,Birbhum,Purulia,0.11601109383770974
2012-07-28,Burdwan,Bankura,0.2880495150622492
2012-07-28,Burdwan,Bardhaman,0.22399993680876656
2012-07-28,Burdwan,Birbhum,0.15159800074636967
2012-07-28,Burdwan,Hooghly,0.17306053757810555
2012-07-28,Burdwan,Nadia,0.16329200553013498
2012-07-28,Dakshin Dinajpur,"Darjeeling, Jalpaiguri",0.1443031326657911
2012-07-28,Dakshin Dinajpur,Jalpaiguri,0.18391716855299528
2012-07-28,Dakshin Dinajpur,Malda,0.2654300951929455
2012-07-28,Dakshin Dinajpur,Murshidabad,0.16937499061937317
2012-07-28,Dakshin Dinajpur,Uttar Dinajpur,0.23697460671442686
2012-07-28,"Darjeeling, Jalpaiguri",Dakshin Dinajpur,0.20196852756760716
2012-07-28,"Darjeeling, Jalpaiguri",Jalpaiguri,0.3951654797625374
2012-07-28,"Darjeeling, Jalpaiguri",Malda,0.15518837891219384
2012-07-28,"Darjeeling, Jalpaiguri",Uttar Dinajpur,0.24767760500382713
2012-07-28,Hooghly,Burdwan,0.16337724687849428
2012-07-28,Hooghly,Howrah,0.19017176574417452
2012-07-28,Hooghly,Nadia,0.16114557396185483
2012-07-28,Hooghly,North 24 Parganas,0.16709230955276136
2012-07-28,Hooghly,Purba Medinipur,0.12765761022733502
2012-07-28,Hooghly,South 24 Parganas,0.1905554896001709
2012-07-28,Howrah,Hooghly,0.2184709882060173
2012-07-28,Howrah,North 24 Parganas,0.19377150404387067
2012-07-28,Howrah,Paschim Medinipur,0.15698361278972994
2012-07-28,Howrah,Purba Medinipur,0.17621479222644662
2012-07-28,Howrah,South 24 Parganas,0.25455909809825183
2012-07-28,Jalpaiguri,Dakshin Dinajpur,0.22541539988239107
2012-07-28,Jalpaiguri,"Darjeeling, Jalpaiguri",0.3460448335733827
2012-07-28,Jalpaiguri,Malda,0.17083192824864296
2012-07-28,Jalpaiguri,Uttar Dinajpur,0.25770783062988534
2012-07-28,Malda,Birbhum,0.16097692543753456
2012-07-28,Malda,Dakshin Dinajpur,0.23645802225247903
2012-07-28,Malda,"Darjeeling, Jalpaiguri",0.09877684411167223
2012-07-28,Malda,Jalpaiguri,0.1241685536704394
2012-07-28,Malda,Murshidabad,0.19215358898735985
2012-07-28,Malda,Uttar Dinajpur,0.187466059968731
2012-07-28,Murshidabad,Bardhaman,0.19933281923480858
2012-07-28,Murshidabad,Birbhum,0.22624808116028455
2012-07-28,Murshidabad,Dakshin Dinajpur,0.158236561314218
2012-07-28,Murshidabad,Malda,0.2015125797793916
2012-07-28,Murshidabad,Nadia,0.21466995266813518
2012-07-28,Nadia,Bardhaman,0.20672813555487246
2012-07-28,Nadia,Burdwan,0.2045275193303007
2012-07-28,Nadia,Hooghly,0.21380196118235517
2012-07-28,Nadia,Murshidabad,0.1966901791428371
2012-07-28,Nadia,North 24 Parganas,0.1782521994358691
2012-07-28,North 24 Parganas,Hooghly,0.2578079147294574
2012-07-28,North 24 Parganas,Howrah,0.2602447399130593
2012-07-28,North 24 Parganas,Nadia,0.20729144478441722
2012-07-28,North 24 Parganas,South 24 Parganas,0.2746558943471131
2012-07-28,Paschim Medinipur,Bankura,0.3113878088462707
2012-07-28,Paschim Medinipur,Howrah,0.17451263649617607
2012-07-28,Paschim Medinipur,Purba Medinipur,0.2203434349985285
2012-07-28,Paschim Medinipur,Purulia,0.12826776475358848
2012-07-28,Paschim Medinipur,South 24 Parganas,0.16548834975212537
2012-07-28,Purba Medinipur,Hooghly,0.2123619515104214
2012-07-28,Purba Medinipur,Howrah,0.25516706925375043
2012-07-28,Purba Medinipur,Paschim Medinipur,0.28701845260123243
2012-07-28,Purba Medinipur,South 24 Parganas,0.24545251992191408
2012-07-28,Purulia,Bankura,0.4431474216697397
2012-07-28,Purulia,Bardhaman,0.18365414046144835
2012-07-28,Purulia,Birbhum,0.19045429318030815
2012-07-28,Purulia,Paschim Medinipur,0.18274413734653966
2012-07-28,South 24 Parganas,Hooghly,0.21971499707324385
2012-07-28,South 24 Parganas,Howrah,0.255493070894813
2012-07-28,South 24 Parganas,North 24 Parganas,0.2052519900082962
2012-07-28,South 24 Parganas,Paschim Medinipur,0.1494119616785286
2012-07-28,South 24 Parganas,Purba Medinipur,0.17012797569242663
2012-07-28,Uttar Dinajpur,Dakshin Dinajpur,0.28392563846798746
2012-07-28,Uttar Dinajpur,"Darjeeling, Jalpaiguri",0.212022328279448
2012-07-28,Uttar Dinajpur,Jalpaiguri,0.2519237454218101
2012-07-28,Uttar Dinajpur,Malda,0.2521282803371082
2012-08-13,Bankura,Bardhaman,0.2135110981817883
2012-08-13,Bankura,Birbhum,0.17901196241348144
2012-08-13,Bankura,Burdwan,0.21755421218043816
2012-08-13,Bankura,Paschim Medinipur,0.19506894452913587
2012-08-13,Bankura,Purulia,0.19485377719325253
2012-08-13,Bardhaman,Bankura,0.17013964033613227
2012-08-13,Bardhaman,Birbhum,0.17157388290719797
2012-08-13,Bardhaman,Burdwan,0.22975946405304234
2012-08-13,Bardhaman,Murshidabad,0.14956463322964192
2012-08-13,Bardhaman,Nadia,0.16929271642234764
2012-08-13,Bardhaman,Purulia,0.10966965866736031
2012-08-13,Birbhum,Bankura,0.1621232538629298
2012-08-13,Birbhum,Bardhaman,0.1949976519694785
2012-08-13,Birbhum,Burdwan,0.17672467415333595
2012-08-13,Birbhum,Malda,0.14396124501678081
2012-08-13,Birbhum,Murshidabad,0.19293597214944844
2012-08-13,Birbhum,Purulia,0.12925719786519463
2012-08-13,Burdwan,Bankura,0.19185264976856647
2012-08-13,Burdwan,Bardhaman,0.2542662154374979
2012-08-13,Burdwan,Birbhum,0.17208152139158028
2012-08-13,Burdwan,Hooghly,0.19644401939778428
2012-08-13,Burdwan,Nadia,0.18535558915265493
2012-08-13,Dakshin Dinajpur,"Darjeeling, Jalpaiguri",0.14430313266579106
2012-08-13,Dakshin Dinajpur,Jalpaiguri,0.18391716855299525
2012-08-13,Dakshin Dinajpur,Malda,0.2654300951929455
2012-08-13,Dakshin Dinajpur,Murshidabad,0.1693749906193731
2012-08-13,Dakshin Dinajpur,Uttar Dinajpur,0.23697460671442683
2012-08-13,"Darjeeling, Jalpaiguri",Dakshin Dinajpur,0.20196852756760716
2012-08-13,"Darjeeling, Jalpaiguri",Jalpaiguri,0.39516547976253746
2012-08-13,"Darjeeling, Jalpaiguri",Malda,0.15518837891219384
2012-08-13,"Darjeeling, Jalpaiguri",Uttar Dinajpur,0.24767760500382713
2012-08-13,Hooghly,Burdwan,0.14408008890406931
2012-08-13,Hooghly,Howrah,0.28582390621760634
2012-08-13,Hooghly,Nadia,0.14211200804594742
2012-08-13,Hooghly,North 24 Parganas,0.14735635026003813
2012-08-13,Hooghly,Purba Medinipur,0.11257944531599619
2012-08-13,Hooghly,South 24 Parganas,0.16804819769774854
2012-08-13,Howrah,Hooghly,0.2184709882060173
2012-08-13,Howrah,North 24 Parganas,0.19377150404387067
2012-08-13,Howrah,Paschim Medinipur,0.15698361278972991
2012-08-13,Howrah,Purba Medinipur,0.17621479222644662
2012-08-13,Howrah,South 24 Parganas,0.25455909809825183
2012-08-13,Jalpaiguri,Dakshin Dinajpur,0.2254153998823911
2012-08-13,Jalpaiguri,"Darjeeling, Jalpaiguri",0.3460448335733828
2012-08-13,Jalpaiguri,Malda,0.17083192824864296
2012-08-13,Jalpaiguri,Uttar Dinajpur,0.25770783062988534
2012-08-13,Malda,Birbhum,0.16097692543753456
2012-08-13,Malda,Dakshin Dinajpur,0.236458022252479
2012-08-13,Malda,"Darjeeling, Jalpaiguri",0.09877684411167222
2012-08-13,Malda,Jalpaiguri,0.12416855367043939
2012-08-13,Malda,Murshidabad,0.19215358898735982
2012-08-13,Malda,Uttar Dinajpur,0.187466059968731
2012-08-13,Murshidabad,Bardhaman,0.19933281923480856
2012-08-13,Murshidabad,Birbhum,0.2262480811602845
2012-08-13,Murshidabad,Dakshin Dinajpur,0.15823656131421798
2012-08-13,Murshidabad,Malda,0.20151257977939158
2012-08-13,Murshidabad,Nadia,0.21466995266813518
2012-08-13,Nadia,Bardhaman,0.20672813555487243
2012-08-13,Nadia,Burdwan,0.20452751933030067
2012-08-13,Nadia,Hooghly,0.21380196118235517
2012-08-13,Nadia,Murshidabad,0.1966901791428371
2012-08-13,Nadia,North 24 Parganas,0.17825219943586906
2012-08-13,North 24 Parganas,Hooghly,0.217874868282824
2012-08-13,North 24 Parganas,Howrah,0.37482881383954464
2012-08-13,North 24 Parganas,Nadia,0.17518312529681518
2012-08-13,North 24 Parganas,South 24 Parganas,0.2321131873192295
2012-08-13,Paschim Medinipur,Bankura,0.18377055501501413
2012-08-13,Paschim Medinipur,Howrah,0.2991447792555474
2012-08-13,Paschim Medinipur,Purba Medinipur,0.2216228557283703
2012-08-13,Paschim Medinipur,Purulia,0.12901254953556895
2012-08-13,Paschim Medinipur,South 24 Parganas,0.1664492552822656
2012-08-13,Purba Medinipur,Hooghly,0.18001226556967523
2012-08-13,Purba Medinipur,Howrah,0.36862953847947855
2012-08-13,Purba Medinipur,Paschim Medinipur,0.24329613447969656
2012-08-13,Purba Medinipur,South 24 Parganas,0.20806205578102954
2012-08-13,Purulia,Bankura,0.3183122597754093
2012-08-13,Purulia,Bardhaman,0.22482570947135527
2012-08-13,Purulia,Birbhum,0.23315031982693912
2012-08-13,Purulia,Paschim Medinipur,0.22371170193841086
2012-08-13,South 24 Parganas,Hooghly,0.1862089612017741
2012-08-13,South 24 Parganas,Howrah,0.36902867932139843
2012-08-13,South 24 Parganas,North 24 Parganas,0.17395152972330272
2012-08-13,South 24 Parganas,Paschim Medinipur,0.12662697833959619
2012-08-13,South 24 Parganas,Purba Medinipur,0.14418384747076163
2012-08-13,Uttar Dinajpur,Dakshin Dinajpur,0.2839256384679874
2012-08-13,Uttar Dinajpur,"Darjeeling, Jalpaiguri",0.21202232827944797
2012-08-13,Uttar Dinajpur,Jalpaiguri,0.2519237454218101
2012-08-13,Uttar Dinajpur,Malda,0.2521282803371082
2012-08-16,Bankura,Bardhaman,0.21351109818178826
2012-08-16,Bankura,Birbhum,0.1790119624134814
2012-08-16,Bankura,Burdwan,0.21755421218043816
2012-08-16,Bankura,Paschim Medinipur,0.19506894452913587
2012-08-16,Bankura,Purulia,0.1948537771932525
2012-08-16,Bardhaman,Bankura,0.15201505006556723
2012-08-16,Bardhaman,Birbhum,0.15329650602618866
2012-08-16,Bardhaman,Burdwan,0.20528370908777432
2012-08-16,Bardhaman,Murshidabad,0.13363185183373047
2012-08-16,Bardhaman,Nadia,0.25778608057824653
2012-08-16,Bardhaman,Purulia,0.09798679849126239
2012-08-16,Birbhum,Bankura,0.16212325386292975
2012-08-16,Birbhum,Bardhaman,0.19499765196947846
2012-08-16,Birbhum,Burdwan,0.17672467415333593
2012-08-16,Birbhum,Malda,0.1439612450167808
2012-08-16,Birbhum,Murshidabad,0.1929359721494484
2012-08-16,Birbhum,Purulia,0.12925719786519463
2012-08-16,Burdwan,Bankura,0.16969976609731094
2012-08-16,Burdwan,Bardhaman,0.22490654853213016
2012-08-16,Burdwan,Birbhum,0.15221157469051091
2012-08-16,Burdwan,Hooghly,0.17376097845525573
2012-08-16,Burdwan,Nadia,0.2794211279331183
2012-08-16,Dakshin Dinajpur,"Darjeeling, Jalpaiguri",0.14430313266579106
2012-08-16,Dakshin Dinajpur,Jalpaiguri,0.18391716855299525
2012-08-16,Dakshin Dinajpur,Malda,0.2654300951929456
2012-08-16,Dakshin Dinajpur,Murshidabad,0.1693749906193731
2012-08-16,Dakshin Dinajpur,Uttar Dinajpur,0.23697460671442686
2012-08-16,"Darjeeling, Jalpaiguri",Dakshin Dinajpur,0.20196852756760716
2012-08-16,"Darjeeling, Jalpaiguri",Jalpaiguri,0.3951654797625375
2012-08-16,"Darjeeling, Jalpaiguri",Malda,0.15518837891219386
2012-08-16,"Darjeeling, Jalpaiguri",Uttar Dinajpur,0.24767760500382713
2012-08-16,Hooghly,Burdwan,0.14672524118140312
2012-08-16,Hooghly,Howrah,0.17078876482389935
2012-08-16,Hooghly,Nadia,0.24664468077325785
2012-08-16,Hooghly,North 24 Parganas,0.15006165109955566
2012-08-16,Hooghly,Purba Medinipur,0.11464628035492276
2012-08-16,Hooghly,South 24 Parganas,0.1711333781430355
2012-08-16,Howrah,Hooghly,0.21847098820601732
2012-08-16,Howrah,North 24 Parganas,0.19377150404387067
2012-08-16,Howrah,Paschim Medinipur,0.15698361278972994
2012-08-16,Howrah,Purba Medinipur,0.17621479222644665
2012-08-16,Howrah,South 24 Parganas,0.25455909809825183
2012-08-16,Jalpaiguri,Dakshin Dinajpur,0.22541539988239107
2012-08-16,Jalpaiguri,"Darjeeling, Jalpaiguri",0.34604483357338284
2012-08-16,Jalpaiguri,Malda,0.170831928248643
2012-08-16,Jalpaiguri,Uttar Dinajpur,0.25770783062988534
2012-08-16,Malda,Birbhum,0.16097692543753453
2012-08-16,Malda,Dakshin Dinajpur,0.23645802225247906
2012-08-16,Malda,"Darjeeling, Jalpaiguri",0.09877684411167223
2012-08-16,Malda,Jalpaiguri,0.1241685536704394
2012-08-16,Malda,Murshidabad,0.19215358898735985
2012-08-16,Malda,Uttar Dinajpur,0.187466059968731
2012-08-16,Murshidabad,Bardhaman,0.17315415332298315
2012-08-16,Murshidabad,Birbhum,0.1965345951792847
2012-08-16,Murshidabad,Dakshin Dinajpur,0.13745512607649463
2012-08-16,Murshidabad,Malda,0.17504764277942592
2012-08-16,Murshidabad,Nadia,0.31780847756604036
2012-08-16,Nadia,Bardhaman,0.20672813555487243
2012-08-16,Nadia,Burdwan,0.20452751933030067
2012-08-16,Nadia,Hooghly,0.21380196118235514
2012-08-16,Nadia,Murshidabad,0.19669017914283707
2012-08-16,Nadia,North 24 Parganas,0.17825219943586906
2012-08-16,North 24 Parganas,Hooghly,0.2249651333787234
2012-08-16,North 24 Parganas,Howrah,0.22709152543703123
2012-08-16,North 24 Parganas,Nadia,0.3082765281210651
2012-08-16,North 24 Parganas,South 24 Parganas,0.2396668076303667
2012-08-16,Paschim Medinipur,Bankura,0.20969249791251784
2012-08-16,Paschim Medinipur,Howrah,0.20028493193087257
2012-08-16,Paschim Medinipur,Purba Medinipur,0.25288409347401003
2012-08-16,Paschim Medinipur,Purulia,0.14721054617245763
2012-08-16,Paschim Medinipur,South 24 Parganas,0.1899279245957821
2012-08-16,Purba Medinipur,Hooghly,0.21236195151042145
2012-08-16,Purba Medinipur,Howrah,0.2551670692537505
2012-08-16,Purba Medinipur,Paschim Medinipur,0.28701845260123243
2012-08-16,Purba Medinipur,South 24 Parganas,0.24545251992191408
2012-08-16,Purulia,Bankura,0.31831225977540933
2012-08-16,Purulia,Bardhaman,0.22482570947135536
2012-08-16,Purulia,Birbhum,0.2331503198269392
2012-08-16,Purulia,Paschim Medinipur,0.22371170193841095
2012-08-16,South 24 Parganas,Hooghly,0.21971499707324385
2012-08-16,South 24 Parganas,Howrah,0.255493070894813
2012-08-16,South 24 Parganas,North 24 Parganas,0.20525199000829616
2012-08-16,South 24 Parganas,Paschim Medinipur,0.1494119616785286
2012-08-16,South 24 Parganas,Purba Medinipur,0.1701279756924266
2012-08-16,Uttar Dinajpur,Dakshin Dinajpur,0.28392563846798746
2012-08-16,Uttar Dinajpur,"Darjeeling, Jalpaiguri",0.212022328279448
2012-08-16,Uttar Dinajpur,Jalpaiguri,0.2519237454218101
2012-08-16,Uttar Dinajpur,Malda,0.25212828033710827
2012-08-21,Bankura,Bardhaman,0.21351109818178832
2012-08-21,Bankura,Birbhum,0.17901196241348144
2012-08-21,Bankura,Burdwan,0.21755421218043822
2012-08-21,Bankura,Paschim Medinipur,0.19506894452913587
2012-08-21,Bankura,Purulia,0.19485377719325256
2012-08-21,Bardhaman,Bankura,0.15201505084789257
2012-08-21,Bardhaman,Birbhum,0.15329650681510887
2012-08-21,Bardhaman,Burdwan,0.2052837101442398
2012-08-21,Bardhaman,Murshidabad,0.13363185252144913
2012-08-21,Bardhaman,Nadia,0.257786076758541
2012-08-21,Bardhaman,Purulia,0.09798679899553848
2012-08-21,Birbhum,Bankura,0.1621232538629298
2012-08-21,Birbhum,Bardhaman,0.19499765196947852
2012-08-21,Birbhum,Burdwan,0.17672467415333595
2012-08-21,Birbhum,Malda,0.14396124501678081
2012-08-21,Birbhum,Murshidabad,0.19293597214944844
2012-08-21,Birbhum,Purulia,0.12925719786519466
2012-08-21,Burdwan,Bankura,0.16969976704394435
2012-08-21,Burdwan,Bardhaman,0.22490654978672261
2012-08-21,Burdwan,Birbhum,0.1522115755395902
2012-08-21,Burdwan,Hooghly,0.1737609794245437
2012-08-21,Burdwan,Nadia,0.27942112391352514
2012-08-21,Dakshin Dinajpur,"Darjeeling, Jalpaiguri",0.1443031326657911
2012-08-21,Dakshin Dinajpur,Jalpaiguri,0.1839171685529953
2012-08-21,Dakshin Dinajpur,Malda,0.2654300951929456
2012-08-21,Dakshin Dinajpur,Murshidabad,0.16937499061937317
2012-08-21,Dakshin Dinajpur,Uttar Dinajpur,0.23697460671442686
2012-08-21,"Darjeeling, Jalpaiguri",Dakshin Dinajpur,0.2019685275676072
2012-08-21,"Darjeeling, Jalpaiguri",Jalpaiguri,0.3951654797625375
2012-08-21,"Darjeeling, Jalpaiguri",Malda,0.15518837891219386
2012-08-21,"Darjeeling, Jalpaiguri",Uttar Dinajpur,0.24767760500382713
2012-08-21,Hooghly,Burdwan,0.14672524190386996
2012-08-21,Hooghly,Howrah,0.17078876566485363
2012-08-21,Hooghly,Nadia,0.2466446770637786
2012-08-21,Hooghly,North 24 Parganas,0.1500616518384508
2012-08-21,Hooghly,Purba Medinipur,0.11464628091943459
2012-08-21,Hooghly,South 24 Parganas,0.17113337898568662
2012-08-21,Howrah,Hooghly,0.21847098820601732
2012-08-21,Howrah,North 24 Parganas,0.1937715040438707
2012-08-21,Howrah,Paschim Medinipur,0.15698361278972997
2012-08-21,Howrah,Purba Medinipur,0.17621479222644665
2012-08-21,Howrah,South 24 Parganas,0.25455909809825183
2012-08-21,Jalpaiguri,Dakshin Dinajpur,0.22541539988239112
2012-08-21,Jalpaiguri,"Darjeeling, Jalpaiguri",0.34604483357338284
2012-08-21,Jalpaiguri,Malda,0.17083192824864302
2012-08-21,Jalpaiguri,Uttar Dinajpur,0.2577078306298854
2012-08-21,Malda,Birbhum,0.16097692543753456
2012-08-21,Malda,Dakshin Dinajpur,0.23645802225247906
2012-08-21,Malda,"Darjeeling, Jalpaiguri",0.09877684411167223
2012-08-21,Malda,Jalpaiguri,0.12416855367043941
2012-08-21,Malda,Murshidabad,0.19215358898735982
2012-08-21,Malda,Uttar Dinajpur,0.187466059968731
2012-08-21,Murshidabad,Bardhaman,0.1731541544215835
2012-08-21,Murshidabad,Birbhum,0.19653459642622548
2012-08-21,Murshidabad,Dakshin Dinajpur,0.1374551269485976
2012-08-21,Murshidabad,Malda,0.17504764389003974
2012-08-21,Murshidabad,Nadia,0.31780847323778255
2012-08-21,Nadia,Bardhaman,0.20672813555487243
2012-08-21,Nadia,Burdwan,0.2045275193303007
2012-08-21,Nadia,Hooghly,0.21380196118235512
2012-08-21,Nadia,Murshidabad,0.19669017914283707
2012-08-21,Nadia,North 24 Parganas,0.17825219943586906
2012-08-21,North 24 Parganas,Hooghly,0.2249651347632363
2012-08-21,North 24 Parganas,Howrah,0.22709152683463069
2012-08-21,North 24 Parganas,Nadia,0.3082765238639607
2012-08-21,North 24 Parganas,South 24 Parganas,0.2396668091053588
2012-08-21,Paschim Medinipur,Bankura,0.20969249791251787
2012-08-21,Paschim Medinipur,Howrah,0.20028493193087263
2012-08-21,Paschim Medinipur,Purba Medinipur,0.2528840934740101
2012-08-21,Paschim Medinipur,Purulia,0.14721054617245766
2012-08-21,Paschim Medinipur,South 24 Parganas,0.18992792459578212
2012-08-21,Purba Medinipur,Hooghly,0.21236195151042142
2012-08-21,Purba Medinipur,Howrah,0.2551670692537505
2012-08-21,Purba Medinipur,Paschim Medinipur,0.28701845260123243
2012-08-21,Purba Medinipur,South 24 Parganas,0.24545251992191408
2012-08-21,Purulia,Bankura,0.31831225977540933
2012-08-21,Purulia,Bardhaman,0.22482570947135533
2012-08-21,Purulia,Birbhum,0.23315031982693918
2012-08-21,Purulia,Paschim Medinipur,0.22371170193841092
2012-08-21,South 24 Parganas,Hooghly,0.21971499707324385
2012-08-21,South 24 Parganas,Howrah,0.255493070894813
2012-08-21,South 24 Parganas,North 24 Parganas,0.2052519900082962
2012-08-21,South 24 Parganas,Paschim Medinipur,0.1494119616785286
2012-08-21,South 24 Parganas,Purba Medinipur,0.1701279756924266
2012-08-21,Uttar Dinajpur,Dakshin Dinajpur,0.28392563846798746
2012-08-21,Uttar Dinajpur,"Darjeeling, Jalpaiguri",0.212022328279448
2012-08-21,Uttar Dinajpur,Jalpaiguri,0.2519237454218101
2012-08-21,Uttar Dinajpur,Malda,0.25212828033710827
2012-08-27,Bankura,Bardhaman,0.21351109818178826
2012-08-27,Bankura,Birbhum,0.1790119624134814
2012-08-27,Bankura,Burdwan,0.2175542121804382
2012-08-27,Bankura,Paschim Medinipur,0.19506894452913587
2012-08-27,Bankura,Purulia,0.1948537771932525
2012-08-27,Bardhaman,Bankura,0.15201505024214224
2012-08-27,Bardhaman,Birbhum,0.15329650620425214
2012-08-27,Bardhaman,Burdwan,0.2052837093262242
2012-08-27,Bardhaman,Murshidabad,0.13363185198895222
2012-08-27,Bardhaman,Nadia,0.2577860797161186
2012-08-27,Bardhaman,Purulia,0.09798679860508018
2012-08-27,Birbhum,Bankura,0.16212325386292975
2012-08-27,Birbhum,Bardhaman,0.19499765196947846
2012-08-27,Birbhum,Burdwan,0.17672467415333593
2012-08-27,Birbhum,Malda,0.1439612450167808
2012-08-27,Birbhum,Murshidabad,0.1929359721494484
2012-08-27,Birbhum,Purulia,0.12925719786519463
2012-08-27,Burdwan,Bankura,0.16969976631097117
2012-08-27,Burdwan,Bardhaman,0.22490654881529837
2012-08-27,Burdwan,Birbhum,0.15221157488215262
2012-08-27,Burdwan,Hooghly,0.1737609786740292
2012-08-27,Burdwan,Nadia,0.2794211270258747
2012-08-27,Dakshin Dinajpur,"Darjeeling, Jalpaiguri",0.14430313266579106
2012-08-27,Dakshin Dinajpur,Jalpaiguri,0.18391716855299525
2012-08-27,Dakshin Dinajpur,Malda,0.2654300951929456
2012-08-27,Dakshin Dinajpur,Murshidabad,0.16937499061937314
2012-08-27,Dakshin Dinajpur,Uttar Dinajpur,0.23697460671442683
2012-08-27,"Darjeeling, Jalpaiguri",Dakshin Dinajpur,0.20196852756760714
2012-08-27,"Darjeeling, Jalpaiguri",Jalpaiguri,0.39516547976253746
2012-08-27,"Darjeeling, Jalpaiguri",Malda,0.15518837891219384
2012-08-27,"Darjeeling, Jalpaiguri",Uttar Dinajpur,0.24767760500382713
2012-08-27,Hooghly,Burdwan,0.14672524134446774
2012-08-27,Hooghly,Howrah,0.17078876501370718
2012-08-27,Hooghly,Nadia,0.24664467993600853
2012-08-27,Hooghly,North 24 Parganas,0.1500616512663282
2012-08-27,Hooghly,Purba Medinipur,0.11464628048233606
2012-08-27,Hooghly,South 24 Parganas,0.17113337833322634
2012-08-27,Howrah,Hooghly,0.2184709882060173
2012-08-27,Howrah,North 24 Parganas,0.19377150404387067
2012-08-27,Howrah,Paschim Medinipur,0.15698361278972994
2012-08-27,Howrah,Purba Medinipur,0.17621479222644662
2012-08-27,Howrah,South 24 Parganas,0.25455909809825183
2012-08-27,Jalpaiguri,Dakshin Dinajpur,0.22541539988239107
2012-08-27,Jalpaiguri,"Darjeeling, Jalpaiguri",0.3460448335733828
2012-08-27,Jalpaiguri,Malda,0.170831928248643
2012-08-27,Jalpaiguri,Uttar Dinajpur,0.25770783062988534
2012-08-27,Malda,Birbhum,0.16097692543753456
2012-08-27,Malda,Dakshin Dinajpur,0.23645802225247906
2012-08-27,Malda,"Darjeeling, Jalpaiguri",0.09877684411167223
2012-08-27,Malda,Jalpaiguri,0.12416855367043941
2012-08-27,Malda,Murshidabad,0.19215358898735982
2012-08-27,Malda,Uttar Dinajpur,0.187466059968731
2012-08-27,Murshidabad,Bardhaman,0.1731541535709431
2012-08-27,Murshidabad,Birbhum,0.1965345954607259
2012-08-27,Murshidabad,Dakshin Dinajpur,0.13745512627333292
2012-08-27,Murshidabad,Malda,0.17504764303009737
2012-08-27,Murshidabad,Nadia,0.3178084765891295
2012-08-27,Nadia,Bardhaman,0.20672813555487246
2012-08-27,Nadia,Burdwan,0.20452751933030067
2012-08-27,Nadia,Hooghly,0.21380196118235514
2012-08-27,Nadia,Murshidabad,0.19669017914283707
2012-08-27,Nadia,North 24 Parganas,0.17825219943586906
2012-08-27,North 24 Parganas,Hooghly,0.22496513369121532
2012-08-27,North 24 Parganas,Howrah,0.22709152575247685
2012-08-27,North 24 Parganas,Nadia,0.3082765271602139
2012-08-27,North 24 Parganas,South 24 Parganas,0.23966680796328027
2012-08-27,Paschim Medinipur,Bankura,0.20969249791251787
2012-08-27,Paschim Medinipur,Howrah,0.2002849319308726
2012-08-27,Paschim Medinipur,Purba Medinipur,0.25288409347401003
2012-08-27,Paschim Medinipur,Purulia,0.14721054617245766
2012-08-27,Paschim Medinipur,South 24 Parganas,0.18992792459578212
2012-08-27,Purba Medinipur,Hooghly,0.2123619515104214
2012-08-27,Purba Medinipur,Howrah,0.25516706925375043
2012-08-27,Purba Medinipur,Paschim Medinipur,0.28701845260123243
2012-08-27,Purba Medinipur,South 24 Parganas,0.24545251992191405
2012-08-27,Purulia,Bankura,0.3183122597754093
2012-08-27,Purulia,Bardhaman,0.22482570947135527
2012-08-27,Purulia,Birbhum,0.23315031982693915
2012-08-27,Purulia,Paschim Medinipur,0.2237117019384109
2012-08-27,South 24 Parganas,Hooghly,0.21971499707324382
2012-08-27,South 24 Parganas,Howrah,0.25549307089481293
2012-08-27,South 24 Parganas,North 24 Parganas,0.20525199000829616
2012-08-27,South 24 Parganas,Paschim Medinipur,0.14941196167852858
2012-08-27,South 24 Parganas,Purba Medinipur,0.1701279756924266
2012-08-27,Uttar Dinajpur,Dakshin Dinajpur,0.28392563846798746
2012-08-27,Uttar Dinajpur,"Darjeeling, Jalpaiguri",0.21202232827944803
2012-08-27,Uttar Dinajpur,Jalpaiguri,0.2519237454218101
2012-08-27,Uttar Dinajpur,Malda,0.2521282803371082
2012-09-01,Bankura,Bardhaman,0.21351109818178826
2012-09-01,Bankura,Birbhum,0.1790119624134814
2012-09-01,Bankura,Burdwan,0.21755421218043816
2012-09-01,Bankura,Paschim Medinipur,0.19506894452913587
2012-09-01,Bankura,Purulia,0.19485377719325253
2012-09-01,Bardhaman,Bankura,0.15201505029736734
2012-09-01,Bardhaman,Birbhum,0.15329650625994282
2012-09-01,Bardhaman,Burdwan,0.20528370940080112
2012-09-01,Bardhaman,Murshidabad,0.13363185203749897
2012-09-01,Bardhaman,Nadia,0.25778607944648185
2012-09-01,Bardhaman,Purulia,0.09798679864067754
2012-09-01,Birbhum,Bankura,0.16212325386292972
2012-09-01,Birbhum,Bardhaman,0.19499765196947844
2012-09-01,Birbhum,Burdwan,0.1767246741533359
2012-09-01,Birbhum,Malda,0.1439612450167808
2012-09-01,Birbhum,Murshidabad,0.19293597214944838
2012-09-01,Birbhum,Purulia,0.12925719786519457
2012-09-01,Burdwan,Bankura,0.1696997663777949
2012-09-01,Burdwan,Bardhaman,0.22490654890386125
2012-09-01,Burdwan,Birbhum,0.15221157494208995
2012-09-01,Burdwan,Hooghly,0.17376097874245217
2012-09-01,Burdwan,Nadia,0.27942112674212766
2012-09-01,Dakshin Dinajpur,"Darjeeling, Jalpaiguri",0.1443031326657911
2012-09-01,Dakshin Dinajpur,Jalpaiguri,0.18391716855299528
2012-09-01,Dakshin Dinajpur,Malda,0.2654300951929456
2012-09-01,Dakshin Dinajpur,Murshidabad,0.16937499061937314
2012-09-01,Dakshin Dinajpur,Uttar Dinajpur,0.23697460671442686
2012-09-01,"Darjeeling, Jalpaiguri",Dakshin Dinajpur,0.2019685275676072
2012-09-01,"Darjeeling, Jalpaiguri",Jalpaiguri,0.3951654797625375
2012-09-01,"Darjeeling, Jalpaiguri",Malda,0.15518837891219384
2012-09-01,"Darjeeling, Jalpaiguri",Uttar Dinajpur,0.24767760500382716
2012-09-01,Hooghly,Burdwan,0.14672524139546733
2012-09-01,Hooghly,Howrah,0.17078876507307095
2012-09-01,Hooghly,Nadia,0.2466446796741528
2012-09-01,Hooghly,North 24 Parganas,0.15006165131848753
2012-09-01,Hooghly,Purba Medinipur,0.1146462805221855
2012-09-01,Hooghly,South 24 Parganas,0.17113337839270987
2012-09-01,Howrah,Hooghly,0.2184709882060173
2012-09-01,Howrah,North 24 Parganas,0.19377150404387067
2012-09-01,Howrah,Paschim Medinipur,0.15698361278972994
2012-09-01,Howrah,Purba Medinipur,0.17621479222644662
2012-09-01,Howrah,South 24 Parganas,0.25455909809825183
2012-09-01,Jalpaiguri,Dakshin Dinajpur,0.22541539988239107
2012-09-01,Jalpaiguri,"Darjeeling, Jalpaiguri",0.3460448335733828
2012-09-01,Jalpaiguri,Malda,0.17083192824864296
2012-09-01,Jalpaiguri,Uttar Dinajpur,0.25770783062988534
2012-09-01,Malda,Birbhum,0.16097692543753456
2012-09-01,Malda,Dakshin Dinajpur,0.236458022252479
2012-09-01,Malda,"Darjeeling, Jalpaiguri",0.09877684411167222
2012-09-01,Malda,Jalpaiguri,0.12416855367043939
2012-09-01,Malda,Murshidabad,0.19215358898735982
2012-09-01,Malda,Uttar Dinajpur,0.18746605996873097
2012-09-01,Murshidabad,Bardhaman,0.17315415364849432
2012-09-01,Murshidabad,Birbhum,0.19653459554874864
2012-09-01,Murshidabad,Dakshin Dinajpur,0.13745512633489548
2012-09-01,Murshidabad,Malda,0.17504764310849666
2012-09-01,Murshidabad,Nadia,0.31780847628359354
2012-09-01,Nadia,Bardhaman,0.20672813555487243
2012-09-01,Nadia,Burdwan,0.2045275193303007
2012-09-01,Nadia,Hooghly,0.21380196118235512
2012-09-01,Nadia,Murshidabad,0.19669017914283707
2012-09-01,Nadia,North 24 Parganas,0.17825219943586906
2012-09-01,North 24 Parganas,Hooghly,0.22496513378894945
2012-09-01,North 24 Parganas,Howrah,0.2270915258511348
2012-09-01,North 24 Parganas,Nadia,0.3082765268597008
2012-09-01,North 24 Parganas,South 24 Parganas,0.23966680806740143
2012-09-01,Paschim Medinipur,Bankura,0.20969249791251784
2012-09-01,Paschim Medinipur,Howrah,0.2002849319308726
2012-09-01,Paschim Medinipur,Purba Medinipur,0.25288409347401003
2012-09-01,Paschim Medinipur,Purulia,0.14721054617245763
2012-09-01,Paschim Medinipur,South 24 Parganas,0.1899279245957821
2012-09-01,Purba Medinipur,Hooghly,0.21236195151042145
2012-09-01,Purba Medinipur,Howrah,0.2551670692537505
2012-09-01,Purba Medinipur,Paschim Medinipur,0.28701845260123243
2012-09-01,Purba Medinipur,South 24 Parganas,0.24545251992191408
2012-09-01,Purulia,Bankura,0.31831225977540933
2012-09-01,Purulia,Bardhaman,0.22482570947135533
2012-09-01,Purulia,Birbhum,0.23315031982693915
2012-09-01,Purulia,Paschim Medinipur,0.2237117019384109
2012-09-01,South 24 Parganas,Hooghly,0.21971499707324385
2012-09-01,South 24 Parganas,Howrah,0.25549307089481293
2012-09-01,South 24 Parganas,North 24 Parganas,0.20525199000829616
2012-09-01,South 24 Parganas,Paschim Medinipur,0.1494119616785286
2012-09-01,South 24 Parganas,Purba Medinipur,0.1701279756924266
2012-09-01,Uttar Dinajpur,Dakshin Dinajpur,0.2839256384679874
2012-09-01,Uttar Dinajpur,"Darjeeling, Jalpaiguri",0.212022328279448
2012-09-01,Uttar Dinajpur,Jalpaiguri,0.2519237454218101
2012-09-01,Uttar Dinajpur,Malda,0.2521282803371082
2012-09-02,Bankura,Bardhaman,0.21351109818178832
2012-09-02,Bankura,Birbhum,0.17901196241348144
2012-09-02,Bankura,Burdwan,0.2175542121804382
2012-09-02,Bankura,Paschim Medinipur,0.19506894452913587
2012-09-02,Bankura,Purulia,0.19485377719325253
2012-09-02,Bardhaman,Bankura,0.17013964033613227
2012-09-02,Bardhaman,Birbhum,0.171573882907198
2012-09-02,Bardhaman,Burdwan,0.22975946405304234
2012-09-02,Bardhaman,Murshidabad,0.14956463322964192
2012-09-02,Bardhaman,Nadia,0.16929271642234767
2012-09-02,Bardhaman,Purulia,0.10966965866736032
2012-09-02,Birbhum,Bankura,0.16212325386292975
2012-09-02,Birbhum,Bardhaman,0.1949976519694785
2012-09-02,Birbhum,Burdwan,0.17672467415333593
2012-09-02,Birbhum,Malda,0.1439612450167808
2012-09-02,Birbhum,Murshidabad,0.1929359721494484
2012-09-02,Birbhum,Purulia,0.12925719786519463
2012-09-02,Burdwan,Bankura,0.16853559106831068
2012-09-02,Burdwan,Bardhaman,0.22336364370862202
2012-09-02,Burdwan,Birbhum,0.15116737222367962
2012-09-02,Burdwan,Hooghly,0.2941052296612106
2012-09-02,Burdwan,Nadia,0.16282815907594472
2012-09-02,Dakshin Dinajpur,"Darjeeling, Jalpaiguri",0.14430313266579106
2012-09-02,Dakshin Dinajpur,Jalpaiguri,0.18391716855299525
2012-09-02,Dakshin Dinajpur,Malda,0.2654300951929455
2012-09-02,Dakshin Dinajpur,Murshidabad,0.1693749906193731
2012-09-02,Dakshin Dinajpur,Uttar Dinajpur,0.2369746067144268
2012-09-02,"Darjeeling, Jalpaiguri",Dakshin Dinajpur,0.20196852756760716
2012-09-02,"Darjeeling, Jalpaiguri",Jalpaiguri,0.3951654797625375
2012-09-02,"Darjeeling, Jalpaiguri",Malda,0.15518837891219384
2012-09-02,"Darjeeling, Jalpaiguri",Uttar Dinajpur,0.24767760500382713
2012-09-02,Hooghly,Burdwan,0.16337724687849428
2012-09-02,Hooghly,Howrah,0.19017176574417452
2012-09-02,Hooghly,Nadia,0.1611455739618548
2012-09-02,Hooghly,North 24 Parganas,0.16709230955276133
2012-09-02,Hooghly,Purba Medinipur,0.12765761022733502
2012-09-02,Hooghly,South 24 Parganas,0.19055548960017088
2012-09-02,Howrah,Hooghly,0.3226853489908347
2012-09-02,Howrah,North 24 Parganas,0.16793270199365598
2012-09-02,Howrah,Paschim Medinipur,0.1360503568085872
2012-09-02,Howrah,Purba Medinipur,0.1527171207957289
2012-09-02,Howrah,South 24 Parganas,0.22061446739366308
2012-09-02,Jalpaiguri,Dakshin Dinajpur,0.22541539988239107
2012-09-02,Jalpaiguri,"Darjeeling, Jalpaiguri",0.3460448335733828
2012-09-02,Jalpaiguri,Malda,0.17083192824864296
2012-09-02,Jalpaiguri,Uttar Dinajpur,0.25770783062988534
2012-09-02,Malda,Birbhum,0.16097692543753453
2012-09-02,Malda,Dakshin Dinajpur,0.236458022252479
2012-09-02,Malda,"Darjeeling, Jalpaiguri",0.09877684411167222
2012-09-02,Malda,Jalpaiguri,0.12416855367043939
2012-09-02,Malda,Murshidabad,0.19215358898735982
2012-09-02,Malda,Uttar Dinajpur,0.18746605996873097
2012-09-02,Murshidabad,Bardhaman,0.19933281923480856
2012-09-02,Murshidabad,Birbhum,0.2262480811602845
2012-09-02,Murshidabad,Dakshin Dinajpur,0.15823656131421798
2012-09-02,Murshidabad,Malda,0.2015125797793916
2012-09-02,Murshidabad,Nadia,0.21466995266813518
2012-09-02,Nadia,Bardhaman,0.17967364345593032
2012-09-02,Nadia,Burdwan,0.17776102167440172
2012-09-02,Nadia,Hooghly,0.3166916262601402
2012-09-02,Nadia,Murshidabad,0.17094935347691345
2012-09-02,Nadia,North 24 Parganas,0.15492435047949554
2012-09-02,North 24 Parganas,Hooghly,0.37185839800865195
2012-09-02,North 24 Parganas,Howrah,0.22025369319213745
2012-09-02,North 24 Parganas,Nadia,0.17543757578406619
2012-09-02,North 24 Parganas,South 24 Parganas,0.23245032774591554
2012-09-02,Paschim Medinipur,Bankura,0.20969249791251787
2012-09-02,Paschim Medinipur,Howrah,0.2002849319308726
2012-09-02,Paschim Medinipur,Purba Medinipur,0.25288409347401003
2012-09-02,Paschim Medinipur,Purulia,0.14721054617245766
2012-09-02,Paschim Medinipur,South 24 Parganas,0.1899279245957821
2012-09-02,Purba Medinipur,Hooghly,0.314836138621306
2012-09-02,Purba Medinipur,Howrah,0.22196903108204474
2012-09-02,Purba Medinipur,Paschim Medinipur,0.24967644928824193
2012-09-02,Purba Medinipur,South 24 Parganas,0.21351837516906683
2012-09-02,Purulia,Bankura,0.3183122597754094
2012-09-02,Purulia,Bardhaman,0.22482570947135536
2012-09-02,Purulia,Birbhum,0.2331503198269392
2012-09-02,Purulia,Paschim Medinipur,0.22371170193841095
2012-09-02,South 24 Parganas,Hooghly,0.32427654866807654
2012-09-02,South 24 Parganas,Howrah,0.22125589881757657
2012-09-02,South 24 Parganas,North 24 Parganas,0.17774733919135732
2012-09-02,South 24 Parganas,Paschim Medinipur,0.12939011519764587
2012-09-02,South 24 Parganas,Purba Medinipur,0.1473300940961326
2012-09-02,Uttar Dinajpur,Dakshin Dinajpur,0.28392563846798746
2012-09-02,Uttar Dinajpur,"Darjeeling, Jalpaiguri",0.212022328279448
2012-09-02,Uttar Dinajpur,Jalpaiguri,0.2519237454218101
2012-09-02,Uttar Dinajpur,Malda,0.25212828033710827
2012-09-15,Bankura,Bardhaman,0.21351109818178832
2012-09-15,Bankura,Birbhum,0.17901196241348147
2012-09-15,Bankura,Burdwan,0.2175542121804382
2012-09-15,Bankura,Paschim Medinipur,0.19506894452913587
2012-09-15,Bankura,Purulia,0.19485377719325256
2012-09-15,Bardhaman,Bankura,0.15201504986305467
2012-09-15,Bardhaman,Birbhum,0.15329650582196894
2012-09-15,Bardhaman,Burdwan,0.2052837088142979
2012-09-15,Bardhaman,Murshidabad,0.13363185165570776
2012-09-15,Bardhaman,Nadia,0.25778608156701466
2012-09-15,Bardhaman,Purulia,0.09798679836072556
2012-09-15,Birbhum,Bankura,0.16212325386292978
2012-09-15,Birbhum,Bardhaman,0.1949976519694785
2012-09-15,Birbhum,Burdwan,0.17672467415333595
2012-09-15,Birbhum,Malda,0.14396124501678081
2012-09-15,Birbhum,Murshidabad,0.1929359721494484
2012-09-15,Birbhum,Purulia,0.12925719786519463
2012-09-15,Burdwan,Bankura,0.16969976585226562
2012-09-15,Burdwan,Bardhaman,0.2249065482073666
2012-09-15,Burdwan,Birbhum,0.15221157447071842
2012-09-15,Burdwan,Hooghly,0.17376097820434605
2012-09-15,Burdwan,Nadia,0.2794211289736293
2012-09-15,Dakshin Dinajpur,"Darjeeling, Jalpaiguri",0.14430313266579106
2012-09-15,Dakshin Dinajpur,Jalpaiguri,0.18391716855299528
2012-09-15,Dakshin Dinajpur,Malda,0.2654300951929456
2012-09-15,Dakshin Dinajpur,Murshidabad,0.1693749906193731
2012-09-15,Dakshin Dinajpur,Uttar Dinajpur,0.23697460671442683
2012-09-15,"Darjeeling, Jalpaiguri",Dakshin Dinajpur,0.20196852756760716
2012-09-15,"Darjeeling, Jalpaiguri",Jalpaiguri,0.3951654797625375
2012-09-15,"Darjeeling, Jalpaiguri",Malda,0.15518837891219384
2012-09-15,"Darjeeling, Jalpaiguri",Uttar Dinajpur,0.2476776050038271
2012-09-15,Hooghly,Burdwan,0.1467252409943855
2012-09-15,Hooghly,Howrah,0.1707887646062101
2012-09-15,Hooghly,Nadia,0.24664468173349283
2012-09-15,Hooghly,North 24 Parganas,0.1500616509082854
2012-09-15,Hooghly,Purba Medinipur,0.11464628020879332
2012-09-15,Hooghly,South 24 Parganas,0.171133377924907
2012-09-15,Howrah,Hooghly,0.21847098820601732
2012-09-15,Howrah,North 24 Parganas,0.1937715040438707
2012-09-15,Howrah,Paschim Medinipur,0.15698361278972997
2012-09-15,Howrah,Purba Medinipur,0.17621479222644665
2012-09-15,Howrah,South 24 Parganas,0.25455909809825183
2012-09-15,Jalpaiguri,Dakshin Dinajpur,0.2254153998823911
2012-09-15,Jalpaiguri,"Darjeeling, Jalpaiguri",0.34604483357338284
2012-09-15,Jalpaiguri,Malda,0.17083192824864296
2012-09-15,Jalpaiguri,Uttar Dinajpur,0.25770783062988534
2012-09-15,Malda,Birbhum,0.16097692543753456
2012-09-15,Malda,Dakshin Dinajpur,0.236458022252479
2012-09-15,Malda,"Darjeeling, Jalpaiguri",0.0987768441116722
2012-09-15,Malda,Jalpaiguri,0.12416855367043939
2012-09-15,Malda,Murshidabad,0.1921535889873598
2012-09-15,Malda,Uttar Dinajpur,0.187466059968731
2012-09-15,Murshidabad,Bardhaman,0.1731541530385997
2012-09-15,Murshidabad,Birbhum,0.1965345948565019
2012-09-15,Murshidabad,Dakshin Dinajpur,0.13745512585074227
2012-09-15,Murshidabad,Malda,0.17504764249193264
2012-09-15,Murshidabad,Nadia,0.31780847868645234
2012-09-15,Nadia,Bardhaman,0.20672813555487243
2012-09-15,Nadia,Burdwan,0.20452751933030067
2012-09-15,Nadia,Hooghly,0.21380196118235512
2012-09-15,Nadia,Murshidabad,0.19669017914283707
2012-09-15,Nadia,North 24 Parganas,0.17825219943586906
2012-09-15,North 24 Parganas,Hooghly,0.22496513302032864
2012-09-15,North 24 Parganas,Howrah,0.2270915250752489
2012-09-15,North 24 Parganas,Nadia,0.3082765292230583
2012-09-15,North 24 Parganas,South 24 Parganas,0.23966680724855058
2012-09-15,Paschim Medinipur,Bankura,0.20969249791251784
2012-09-15,Paschim Medinipur,Howrah,0.20028493193087263
2012-09-15,Paschim Medinipur,Purba Medinipur,0.25288409347401003
2012-09-15,Paschim Medinipur,Purulia,0.14721054617245763
2012-09-15,Paschim Medinipur,South 24 Parganas,0.1899279245957821
2012-09-15,Purba Medinipur,Hooghly,0.21236195151042142
2012-09-15,Purba Medinipur,Howrah,0.25516706925375043
2012-09-15,Purba Medinipur,Paschim Medinipur,0.28701845260123243
2012-09-15,Purba Medinipur,South 24 Parganas,0.24545251992191408
2012-09-15,Purulia,Bankura,0.31831225977540933
2012-09-15,Purulia,Bardhaman,0.22482570947135527
2012-09-15,Purulia,Birbhum,0.23315031982693915
2012-09-15,Purulia,Paschim Medinipur,0.2237117019384109
2012-09-15,South 24 Parganas,Hooghly,0.21971499707324385
2012-09-15,South 24 Parganas,Howrah,0.255493070894813
2012-09-15,South 24 Parganas,North 24 Parganas,0.2052519900082962
2012-09-15,South 24 Parganas,Paschim Medinipur,0.14941196167852858
2012-09-15,South 24 Parganas,Purba Medinipur,0.17012797569242663
2012-09-15,Uttar Dinajpur,Dakshin Dinajpur,0.2839256384679874
2012-09-15,Uttar Dinajpur,"Darjeeling, Jalpaiguri",0.21202232827944797
2012-09-15,Uttar Dinajpur,Jalpaiguri,0.25192374542181006
2012-09-15,Uttar Dinajpur,Malda,0.2521282803371082
2012-10-06,Bankura,Bardhaman,0.21351109818178832
2012-10-06,Bankura,Birbhum,0.17901196241348147
2012-10-06,Bankura,Burdwan,0.21755421218043822
2012-10-06,Bankura,Paschim Medinipur,0.1950689445291359
2012-10-06,Bankura,Purulia,0.19485377719325256
2012-10-06,Bardhaman,Bankura,0.15201504991238465
2012-10-06,Bardhaman,Birbhum,0.15329650587171478
2012-10-06,Bardhaman,Burdwan,0.20528370888091396
2012-10-06,Bardhaman,Murshidabad,0.13363185169907227
2012-10-06,Bardhaman,Nadia,0.25778608132616093
2012-10-06,Bardhaman,Purulia,0.09798679839252301
2012-10-06,Birbhum,Bankura,0.16212325386292978
2012-10-06,Birbhum,Bardhaman,0.1949976519694785
2012-10-06,Birbhum,Burdwan,0.17672467415333595
2012-10-06,Birbhum,Malda,0.14396124501678081
2012-10-06,Birbhum,Murshidabad,0.19293597214944844
2012-10-06,Birbhum,Purulia,0.12925719786519463
2012-10-06,Burdwan,Bankura,0.16969976591195615
2012-10-06,Burdwan,Bardhaman,0.22490654828647566
2012-10-06,Burdwan,Birbhum,0.1522115745242576
2012-10-06,Burdwan,Hooghly,0.17376097826546505
2012-10-06,Burdwan,Nadia,0.2794211287201715
2012-10-06,Dakshin Dinajpur,"Darjeeling, Jalpaiguri",0.14430313266579106
2012-10-06,Dakshin Dinajpur,Jalpaiguri,0.18391716855299522
2012-10-06,Dakshin Dinajpur,Malda,0.2654300951929455
2012-10-06,Dakshin Dinajpur,Murshidabad,0.1693749906193731
2012-10-06,Dakshin Dinajpur,Uttar Dinajpur,0.2369746067144268
2012-10-06,"Darjeeling, Jalpaiguri",Dakshin Dinajpur,0.2019685275676072
2012-10-06,"Darjeeling, Jalpaiguri",Jalpaiguri,0.39516547976253746
2012-10-06,"Darjeeling, Jalpaiguri",Malda,0.15518837891219384
2012-10-06,"Darjeeling, Jalpaiguri",Uttar Dinajpur,0.24767760500382713
2012-10-06,Hooghly,Burdwan,0.14672524103994106
2012-10-06,Hooghly,Howrah,0.17078876465923695
2012-10-06,Hooghly,Nadia,0.2466446814995894
2012-10-06,Hooghly,North 24 Parganas,0.15006165095487686
2012-10-06,Hooghly,Purba Medinipur,0.11464628024438894
2012-10-06,Hooghly,South 24 Parganas,0.17113337797804085
2012-10-06,Howrah,Hooghly,0.2184709882060173
2012-10-06,Howrah,North 24 Parganas,0.19377150404387067
2012-10-06,Howrah,Paschim Medinipur,0.15698361278972994
2012-10-06,Howrah,Purba Medinipur,0.17621479222644665
2012-10-06,Howrah,South 24 Parganas,0.25455909809825183
2012-10-06,Jalpaiguri,Dakshin Dinajpur,0.22541539988239107
2012-10-06,Jalpaiguri,"Darjeeling, Jalpaiguri",0.3460448335733828
2012-10-06,Jalpaiguri,Malda,0.17083192824864296
2012-10-06,Jalpaiguri,Uttar Dinajpur,0.25770783062988534
2012-10-06,Malda,Birbhum,0.16097692543753453
2012-10-06,Malda,Dakshin Dinajpur,0.236458022252479
2012-10-06,Malda,"Darjeeling, Jalpaiguri",0.09877684411167222
2012-10-06,Malda,Jalpaiguri,0.12416855367043939
2012-10-06,Malda,Murshidabad,0.1921535889873598
2012-10-06,Malda,Uttar Dinajpur,0.18746605996873097
2012-10-06,Murshidabad,Bardhaman,0.17315415310787258
2012-10-06,Murshidabad,Birbhum,0.19653459493512845
2012-10-06,Murshidabad,Dakshin Dinajpur,0.1374551259057332
2012-10-06,Murshidabad,Malda,0.175047642561963
2012-10-06,Murshidabad,Nadia,0.31780847841353144
2012-10-06,Nadia,Bardhaman,0.20672813555487246
2012-10-06,Nadia,Burdwan,0.20452751933030067
2012-10-06,Nadia,Hooghly,0.21380196118235514
2012-10-06,Nadia,Murshidabad,0.1966901791428371
2012-10-06,Nadia,North 24 Parganas,0.17825219943586906
2012-10-06,North 24 Parganas,Hooghly,0.22496513310762994
2012-10-06,North 24 Parganas,Howrah,0.22709152516337539
2012-10-06,North 24 Parganas,Nadia,0.3082765289546241
2012-10-06,North 24 Parganas,South 24 Parganas,0.23966680734155707
2012-10-06,Paschim Medinipur,Bankura,0.20969249791251784
2012-10-06,Paschim Medinipur,Howrah,0.20028493193087257
2012-10-06,Paschim Medinipur,Purba Medinipur,0.25288409347401
2012-10-06,Paschim Medinipur,Purulia,0.14721054617245763
2012-10-06,Paschim Medinipur,South 24 Parganas,0.18992792459578206
2012-10-06,Purba Medinipur,Hooghly,0.21236195151042145
2012-10-06,Purba Medinipur,Howrah,0.2551670692537505
2012-10-06,Purba Medinipur,Paschim Medinipur,0.28701845260123243
2012-10-06,Purba Medinipur,South 24 Parganas,0.24545251992191408
2012-10-06,Purulia,Bankura,0.31831225977540933
2012-10-06,Purulia,Bardhaman,0.22482570947135533
2012-10-06,Purulia,Birbhum,0.23315031982693918
2012-10-06,Purulia,Paschim Medinipur,0.22371170193841092
2012-10-06,South 24 Parganas,Hooghly,0.21971499707324382
2012-10-06,South 24 Parganas,Howrah,0.25549307089481293
2012-10-06,South 24 Parganas,North 24 Parganas,0.20525199000829616
2012-10-06,South 24 Parganas,Paschim Medinipur,0.14941196167852858
2012-10-06,South 24 Parganas,Purba Medinipur,0.1701279756924266
2012-10-06,Uttar Dinajpur,Dakshin Dinajpur,0.2839256384679874
2012-10-06,Uttar Dinajpur,"Darjeeling, Jalpaiguri",0.21202232827944797
2012-10-06,Uttar Dinajpur,Jalpaiguri,0.25192374542181006
2012-10-06,Uttar Dinajpur,Malda,0.2521282803371082
2012-10-08,Bankura,Bardhaman,0.21351109818178832
2012-10-08,Bankura,Birbhum,0.17901196241348147
2012-10-08,Bankura,Burdwan,0.21755421218043822
2012-10-08,Bankura,Paschim Medinipur,0.19506894452913587
2012-10-08,Bankura,Purulia,0.19485377719325253
2012-10-08,Bardhaman,Bankura,0.15201505032816595
2012-10-08,Bardhaman,Birbhum,0.15329650629100103
2012-10-08,Bardhaman,Burdwan,0.2052837094423921
2012-10-08,Bardhaman,Murshidabad,0.1336318520645731
2012-10-08,Bardhaman,Nadia,0.2577860792961076
2012-10-08,Bardhaman,Purulia,0.09798679866052987
2012-10-08,Birbhum,Bankura,0.16212325386292978
2012-10-08,Birbhum,Bardhaman,0.19499765196947846
2012-10-08,Birbhum,Burdwan,0.17672467415333593
2012-10-08,Birbhum,Malda,0.14396124501678081
2012-10-08,Birbhum,Murshidabad,0.1929359721494484
2012-10-08,Birbhum,Purulia,0.12925719786519463
2012-10-08,Burdwan,Bankura,0.16969976641506204
2012-10-08,Burdwan,Bardhaman,0.22490654895325213
2012-10-08,Burdwan,Birbhum,0.15221157497551654
2012-10-08,Burdwan,Hooghly,0.17376097878061114
2012-10-08,Burdwan,Nadia,0.27942112658388424
2012-10-08,Dakshin Dinajpur,"Darjeeling, Jalpaiguri",0.1443031326657911
2012-10-08,Dakshin Dinajpur,Jalpaiguri,0.18391716855299528
2012-10-08,Dakshin Dinajpur,Malda,0.2654300951929456
2012-10-08,Dakshin Dinajpur,Murshidabad,0.16937499061937317
2012-10-08,Dakshin Dinajpur,Uttar Dinajpur,0.23697460671442688
2012-10-08,"Darjeeling, Jalpaiguri",Dakshin Dinajpur,0.2019685275676072
2012-10-08,"Darjeeling, Jalpaiguri",Jalpaiguri,0.3951654797625376
2012-10-08,"Darjeeling, Jalpaiguri",Malda,0.15518837891219386
2012-10-08,"Darjeeling, Jalpaiguri",Uttar Dinajpur,0.24767760500382716
2012-10-08,Hooghly,Burdwan,0.14672524142390947
2012-10-08,Hooghly,Howrah,0.17078876510617771
2012-10-08,Hooghly,Nadia,0.24664467952811794
2012-10-08,Hooghly,North 24 Parganas,0.1500616513475764
2012-10-08,Hooghly,Purba Medinipur,0.11464628054440923
2012-10-08,Hooghly,South 24 Parganas,0.17113337842588341
2012-10-08,Howrah,Hooghly,0.21847098820601732
2012-10-08,Howrah,North 24 Parganas,0.19377150404387067
2012-10-08,Howrah,Paschim Medinipur,0.15698361278972994
2012-10-08,Howrah,Purba Medinipur,0.17621479222644662
2012-10-08,Howrah,South 24 Parganas,0.25455909809825183
2012-10-08,Jalpaiguri,Dakshin Dinajpur,0.22541539988239107
2012-10-08,Jalpaiguri,"Darjeeling, Jalpaiguri",0.34604483357338284
2012-10-08,Jalpaiguri,Malda,0.170831928248643
2012-10-08,Jalpaiguri,Uttar Dinajpur,0.25770783062988534
2012-10-08,Malda,Birbhum,0.16097692543753456
2012-10-08,Malda,Dakshin Dinajpur,0.236458022252479
2012-10-08,Malda,"Darjeeling, Jalpaiguri",0.09877684411167222
2012-10-08,Malda,Jalpaiguri,0.12416855367043939
2012-10-08,Malda,Murshidabad,0.19215358898735982
2012-10-08,Malda,Uttar Dinajpur,0.187466059968731
2012-10-08,Murshidabad,Bardhaman,0.17315415369174408
2012-10-08,Murshidabad,Birbhum,0.19653459559783826
2012-10-08,Murshidabad,Dakshin Dinajpur,0.1374551263692285
2012-10-08,Murshidabad,Malda,0.17504764315221935
2012-10-08,Murshidabad,Nadia,0.3178084761131985
2012-10-08,Nadia,Bardhaman,0.20672813555487243
2012-10-08,Nadia,Burdwan,0.2045275193303007
2012-10-08,Nadia,Hooghly,0.21380196118235512
2012-10-08,Nadia,Murshidabad,0.19669017914283707
2012-10-08,Nadia,North 24 Parganas,0.17825219943586906
2012-10-08,North 24 Parganas,Hooghly,0.224965133843455
2012-10-08,North 24 Parganas,Howrah,0.22709152590615553
2012-10-08,North 24 Parganas,Nadia,0.30827652669210703
2012-10-08,North 24 Parganas,South 24 Parganas,0.23966680812546898
2012-10-08,Paschim Medinipur,Bankura,0.20969249791251784
2012-10-08,Paschim Medinipur,Howrah,0.20028493193087257
2012-10-08,Paschim Medinipur,Purba Medinipur,0.25288409347401003
2012-10-08,Paschim Medinipur,Purulia,0.14721054617245763
2012-10-08,Paschim Medinipur,South 24 Parganas,0.18992792459578206
2012-10-08,Purba Medinipur,Hooghly,0.21236195151042142
2012-10-08,Purba Medinipur,Howrah,0.2551670692537505
2012-10-08,Purba Medinipur,Paschim Medinipur,0.2870184526012325
2012-10-08,Purba Medinipur,South 24 Parganas,0.2454525199219141
2012-10-08,Purulia,Bankura,0.3183122597754094
2012-10-08,Purulia,Bardhaman,0.22482570947135533
2012-10-08,Purulia,Birbhum,0.23315031982693923
2012-10-08,Purulia,Paschim Medinipur,0.22371170193841095
2012-10-08,South 24 Parganas,Hooghly,0.21971499707324385
2012-10-08,South 24 Parganas,Howrah,0.255493070894813
2012-10-08,South 24 Parganas,North 24 Parganas,0.20525199000829616
2012-10-08,South 24 Parganas,Paschim Medinipur,0.1494119616785286
2012-10-08,South 24 Parganas,Purba Medinipur,0.17012797569242663
2012-10-08,Uttar Dinajpur,Dakshin Dinajpur,0.28392563846798746
2012-10-08,Uttar Dinajpur,"Darjeeling, Jalpaiguri",0.212022328279448
2012-10-08,Uttar Dinajpur,Jalpaiguri,0.2519237454218101
2012-10-08,Uttar Dinajpur,Malda,0.25212828033710827
2012-10-10,Bankura,Bardhaman,0.2135110981817883
2012-10-10,Bankura,Birbhum,0.17901196241348144
2012-10-10,Bankura,Burdwan,0.2175542121804382
2012-10-10,Bankura,Paschim Medinipur,0.19506894452913587
2012-10-10,Bankura,Purulia,0.19485377719325256
2012-10-10,Bardhaman,Bankura,0.15201505008094465
2012-10-10,Bardhaman,Birbhum,0.15329650604169573
2012-10-10,Bardhaman,Burdwan,0.20528370910854027
2012-10-10,Bardhaman,Murshidabad,0.1336318518472483
2012-10-10,Bardhaman,Nadia,0.2577860805031663
2012-10-10,Bardhaman,Purulia,0.09798679850117445
2012-10-10,Birbhum,Bankura,0.16212325386292975
2012-10-10,Birbhum,Bardhaman,0.1949976519694785
2012-10-10,Birbhum,Burdwan,0.17672467415333593
2012-10-10,Birbhum,Malda,0.1439612450167808
2012-10-10,Birbhum,Murshidabad,0.1929359721494484
2012-10-10,Birbhum,Purulia,0.12925719786519463
2012-10-10,Burdwan,Bankura,0.169699766115918
2012-10-10,Burdwan,Bardhaman,0.2249065485567905
2012-10-10,Burdwan,Birbhum,0.15221157470720043
2012-10-10,Burdwan,Hooghly,0.17376097847430808
2012-10-10,Burdwan,Nadia,0.27942112785410905
2012-10-10,Dakshin Dinajpur,"Darjeeling, Jalpaiguri",0.14430313266579106
2012-10-10,Dakshin Dinajpur,Jalpaiguri,0.18391716855299528
2012-10-10,Dakshin Dinajpur,Malda,0.2654300951929456
2012-10-10,Dakshin Dinajpur,Murshidabad,0.16937499061937317
2012-10-10,Dakshin Dinajpur,Uttar Dinajpur,0.23697460671442686
2012-10-10,"Darjeeling, Jalpaiguri",Dakshin Dinajpur,0.20196852756760714
2012-10-10,"Darjeeling, Jalpaiguri",Jalpaiguri,0.39516547976253746
2012-10-10,"Darjeeling, Jalpaiguri",Malda,0.15518837891219384
2012-10-10,"Darjeeling, Jalpaiguri",Uttar Dinajpur,0.24767760500382713
2012-10-10,Hooghly,Burdwan,0.1467252411956039
2012-10-10,Hooghly,Howrah,0.17078876484042912
2012-10-10,Hooghly,Nadia,0.24664468070034418
2012-10-10,Hooghly,North 24 Parganas,0.15006165111407938
2012-10-10,Hooghly,Purba Medinipur,0.11464628036601879
2012-10-10,Hooghly,South 24 Parganas,0.17113337815959861
2012-10-10,Howrah,Hooghly,0.2184709882060173
2012-10-10,Howrah,North 24 Parganas,0.19377150404387067
2012-10-10,Howrah,Paschim Medinipur,0.15698361278972994
2012-10-10,Howrah,Purba Medinipur,0.17621479222644662
2012-10-10,Howrah,South 24 Parganas,0.25455909809825183
2012-10-10,Jalpaiguri,Dakshin Dinajpur,0.22541539988239104
2012-10-10,Jalpaiguri,"Darjeeling, Jalpaiguri",0.3460448335733827
2012-10-10,Jalpaiguri,Malda,0.17083192824864296
2012-10-10,Jalpaiguri,Uttar Dinajpur,0.25770783062988534
2012-10-10,Malda,Birbhum,0.16097692543753456
2012-10-10,Malda,Dakshin Dinajpur,0.23645802225247903
2012-10-10,Malda,"Darjeeling, Jalpaiguri",0.09877684411167222
2012-10-10,Malda,Jalpaiguri,0.1241685536704394
2012-10-10,Malda,Murshidabad,0.19215358898735982
2012-10-10,Malda,Uttar Dinajpur,0.187466059968731
2012-10-10,Murshidabad,Bardhaman,0.17315415334457723
2012-10-10,Murshidabad,Birbhum,0.1965345952037946
2012-10-10,Murshidabad,Dakshin Dinajpur,0.13745512609363672
2012-10-10,Murshidabad,Malda,0.17504764280125615
2012-10-10,Murshidabad,Nadia,0.31780847748096397
2012-10-10,Nadia,Bardhaman,0.20672813555487246
2012-10-10,Nadia,Burdwan,0.2045275193303007
2012-10-10,Nadia,Hooghly,0.21380196118235517
2012-10-10,Nadia,Murshidabad,0.1966901791428371
2012-10-10,Nadia,North 24 Parganas,0.17825219943586906
2012-10-10,North 24 Parganas,Hooghly,0.2249651334059374
2012-10-10,North 24 Parganas,Howrah,0.22709152546450248
2012-10-10,North 24 Parganas,Nadia,0.30827652803738737
2012-10-10,North 24 Parganas,South 24 Parganas,0.2396668076593592
2012-10-10,Paschim Medinipur,Bankura,0.20969249791251787
2012-10-10,Paschim Medinipur,Howrah,0.2002849319308726
2012-10-10,Paschim Medinipur,Purba Medinipur,0.25288409347401003
2012-10-10,Paschim Medinipur,Purulia,0.14721054617245766
2012-10-10,Paschim Medinipur,South 24 Parganas,0.18992792459578212
2012-10-10,Purba Medinipur,Hooghly,0.21236195151042145
2012-10-10,Purba Medinipur,Howrah,0.2551670692537505
2012-10-10,Purba Medinipur,Paschim Medinipur,0.2870184526012325
2012-10-10,Purba Medinipur,South 24 Parganas,0.2454525199219141
2012-10-10,Purulia,Bankura,0.31831225977540933
2012-10-10,Purulia,Bardhaman,0.2248257094713553
2012-10-10,Purulia,Birbhum,0.23315031982693915
2012-10-10,Purulia,Paschim Medinipur,0.2237117019384109
2012-10-10,South 24 Parganas,Hooghly,0.21971499707324382
2012-10-10,South 24 Parganas,Howrah,0.255493070894813
2012-10-10,South 24 Parganas,North 24 Parganas,0.20525199000829616
2012-10-10,South 24 Parganas,Paschim Medinipur,0.14941196167852858
2012-10-10,South 24 Parganas,Purba Medinipur,0.17012797569242658
2012-10-10,Uttar Dinajpur,Dakshin Dinajpur,0.2839256384679874
2012-10-10,Uttar Dinajpur,"Darjeeling, Jalpaiguri",0.21202232827944797
2012-10-10,Uttar Dinajpur,Jalpaiguri,0.25192374542181006
2012-10-10,Uttar Dinajpur,Malda,0.2521282803371082
2012-10-11,Bankura,Bardhaman,0.21351109816994446
2012-10-11,Bankura,Birbhum,0.17901196240355136
2012-10-11,Bankura,Burdwan,0.2175542121683701
2012-10-11,Bankura,Paschim Medinipur,0.19506894451831508
2012-10-11,Bankura,Purulia,0.19485377718244365
2012-10-11,Bardhaman,Bankura,0.1649875188439222
2012-10-11,Bardhaman,Birbhum,0.1663783300784644
2012-10-11,Bardhaman,Burdwan,0.2228019515624335
2012-10-11,Bardhaman,Murshidabad,0.14503555840725144
2012-10-11,Bardhaman,Nadia,0.19444796439223483
2012-10-11,Bardhaman,Purulia,0.10634867242131468
2012-10-11,Birbhum,Bankura,0.162123253854785
2012-10-11,Birbhum,Bardhaman,0.19499765195968213
2012-10-11,Birbhum,Burdwan,0.17672467414445758
2012-10-11,Birbhum,Malda,0.14396124500954843
2012-10-11,Birbhum,Murshidabad,0.19293597213975566
2012-10-11,Birbhum,Purulia,0.12925719785870096
2012-10-11,Burdwan,Bankura,0.185510013965247
2012-10-11,Burdwan,Bardhaman,0.24586019131662257
2012-10-11,Burdwan,Birbhum,0.1663925177735195
2012-10-11,Burdwan,Hooghly,0.18994959322080207
2012-10-11,Burdwan,Nadia,0.2122876789849957
2012-10-11,Dakshin Dinajpur,"Darjeeling, Jalpaiguri",0.14430313265669142
2012-10-11,Dakshin Dinajpur,Jalpaiguri,0.18391716854139759
2012-10-11,Dakshin Dinajpur,Malda,0.26543009517620775
2012-10-11,Dakshin Dinajpur,Murshidabad,0.1693749906086925
2012-10-11,Dakshin Dinajpur,Uttar Dinajpur,0.23697460669948342
2012-10-11,"Darjeeling, Jalpaiguri",Dakshin Dinajpur,0.20196852754978176
2012-10-11,"Darjeeling, Jalpaiguri",Jalpaiguri,0.39516547972766075
2012-10-11,"Darjeeling, Jalpaiguri",Malda,0.15518837889849715
2012-10-11,"Darjeeling, Jalpaiguri",Uttar Dinajpur,0.24767760498196748
2012-10-11,Hooghly,Burdwan,0.1420482627385907
2012-10-11,Hooghly,Howrah,0.16534474329819351
2012-10-11,Hooghly,Nadia,0.16595191995394645
2012-10-11,Hooghly,North 24 Parganas,0.2499848555194847
2012-10-11,Hooghly,Purba Medinipur,0.11099184313981757
2012-10-11,Hooghly,South 24 Parganas,0.16567837180618383
2012-10-11,Howrah,Hooghly,0.19169888645516472
2012-10-11,Howrah,North 24 Parganas,0.29256920481162946
2012-10-11,Howrah,Paschim Medinipur,0.1377463617051151
2012-10-11,Howrah,Purba Medinipur,0.15462089371282314
2012-10-11,Howrah,South 24 Parganas,0.223364649206644
2012-10-11,Jalpaiguri,Dakshin Dinajpur,0.22541539986496925
2012-10-11,Jalpaiguri,"Darjeeling, Jalpaiguri",0.3460448335466378
2012-10-11,Jalpaiguri,Malda,0.17083192823543977
2012-10-11,Jalpaiguri,Uttar Dinajpur,0.2577078306099677
2012-10-11,Malda,Birbhum,0.16097692542849146
2012-10-11,Malda,Dakshin Dinajpur,0.23645802223919568
2012-10-11,Malda,"Darjeeling, Jalpaiguri",0.09877684410612331
2012-10-11,Malda,Jalpaiguri,0.12416855366346408
2012-10-11,Malda,Murshidabad,0.19215358897656537
2012-10-11,Malda,Uttar Dinajpur,0.18746605995819987
2012-10-11,Murshidabad,Bardhaman,0.19174037579561076
2012-10-11,Murshidabad,Birbhum,0.2176304547903238
2012-10-11,Murshidabad,Dakshin Dinajpur,0.1522094447239683
2012-10-11,Murshidabad,Malda,0.19383711083185415
2012-10-11,Murshidabad,Nadia,0.24458260818097421
2012-10-11,Nadia,Bardhaman,0.18319299833886196
2012-10-11,Nadia,Burdwan,0.18124291310595256
2012-10-11,Nadia,Hooghly,0.18946149838094195
2012-10-11,Nadia,Murshidabad,0.17429782145652867
2012-10-11,Nadia,North 24 Parganas,0.27180476392562014
2012-10-11,North 24 Parganas,Hooghly,0.24831328433437652
2012-10-11,North 24 Parganas,Howrah,0.25066036535911496
2012-10-11,North 24 Parganas,Nadia,0.23648556295220793
2012-10-11,North 24 Parganas,South 24 Parganas,0.264540781297179
2012-10-11,Paschim Medinipur,Bankura,0.20969249790001387
2012-10-11,Paschim Medinipur,Howrah,0.20028493191892954
2012-10-11,Paschim Medinipur,Purba Medinipur,0.2528840934589305
2012-10-11,Paschim Medinipur,Purulia,0.14721054616367943
2012-10-11,Paschim Medinipur,South 24 Parganas,0.18992792458445665
2012-10-11,Purba Medinipur,Hooghly,0.21236195149604897
2012-10-11,Purba Medinipur,Howrah,0.255167069236481
2012-10-11,Purba Medinipur,Paschim Medinipur,0.2870184525818073
2012-10-11,Purba Medinipur,South 24 Parganas,0.2454525199053021
2012-10-11,Purulia,Bankura,0.3183122597465644
2012-10-11,Purulia,Bardhaman,0.224825709450982
2012-10-11,Purulia,Birbhum,0.2331503198058115
2012-10-11,Purulia,Paschim Medinipur,0.22371170191813852
2012-10-11,South 24 Parganas,Hooghly,0.19140080902117382
2012-10-11,South 24 Parganas,Howrah,0.22256824122146548
2012-10-11,South 24 Parganas,North 24 Parganas,0.30766941667322933
2012-10-11,South 24 Parganas,Paschim Medinipur,0.13015757105181924
2012-10-11,South 24 Parganas,Purba Medinipur,0.14820395793833782
2012-10-11,Uttar Dinajpur,Dakshin Dinajpur,0.283925638446536
2012-10-11,Uttar Dinajpur,"Darjeeling, Jalpaiguri",0.21202232826342907
2012-10-11,Uttar Dinajpur,Jalpaiguri,0.2519237454027765
2012-10-11,Uttar Dinajpur,Malda,0.2521282803180592
2012-10-28,Bankura,Bardhaman,0.21351109818178832
2012-10-28,Bankura,Birbhum,0.17901196241348144
2012-10-28,Bankura,Burdwan,0.2175542121804382
2012-10-28,Bankura,Paschim Medinipur,0.19506894452913587
2012-10-28,Bankura,Purulia,0.19485377719325253
2012-10-28,Bardhaman,Bankura,0.15201505019404296
2012-10-28,Bardhaman,Birbhum,0.15329650615574741
2012-10-28,Bardhaman,Burdwan,0.20528370926127013
2012-10-28,Bardhaman,Murshidabad,0.1336318519466696
2012-10-28,Bardhaman,Nadia,0.2577860799509635
2012-10-28,Bardhaman,Purulia,0.09798679857407606
2012-10-28,Birbhum,Bankura,0.16212325386292978
2012-10-28,Birbhum,Bardhaman,0.1949976519694785
2012-10-28,Birbhum,Burdwan,0.17672467415333593
2012-10-28,Birbhum,Malda,0.14396124501678081
2012-10-28,Birbhum,Murshidabad,0.19293597214944844
2012-10-28,Birbhum,Purulia,0.12925719786519463
2012-10-28,Burdwan,Bankura,0.16969976625276978
2012-10-28,Burdwan,Bardhaman,0.22490654873816293
2012-10-28,Burdwan,Birbhum,0.15221157482994913
2012-10-28,Burdwan,Hooghly,0.17376097861443499
2012-10-28,Burdwan,Nadia,0.2794211272730091
2012-10-28,Dakshin Dinajpur,"Darjeeling, Jalpaiguri",0.1443031326657911
2012-10-28,Dakshin Dinajpur,Jalpaiguri,0.18391716855299528
2012-10-28,Dakshin Dinajpur,Malda,0.2654300951929456
2012-10-28,Dakshin Dinajpur,Murshidabad,0.16937499061937317
2012-10-28,Dakshin Dinajpur,Uttar Dinajpur,0.23697460671442686
2012-10-28,"Darjeeling, Jalpaiguri",Dakshin Dinajpur,0.20196852756760716
2012-10-28,"Darjeeling, Jalpaiguri",Jalpaiguri,0.3951654797625375
2012-10-28,"Darjeeling, Jalpaiguri",Malda,0.15518837891219384
2012-10-28,"Darjeeling, Jalpaiguri",Uttar Dinajpur,0.24767760500382716
2012-10-28,Hooghly,Burdwan,0.1467252413000487
2012-10-28,Hooghly,Howrah,0.1707887649620033
2012-10-28,Hooghly,Nadia,0.24664468016407648
2012-10-28,Hooghly,North 24 Parganas,0.15006165122089915
2012-10-28,Hooghly,Purba Medinipur,0.1146462804476285
2012-10-28,Hooghly,South 24 Parganas,0.17113337828141809
2012-10-28,Howrah,Hooghly,0.2184709882060173
2012-10-28,Howrah,North 24 Parganas,0.19377150404387067
2012-10-28,Howrah,Paschim Medinipur,0.15698361278972994
2012-10-28,Howrah,Purba Medinipur,0.17621479222644662
2012-10-28,Howrah,South 24 Parganas,0.25455909809825183
2012-10-28,Jalpaiguri,Dakshin Dinajpur,0.22541539988239107
2012-10-28,Jalpaiguri,"Darjeeling, Jalpaiguri",0.3460448335733828
2012-10-28,Jalpaiguri,Malda,0.170831928248643
2012-10-28,Jalpaiguri,Uttar Dinajpur,0.25770783062988534
2012-10-28,Malda,Birbhum,0.16097692543753456
2012-10-28,Malda,Dakshin Dinajpur,0.236458022252479
2012-10-28,Malda,"Darjeeling, Jalpaiguri",0.09877684411167222
2012-10-28,Malda,Jalpaiguri,0.1241685536704394
2012-10-28,Malda,Murshidabad,0.19215358898735982
2012-10-28,Malda,Uttar Dinajpur,0.18746605996873097
2012-10-28,Murshidabad,Bardhaman,0.17315415350339844
2012-10-28,Murshidabad,Birbhum,0.19653459538406093
2012-10-28,Murshidabad,Dakshin Dinajpur,0.1374551262197139
2012-10-28,Murshidabad,Malda,0.1750476429618141
2012-10-28,Murshidabad,Nadia,0.31780847685524144
2012-10-28,Nadia,Bardhaman,0.20672813555487246
2012-10-28,Nadia,Burdwan,0.2045275193303007
2012-10-28,Nadia,Hooghly,0.21380196118235514
2012-10-28,Nadia,Murshidabad,0.19669017914283707
2012-10-28,Nadia,North 24 Parganas,0.17825219943586906
2012-10-28,North 24 Parganas,Hooghly,0.2249651336060921
2012-10-28,North 24 Parganas,Howrah,0.22709152566654905
2012-10-28,North 24 Parganas,Nadia,0.3082765274219512
2012-10-28,North 24 Parganas,South 24 Parganas,0.2396668078725942
2012-10-28,Paschim Medinipur,Bankura,0.20969249791251784
2012-10-28,Paschim Medinipur,Howrah,0.20028493193087257
2012-10-28,Paschim Medinipur,Purba Medinipur,0.25288409347401003
2012-10-28,Paschim Medinipur,Purulia,0.14721054617245763
2012-10-28,Paschim Medinipur,South 24 Parganas,0.1899279245957821
2012-10-28,Purba Medinipur,Hooghly,0.2123619515104214
2012-10-28,Purba Medinipur,Howrah,0.25516706925375043
2012-10-28,Purba Medinipur,Paschim Medinipur,0.28701845260123243
2012-10-28,Purba Medinipur,South 24 Parganas,0.24545251992191405
2012-10-28,Purulia,Bankura,0.31831225977540933
2012-10-28,Purulia,Bardhaman,0.22482570947135533
2012-10-28,Purulia,Birbhum,0.23315031982693918
2012-10-28,Purulia,Paschim Medinipur,0.22371170193841092
2012-10-28,South 24 Parganas,Hooghly,0.21971499707324385
2012-10-28,South 24 Parganas,Howrah,0.255493070894813
2012-10-28,South 24 Parganas,North 24 Parganas,0.2052519900082962
2012-10-28,South 24 Parganas,Paschim Medinipur,0.1494119616785286
2012-10-28,South 24 Parganas,Purba Medinipur,0.17012797569242663
2012-10-28,Uttar Dinajpur,Dakshin Dinajpur,0.2839256384679874
2012-10-28,Uttar Dinajpur,"Darjeeling, Jalpaiguri",0.21202232827944803
2012-10-28,Uttar Dinajpur,Jalpaiguri,0.2519237454218101
2012-10-28,Uttar Dinajpur,Malda,0.2521282803371082
2013-06-27,Bankura,Bardhaman,0.2135110981817883
2013-06-27,Bankura,Birbhum,0.17901196241348144
2013-06-27,Bankura,Burdwan,0.21755421218043822
2013-06-27,Bankura,Paschim Medinipur,0.19506894452913587
2013-06-27,Bankura,Purulia,0.19485377719325256
2013-06-27,Bardhaman,Bankura,0.17013964033613224
2013-06-27,Bardhaman,Birbhum,0.17157388290719797
2013-06-27,Bardhaman,Burdwan,0.22975946405304234
2013-06-27,Bardhaman,Murshidabad,0.14956463322964192
2013-06-27,Bardhaman,Nadia,0.16929271642234767
2013-06-27,Bardhaman,Purulia,0.10966965866736032
2013-06-27,Birbhum,Bankura,0.16212325386292978
2013-06-27,Birbhum,Bardhaman,0.19499765196947846
2013-06-27,Birbhum,Burdwan,0.17672467415333593
2013-06-27,Birbhum,Malda,0.1439612450167808
2013-06-27,Birbhum,Murshidabad,0.1929359721494484
2013-06-27,Birbhum,Purulia,0.1292571978651946
2013-06-27,Burdwan,Bankura,0.1918526497685665
2013-06-27,Burdwan,Bardhaman,0.2542662154374979
2013-06-27,Burdwan,Birbhum,0.1720815213915803
2013-06-27,Burdwan,Hooghly,0.19644401939778428
2013-06-27,Burdwan,Nadia,0.18535558915265493
2013-06-27,Dakshin Dinajpur,"Darjeeling, Jalpaiguri",0.14430313266579106
2013-06-27,Dakshin Dinajpur,Jalpaiguri,0.18391716855299525
2013-06-27,Dakshin Dinajpur,Malda,0.2654300951929456
2013-06-27,Dakshin Dinajpur,Murshidabad,0.16937499061937314
2013-06-27,Dakshin Dinajpur,Uttar Dinajpur,0.23697460671442686
2013-06-27,"Darjeeling, Jalpaiguri",Dakshin Dinajpur,0.20196852756760716
2013-06-27,"Darjeeling, Jalpaiguri",Jalpaiguri,0.39516547976253746
2013-06-27,"Darjeeling, Jalpaiguri",Malda,0.15518837891219384
2013-06-27,"Darjeeling, Jalpaiguri",Uttar Dinajpur,0.24767760500382713
2013-06-27,Hooghly,Burdwan,0.1461754345617892
2013-06-27,Hooghly,Howrah,0.17014878772998018
2013-06-27,Hooghly,Nadia,0.14417873205503096
2013-06-27,Hooghly,North 24 Parganas,0.25478825278816936
2013-06-27,Hooghly,Purba Medinipur,0.11421667953542014
2013-06-27,Hooghly,South 24 Parganas,0.17049210971926373
2013-06-27,Howrah,Hooghly,0.19223668527984203
2013-06-27,Howrah,North 24 Parganas,0.2905845535215551
2013-06-27,Howrah,Paschim Medinipur,0.1381328002118714
2013-06-27,Howrah,Purba Medinipur,0.15505467262748968
2013-06-27,Howrah,South 24 Parganas,0.22399128428021753
2013-06-27,Jalpaiguri,Dakshin Dinajpur,0.22541539988239104
2013-06-27,Jalpaiguri,"Darjeeling, Jalpaiguri",0.3460448335733827
2013-06-27,Jalpaiguri,Malda,0.17083192824864296
2013-06-27,Jalpaiguri,Uttar Dinajpur,0.2577078306298853
2013-06-27,Malda,Birbhum,0.1609769254375345
2013-06-27,Malda,Dakshin Dinajpur,0.23645802225247897
2013-06-27,Malda,"Darjeeling, Jalpaiguri",0.0987768441116722
2013-06-27,Malda,Jalpaiguri,0.12416855367043939
2013-06-27,Malda,Murshidabad,0.1921535889873598
2013-06-27,Malda,Uttar Dinajpur,0.18746605996873095
2013-06-27,Murshidabad,Bardhaman,0.19933281923480856
2013-06-27,Murshidabad,Birbhum,0.22624808116028453
2013-06-27,Murshidabad,Dakshin Dinajpur,0.15823656131421798
2013-06-27,Murshidabad,Malda,0.20151257977939158
2013-06-27,Murshidabad,Nadia,0.21466995266813518
2013-06-27,Nadia,Bardhaman,0.1836703639399734
2013-06-27,Nadia,Burdwan,0.1817151971612742
2013-06-27,Nadia,Hooghly,0.18995519848346878
2013-06-27,Nadia,Murshidabad,0.17475200794327478
2013-06-27,Nadia,North 24 Parganas,0.2699072277153845
2013-06-27,North 24 Parganas,Hooghly,0.2578079147294574
2013-06-27,North 24 Parganas,Howrah,0.26024473991305924
2013-06-27,North 24 Parganas,Nadia,0.2072914447844172
2013-06-27,North 24 Parganas,South 24 Parganas,0.2746558943471131
2013-06-27,Paschim Medinipur,Bankura,0.20969249791251784
2013-06-27,Paschim Medinipur,Howrah,0.20028493193087257
2013-06-27,Paschim Medinipur,Purba Medinipur,0.25288409347401003
2013-06-27,Paschim Medinipur,Purulia,0.14721054617245763
2013-06-27,Paschim Medinipur,South 24 Parganas,0.1899279245957821
2013-06-27,Purba Medinipur,Hooghly,0.21236195151042145
2013-06-27,Purba Medinipur,Howrah,0.2551670692537505
2013-06-27,Purba Medinipur,Paschim Medinipur,0.28701845260123243
2013-06-27,Purba Medinipur,South 24 Parganas,0.24545251992191408
2013-06-27,Purulia,Bankura,0.31831225977540933
2013-06-27,Purulia,Bardhaman,0.2248257094713553
2013-06-27,Purulia,Birbhum,0.23315031982693915
2013-06-27,Purulia,Paschim Medinipur,0.2237117019384109
2013-06-27,South 24 Parganas,Hooghly,0.19196556733463524
2013-06-27,South 24 Parganas,Howrah,0.2232249639656646
2013-06-27,South 24 Parganas,North 24 Parganas,0.3056265859937126
2013-06-27,South 24 Parganas,Paschim Medinipur,0.13054162151998278
2013-06-27,South 24 Parganas,Purba Medinipur,0.14864125712093584
2013-06-27,Uttar Dinajpur,Dakshin Dinajpur,0.28392563846798746
2013-06-27,Uttar Dinajpur,"Darjeeling, Jalpaiguri",0.212022328279448
2013-06-27,Uttar Dinajpur,Jalpaiguri,0.2519237454218101
2013-06-27,Uttar Dinajpur,Malda,0.2521282803371082
2013-07-05,Bankura,Bardhaman,0.21351109818178834
2013-07-05,Bankura,Birbhum,0.17901196241348147
2013-07-05,Bankura,Burdwan,0.21755421218043822
2013-07-05,Bankura,Paschim Medinipur,0.1950689445291359
2013-07-05,Bankura,Purulia,0.19485377719325256
2013-07-05,Bardhaman,Bankura,0.15201505165866597
2013-07-05,Bardhaman,Birbhum,0.1532965076327169
2013-07-05,Bardhaman,Burdwan,0.20528371123912192
2013-07-05,Bardhaman,Murshidabad,0.1336318532341756
2013-07-05,Bardhaman,Nadia,0.25778607279993737
2013-07-05,Bardhaman,Purulia,0.09798679951815178
2013-07-05,Birbhum,Bankura,0.16212325386292983
2013-07-05,Birbhum,Bardhaman,0.19499765196947855
2013-07-05,Birbhum,Burdwan,0.17672467415333598
2013-07-05,Birbhum,Malda,0.14396124501678087
2013-07-05,Birbhum,Murshidabad,0.1929359721494485
2013-07-05,Birbhum,Purulia,0.12925719786519466
2013-07-05,Burdwan,Bankura,0.16969976802500067
2013-07-05,Burdwan,Bardhaman,0.22490655108693652
2013-07-05,Burdwan,Birbhum,0.15221157641954502
2013-07-05,Burdwan,Hooghly,0.17376098042907845
2013-07-05,Burdwan,Nadia,0.2794211197477654
2013-07-05,Dakshin Dinajpur,"Darjeeling, Jalpaiguri",0.1443031326657911
2013-07-05,Dakshin Dinajpur,Jalpaiguri,0.18391716855299528
2013-07-05,Dakshin Dinajpur,Malda,0.2654300951929456
2013-07-05,Dakshin Dinajpur,Murshidabad,0.16937499061937317
2013-07-05,Dakshin Dinajpur,Uttar Dinajpur,0.23697460671442688
2013-07-05,"Darjeeling, Jalpaiguri",Dakshin Dinajpur,0.20196852756760722
2013-07-05,"Darjeeling, Jalpaiguri",Jalpaiguri,0.3951654797625376
2013-07-05,"Darjeeling, Jalpaiguri",Malda,0.15518837891219386
2013-07-05,"Darjeeling, Jalpaiguri",Uttar Dinajpur,0.24767760500382718
2013-07-05,Hooghly,Burdwan,0.14672524265260822
2013-07-05,Hooghly,Howrah,0.17078876653638794
2013-07-05,Hooghly,Nadia,0.24664467321940958
2013-07-05,Hooghly,North 24 Parganas,0.15006165260421475
2013-07-05,Hooghly,Purba Medinipur,0.11464628150447405
2013-07-05,Hooghly,South 24 Parganas,0.1711333798589795
2013-07-05,Howrah,Hooghly,0.21847098820601732
2013-07-05,Howrah,North 24 Parganas,0.1937715040438707
2013-07-05,Howrah,Paschim Medinipur,0.15698361278972997
2013-07-05,Howrah,Purba Medinipur,0.17621479222644665
2013-07-05,Howrah,South 24 Parganas,0.25455909809825183
2013-07-05,Jalpaiguri,Dakshin Dinajpur,0.22541539988239112
2013-07-05,Jalpaiguri,"Darjeeling, Jalpaiguri",0.34604483357338284
2013-07-05,Jalpaiguri,Malda,0.17083192824864302
2013-07-05,Jalpaiguri,Uttar Dinajpur,0.2577078306298854
2013-07-05,Malda,Birbhum,0.16097692543753458
2013-07-05,Malda,Dakshin Dinajpur,0.23645802225247903
2013-07-05,Malda,"Darjeeling, Jalpaiguri",0.09877684411167223
2013-07-05,Malda,Jalpaiguri,0.1241685536704394
2013-07-05,Malda,Murshidabad,0.19215358898735985
2013-07-05,Malda,Uttar Dinajpur,0.187466059968731
2013-07-05,Murshidabad,Bardhaman,0.1731541555601328
2013-07-05,Murshidabad,Birbhum,0.19653459771850942
2013-07-05,Murshidabad,Dakshin Dinajpur,0.13745512785241326
2013-07-05,Murshidabad,Malda,0.1750476450410394
2013-07-05,Murshidabad,Nadia,0.31780846875213387
2013-07-05,Nadia,Bardhaman,0.2067281355548725
2013-07-05,Nadia,Burdwan,0.2045275193303007
2013-07-05,Nadia,Hooghly,0.21380196118235517
2013-07-05,Nadia,Murshidabad,0.1966901791428371
2013-07-05,Nadia,North 24 Parganas,0.1782521994358691
2013-07-05,North 24 Parganas,Hooghly,0.22496513619809494
2013-07-05,North 24 Parganas,Howrah,0.22709152828305176
2013-07-05,North 24 Parganas,Nadia,0.3082765194520529
2013-07-05,North 24 Parganas,South 24 Parganas,0.23966681063398676
2013-07-05,Paschim Medinipur,Bankura,0.20969249791251787
2013-07-05,Paschim Medinipur,Howrah,0.2002849319308726
2013-07-05,Paschim Medinipur,Purba Medinipur,0.2528840934740101
2013-07-05,Paschim Medinipur,Purulia,0.14721054617245766
2013-07-05,Paschim Medinipur,South 24 Parganas,0.18992792459578212
2013-07-05,Purba Medinipur,Hooghly,0.21236195151042145
2013-07-05,Purba Medinipur,Howrah,0.2551670692537505
2013-07-05,Purba Medinipur,Paschim Medinipur,0.2870184526012325
2013-07-05,Purba Medinipur,South 24 Parganas,0.24545251992191408
2013-07-05,Purulia,Bankura,0.3183122597754094
2013-07-05,Purulia,Bardhaman,0.22482570947135536
2013-07-05,Purulia,Birbhum,0.2331503198269392
2013-07-05,Purulia,Paschim Medinipur,0.22371170193841097
2013-07-05,South 24 Parganas,Hooghly,0.21971499707324385
2013-07-05,South 24 Parganas,Howrah,0.255493070894813
2013-07-05,South 24 Parganas,North 24 Parganas,0.20525199000829616
2013-07-05,South 24 Parganas,Paschim Medinipur,0.1494119616785286
2013-07-05,South 24 Parganas,Purba Medinipur,0.1701279756924266
2013-07-05,Uttar Dinajpur,Dakshin Dinajpur,0.28392563846798746
2013-07-05,Uttar Dinajpur,"Darjeeling, Jalpaiguri",0.212022328279448
2013-07-05,Uttar Dinajpur,Jalpaiguri,0.2519237454218102
2013-07-05,Uttar Dinajpur,Malda,0.25212828033710827
2013-08-01,Bankura,Bardhaman,0.18514368403480158
2013-08-01,Bankura,Birbhum,0.15522815670833526
2013-08-01,Bankura,Burdwan,0.32151116757834736
2013-08-01,Bankura,Paschim Medinipur,0.16915178338952083
2013-08-01,Bankura,Purulia,0.1689652035180826
2013-08-01,Bardhaman,Bankura,0.14644306568381876
2013-08-01,Bardhaman,Birbhum,0.1476775509491347
2013-08-01,Bardhaman,Burdwan,0.33703641799655465
2013-08-01,Bardhaman,Murshidabad,0.1287336881913772
2013-08-01,Bardhaman,Nadia,0.1457140989710026
2013-08-01,Bardhaman,Purulia,0.09439517443446435
2013-08-01,Birbhum,Bankura,0.14417836997818612
2013-08-01,Birbhum,Bardhaman,0.17341401027087044
2013-08-01,Birbhum,Burdwan,0.26785028245122683
2013-08-01,Birbhum,Malda,0.1280266534996785
2013-08-01,Birbhum,Murshidabad,0.1715805309347095
2013-08-01,Birbhum,Purulia,0.1149501484340296
2013-08-01,Burdwan,Bankura,0.19185264976856645
2013-08-01,Burdwan,Bardhaman,0.2542662154374979
2013-08-01,Burdwan,Birbhum,0.17208152139158028
2013-08-01,Burdwan,Hooghly,0.19644401939778425
2013-08-01,Burdwan,Nadia,0.18535558915265493
2013-08-01,Dakshin Dinajpur,"Darjeeling, Jalpaiguri",0.14430313266579106
2013-08-01,Dakshin Dinajpur,Jalpaiguri,0.18391716855299525
2013-08-01,Dakshin Dinajpur,Malda,0.2654300951929455
2013-08-01,Dakshin Dinajpur,Murshidabad,0.16937499061937314
2013-08-01,Dakshin Dinajpur,Uttar Dinajpur,0.23697460671442686
2013-08-01,"Darjeeling, Jalpaiguri",Dakshin Dinajpur,0.20196852756760714
2013-08-01,"Darjeeling, Jalpaiguri",Jalpaiguri,0.39516547976253746
2013-08-01,"Darjeeling, Jalpaiguri",Malda,0.15518837891219384
2013-08-01,"Darjeeling, Jalpaiguri",Uttar Dinajpur,0.24767760500382713
2013-08-01,Hooghly,Burdwan,0.2497079485245797
2013-08-01,Hooghly,Howrah,0.1705480322170693
2013-08-01,Hooghly,Nadia,0.14451703927835258
2013-08-01,Hooghly,North 24 Parganas,0.14985013406861006
2013-08-01,Hooghly,Purba Medinipur,0.11448468250062789
2013-08-01,Hooghly,South 24 Parganas,0.17089215979194264
2013-08-01,Howrah,Hooghly,0.21847098820601732
2013-08-01,Howrah,North 24 Parganas,0.1937715040438707
2013-08-01,Howrah,Paschim Medinipur,0.15698361278972997
2013-08-01,Howrah,Purba Medinipur,0.17621479222644665
2013-08-01,Howrah,South 24 Parganas,0.25455909809825183
2013-08-01,Jalpaiguri,Dakshin Dinajpur,0.22541539988239104
2013-08-01,Jalpaiguri,"Darjeeling, Jalpaiguri",0.3460448335733828
2013-08-01,Jalpaiguri,Malda,0.17083192824864296
2013-08-01,Jalpaiguri,Uttar Dinajpur,0.25770783062988534
2013-08-01,Malda,Birbhum,0.16097692543753456
2013-08-01,Malda,Dakshin Dinajpur,0.236458022252479
2013-08-01,Malda,"Darjeeling, Jalpaiguri",0.09877684411167223
2013-08-01,Malda,Jalpaiguri,0.12416855367043939
2013-08-01,Malda,Murshidabad,0.19215358898735982
2013-08-01,Malda,Uttar Dinajpur,0.187466059968731
2013-08-01,Murshidabad,Bardhaman,0.19933281923480856
2013-08-01,Murshidabad,Birbhum,0.22624808116028453
2013-08-01,Murshidabad,Dakshin Dinajpur,0.15823656131421798
2013-08-01,Murshidabad,Malda,0.2015125797793916
2013-08-01,Murshidabad,Nadia,0.21466995266813518
2013-08-01,Nadia,Bardhaman,0.1806994659032104
2013-08-01,Nadia,Burdwan,0.304683651250931
2013-08-01,Nadia,Hooghly,0.18688264222484505
2013-08-01,Nadia,Murshidabad,0.1719253657665938
2013-08-01,Nadia,North 24 Parganas,0.15580887017473471
2013-08-01,North 24 Parganas,Hooghly,0.2578079147294574
2013-08-01,North 24 Parganas,Howrah,0.2602447399130593
2013-08-01,North 24 Parganas,Nadia,0.20729144478441722
2013-08-01,North 24 Parganas,South 24 Parganas,0.2746558943471131
2013-08-01,Paschim Medinipur,Bankura,0.20969249791251782
2013-08-01,Paschim Medinipur,Howrah,0.20028493193087255
2013-08-01,Paschim Medinipur,Purba Medinipur,0.25288409347401
2013-08-01,Paschim Medinipur,Purulia,0.1472105461724576
2013-08-01,Paschim Medinipur,South 24 Parganas,0.18992792459578206
2013-08-01,Purba Medinipur,Hooghly,0.21236195151042137
2013-08-01,Purba Medinipur,Howrah,0.25516706925375043
2013-08-01,Purba Medinipur,Paschim Medinipur,0.2870184526012324
2013-08-01,Purba Medinipur,South 24 Parganas,0.24545251992191403
2013-08-01,Purulia,Bankura,0.3183122597754093
2013-08-01,Purulia,Bardhaman,0.22482570947135527
2013-08-01,Purulia,Birbhum,0.23315031982693912
2013-08-01,Purulia,Paschim Medinipur,0.22371170193841086
2013-08-01,South 24 Parganas,Hooghly,0.21971499707324382
2013-08-01,South 24 Parganas,Howrah,0.25549307089481293
2013-08-01,South 24 Parganas,North 24 Parganas,0.20525199000829614
2013-08-01,South 24 Parganas,Paschim Medinipur,0.14941196167852858
2013-08-01,South 24 Parganas,Purba Medinipur,0.17012797569242658
2013-08-01,Uttar Dinajpur,Dakshin Dinajpur,0.28392563846798746
2013-08-01,Uttar Dinajpur,"Darjeeling, Jalpaiguri",0.212022328279448
2013-08-01,Uttar Dinajpur,Jalpaiguri,0.2519237454218101
2013-08-01,Uttar Dinajpur,Malda,0.25212828033710827
2013-08-15,Bankura,Bardhaman,0.21351109818178832
2013-08-15,Bankura,Birbhum,0.17901196241348144
2013-08-15,Bankura,Burdwan,0.2175542121804382
2013-08-15,Bankura,Paschim Medinipur,0.19506894452913587
2013-08-15,Bankura,Purulia,0.19485377719325256
2013-08-15,Bardhaman,Bankura,0.17013964033613224
2013-08-15,Bardhaman,Birbhum,0.17157388290719797
2013-08-15,Bardhaman,Burdwan,0.22975946405304232
2013-08-15,Bardhaman,Murshidabad,0.14956463322964192
2013-08-15,Bardhaman,Nadia,0.16929271642234764
2013-08-15,Bardhaman,Purulia,0.10966965866736031
2013-08-15,Birbhum,Bankura,0.16212325386292978
2013-08-15,Birbhum,Bardhaman,0.1949976519694785
2013-08-15,Birbhum,Burdwan,0.17672467415333593
2013-08-15,Birbhum,Malda,0.1439612450167808
2013-08-15,Birbhum,Murshidabad,0.19293597214944844
2013-08-15,Birbhum,Purulia,0.12925719786519463
2013-08-15,Burdwan,Bankura,0.19185264976856647
2013-08-15,Burdwan,Bardhaman,0.2542662154374979
2013-08-15,Burdwan,Birbhum,0.17208152139158028
2013-08-15,Burdwan,Hooghly,0.19644401939778425
2013-08-15,Burdwan,Nadia,0.1853555891526549
2013-08-15,Dakshin Dinajpur,"Darjeeling, Jalpaiguri",0.14430313266579106
2013-08-15,Dakshin Dinajpur,Jalpaiguri,0.18391716855299525
2013-08-15,Dakshin Dinajpur,Malda,0.2654300951929456
2013-08-15,Dakshin Dinajpur,Murshidabad,0.1693749906193731
2013-08-15,Dakshin Dinajpur,Uttar Dinajpur,0.23697460671442683
2013-08-15,"Darjeeling, Jalpaiguri",Dakshin Dinajpur,0.20196852756760714
2013-08-15,"Darjeeling, Jalpaiguri",Jalpaiguri,0.39516547976253746
2013-08-15,"Darjeeling, Jalpaiguri",Malda,0.1551883789121938
2013-08-15,"Darjeeling, Jalpaiguri",Uttar Dinajpur,0.24767760500382713
2013-08-15,Hooghly,Burdwan,0.14617543494672852
2013-08-15,Hooghly,Howrah,0.17014878817805107
2013-08-15,Hooghly,Nadia,0.14417873243471216
2013-08-15,Hooghly,North 24 Parganas,0.2547882508257242
2013-08-15,Hooghly,Purba Medinipur,0.11421667983619906
2013-08-15,Hooghly,South 24 Parganas,0.17049211016823873
2013-08-15,Howrah,Hooghly,0.19223668585720277
2013-08-15,Howrah,North 24 Parganas,0.2905845513909077
2013-08-15,Howrah,Paschim Medinipur,0.13813280062673736
2013-08-15,Howrah,Purba Medinipur,0.15505467309317855
2013-08-15,Howrah,South 24 Parganas,0.2239912849529495
2013-08-15,Jalpaiguri,Dakshin Dinajpur,0.22541539988239107
2013-08-15,Jalpaiguri,"Darjeeling, Jalpaiguri",0.3460448335733828
2013-08-15,Jalpaiguri,Malda,0.17083192824864296
2013-08-15,Jalpaiguri,Uttar Dinajpur,0.25770783062988534
2013-08-15,Malda,Birbhum,0.16097692543753456
2013-08-15,Malda,Dakshin Dinajpur,0.23645802225247903
2013-08-15,Malda,"Darjeeling, Jalpaiguri",0.09877684411167222
2013-08-15,Malda,Jalpaiguri,0.1241685536704394
2013-08-15,Malda,Murshidabad,0.19215358898735982
2013-08-15,Malda,Uttar Dinajpur,0.18746605996873097
2013-08-15,Murshidabad,Bardhaman,0.19933281923480856
2013-08-15,Murshidabad,Birbhum,0.22624808116028453
2013-08-15,Murshidabad,Dakshin Dinajpur,0.15823656131421798
2013-08-15,Murshidabad,Malda,0.20151257977939158
2013-08-15,Murshidabad,Nadia,0.21466995266813518
2013-08-15,Nadia,Bardhaman,0.18367036445235327
2013-08-15,Nadia,Burdwan,0.1817151976681998
2013-08-15,Nadia,Hooghly,0.18995519901338126
2013-08-15,Nadia,Murshidabad,0.17475200843077535
2013-08-15,Nadia,North 24 Parganas,0.26990722567866604
2013-08-15,North 24 Parganas,Hooghly,0.2578079147294574
2013-08-15,North 24 Parganas,Howrah,0.2602447399130593
2013-08-15,North 24 Parganas,Nadia,0.2072914447844172
2013-08-15,North 24 Parganas,South 24 Parganas,0.27465589434711307
2013-08-15,Paschim Medinipur,Bankura,0.20969249791251782
2013-08-15,Paschim Medinipur,Howrah,0.20028493193087255
2013-08-15,Paschim Medinipur,Purba Medinipur,0.25288409347401003
2013-08-15,Paschim Medinipur,Purulia,0.14721054617245763
2013-08-15,Paschim Medinipur,South 24 Parganas,0.18992792459578206
2013-08-15,Purba Medinipur,Hooghly,0.21236195151042142
2013-08-15,Purba Medinipur,Howrah,0.2551670692537505
2013-08-15,Purba Medinipur,Paschim Medinipur,0.28701845260123243
2013-08-15,Purba Medinipur,South 24 Parganas,0.24545251992191405
2013-08-15,Purulia,Bankura,0.31831225977540933
2013-08-15,Purulia,Bardhaman,0.2248257094713553
2013-08-15,Purulia,Birbhum,0.23315031982693915
2013-08-15,Purulia,Paschim Medinipur,0.2237117019384109
2013-08-15,South 24 Parganas,Hooghly,0.19196556794102645
2013-08-15,South 24 Parganas,Howrah,0.22322496467079964
2013-08-15,South 24 Parganas,North 24 Parganas,0.3056265838002883
2013-08-15,South 24 Parganas,Paschim Medinipur,0.1305416219323447
2013-08-15,South 24 Parganas,Purba Medinipur,0.14864125759047186
2013-08-15,Uttar Dinajpur,Dakshin Dinajpur,0.2839256384679874
2013-08-15,Uttar Dinajpur,"Darjeeling, Jalpaiguri",0.212022328279448
2013-08-15,Uttar Dinajpur,Jalpaiguri,0.2519237454218101
2013-08-15,Uttar Dinajpur,Malda,0.2521282803371082
2013-08-20,Bankura,Bardhaman,0.2135110981817883
2013-08-20,Bankura,Birbhum,0.1790119624134814
2013-08-20,Bankura,Burdwan,0.2175542121804382
2013-08-20,Bankura,Paschim Medinipur,0.19506894452913584
2013-08-20,Bankura,Purulia,0.1948537771932525
2013-08-20,Bardhaman,Bankura,0.17013964033613227
2013-08-20,Bardhaman,Birbhum,0.171573882907198
2013-08-20,Bardhaman,Burdwan,0.22975946405304234
2013-08-20,Bardhaman,Murshidabad,0.14956463322964192
2013-08-20,Bardhaman,Nadia,0.16929271642234767
2013-08-20,Bardhaman,Purulia,0.10966965866736032
2013-08-20,Birbhum,Bankura,0.16212325386292975
2013-08-20,Birbhum,Bardhaman,0.19499765196947846
2013-08-20,Birbhum,Burdwan,0.17672467415333595
2013-08-20,Birbhum,Malda,0.1439612450167808
2013-08-20,Birbhum,Murshidabad,0.19293597214944844
2013-08-20,Birbhum,Purulia,0.12925719786519463
2013-08-20,Burdwan,Bankura,0.19185264976856647
2013-08-20,Burdwan,Bardhaman,0.2542662154374979
2013-08-20,Burdwan,Birbhum,0.17208152139158028
2013-08-20,Burdwan,Hooghly,0.19644401939778425
2013-08-20,Burdwan,Nadia,0.18535558915265493
2013-08-20,Dakshin Dinajpur,"Darjeeling, Jalpaiguri",0.1277551843929923
2013-08-20,Dakshin Dinajpur,Jalpaiguri,0.2775013910963883
2013-08-20,Dakshin Dinajpur,Malda,0.23499192379531122
2013-08-20,Dakshin Dinajpur,Murshidabad,0.14995192937532847
2013-08-20,Dakshin Dinajpur,Uttar Dinajpur,0.20979956580274195
2013-08-20,"Darjeeling, Jalpaiguri",Dakshin Dinajpur,0.15799702883154998
2013-08-20,"Darjeeling, Jalpaiguri",Jalpaiguri,0.5268467900262999
2013-08-20,"Darjeeling, Jalpaiguri",Malda,0.12140160188623338
2013-08-20,"Darjeeling, Jalpaiguri",Uttar Dinajpur,0.19375457240792
2013-08-20,Hooghly,Burdwan,0.16337724687849425
2013-08-20,Hooghly,Howrah,0.1901717657441745
2013-08-20,Hooghly,Nadia,0.16114557396185478
2013-08-20,Hooghly,North 24 Parganas,0.16709230955276133
2013-08-20,Hooghly,Purba Medinipur,0.127657610227335
2013-08-20,Hooghly,South 24 Parganas,0.19055548960017085
2013-08-20,Howrah,Hooghly,0.2184709882060173
2013-08-20,Howrah,North 24 Parganas,0.19377150404387067
2013-08-20,Howrah,Paschim Medinipur,0.15698361278972994
2013-08-20,Howrah,Purba Medinipur,0.17621479222644665
2013-08-20,Howrah,South 24 Parganas,0.2545590980982518
2013-08-20,Jalpaiguri,Dakshin Dinajpur,0.22541539988239104
2013-08-20,Jalpaiguri,"Darjeeling, Jalpaiguri",0.3460448335733827
2013-08-20,Jalpaiguri,Malda,0.17083192824864296
2013-08-20,Jalpaiguri,Uttar Dinajpur,0.25770783062988534
2013-08-20,Malda,Birbhum,0.1480316977966589
2013-08-20,Malda,Dakshin Dinajpur,0.21744285646241443
2013-08-20,Malda,"Darjeeling, Jalpaiguri",0.09083353963373282
2013-08-20,Malda,Jalpaiguri,0.19459999853098284
2013-08-20,Malda,Murshidabad,0.17670123800791546
2013-08-20,Malda,Uttar Dinajpur,0.17239066444457582
2013-08-20,Murshidabad,Bardhaman,0.19933281923480853
2013-08-20,Murshidabad,Birbhum,0.2262480811602845
2013-08-20,Murshidabad,Dakshin Dinajpur,0.15823656131421798
2013-08-20,Murshidabad,Malda,0.20151257977939158
2013-08-20,Murshidabad,Nadia,0.21466995266813516
2013-08-20,Nadia,Bardhaman,0.20672813555487243
2013-08-20,Nadia,Burdwan,0.20452751933030067
2013-08-20,Nadia,Hooghly,0.21380196118235512
2013-08-20,Nadia,Murshidabad,0.19669017914283707
2013-08-20,Nadia,North 24 Parganas,0.17825219943586904
2013-08-20,North 24 Parganas,Hooghly,0.2578079147294574
2013-08-20,North 24 Parganas,Howrah,0.2602447399130593
2013-08-20,North 24 Parganas,Nadia,0.2072914447844172
2013-08-20,North 24 Parganas,South 24 Parganas,0.27465589434711307
2013-08-20,Paschim Medinipur,Bankura,0.20969249791251782
2013-08-20,Paschim Medinipur,Howrah,0.20028493193087257
2013-08-20,Paschim Medinipur,Purba Medinipur,0.25288409347401003
2013-08-20,Paschim Medinipur,Purulia,0.14721054617245763
2013-08-20,Paschim Medinipur,South 24 Parganas,0.18992792459578206
2013-08-20,Purba Medinipur,Hooghly,0.21236195151042137
2013-08-20,Purba Medinipur,Howrah,0.25516706925375043
2013-08-20,Purba Medinipur,Paschim Medinipur,0.28701845260123243
2013-08-20,Purba Medinipur,South 24 Parganas,0.24545251992191403
2013-08-20,Purulia,Bankura,0.31831225977540933
2013-08-20,Purulia,Bardhaman,0.22482570947135533
2013-08-20,Purulia,Birbhum,0.23315031982693918
2013-08-20,Purulia,Paschim Medinipur,0.22371170193841092
2013-08-20,South 24 Parganas,Hooghly,0.21971499707324382
2013-08-20,South 24 Parganas,Howrah,0.25549307089481293
2013-08-20,South 24 Parganas,North 24 Parganas,0.20525199000829616
2013-08-20,South 24 Parganas,Paschim Medinipur,0.14941196167852858
2013-08-20,South 24 Parganas,Purba Medinipur,0.1701279756924266
2013-08-20,Uttar Dinajpur,Dakshin Dinajpur,0.2411413643999411
2013-08-20,Uttar Dinajpur,"Darjeeling, Jalpaiguri",0.18007304236571403
2013-08-20,Uttar Dinajpur,Jalpaiguri,0.364650090504167
2013-08-20,Uttar Dinajpur,Malda,0.21413549636573645
2013-08-28,Bankura,Bardhaman,0.18428109159177525
2013-08-28,Bankura,Birbhum,0.15450494200285086
2013-08-28,Bankura,Burdwan,0.32467227636122237
2013-08-28,Bankura,Paschim Medinipur,0.16836369790425632
2013-08-28,Bankura,Purulia,0.1681779873165204
2013-08-28,Bardhaman,Bankura,0.13974378307237026
2013-08-28,Bardhaman,Birbhum,0.14092179474753425
2013-08-28,Bardhaman,Burdwan,0.3263005328767766
2013-08-28,Bardhaman,Murshidabad,0.12284455062941053
2013-08-28,Bardhaman,Nadia,0.18011242548385567
2013-08-28,Bardhaman,Purulia,0.09007690953239783
2013-08-28,Birbhum,Bankura,0.14361831489084945
2013-08-28,Birbhum,Bardhaman,0.17274039051305
2013-08-28,Birbhum,Burdwan,0.27069428855323335
2013-08-28,Birbhum,Malda,0.12752933910627792
2013-08-28,Birbhum,Murshidabad,0.17091403325372972
2013-08-28,Birbhum,Purulia,0.11450362919934605
2013-08-28,Burdwan,Bankura,0.18189568785342772
2013-08-28,Burdwan,Bardhaman,0.24107005147274854
2013-08-28,Burdwan,Birbhum,0.16315066139636
2013-08-28,Burdwan,Hooghly,0.18624876996046846
2013-08-28,Burdwan,Nadia,0.2276348246445352
2013-08-28,Dakshin Dinajpur,"Darjeeling, Jalpaiguri",0.1443031326515953
2013-08-28,Dakshin Dinajpur,Jalpaiguri,0.1839171685349025
2013-08-28,Dakshin Dinajpur,Malda,0.26543009516683397
2013-08-28,Dakshin Dinajpur,Murshidabad,0.16937499060271094
2013-08-28,Dakshin Dinajpur,Uttar Dinajpur,0.23697460669111456
2013-08-28,"Darjeeling, Jalpaiguri",Dakshin Dinajpur,0.20196852753979888
2013-08-28,"Darjeeling, Jalpaiguri",Jalpaiguri,0.39516547970812865
2013-08-28,"Darjeeling, Jalpaiguri",Malda,0.15518837889082654
2013-08-28,"Darjeeling, Jalpaiguri",Uttar Dinajpur,0.24767760496972532
2013-08-28,Hooghly,Burdwan,0.2421292493946869
2013-08-28,Hooghly,Howrah,0.16299877234451807
2013-08-28,Hooghly,Nadia,0.17891019602846106
2013-08-28,Hooghly,North 24 Parganas,0.14321706073838986
2013-08-28,Hooghly,Purba Medinipur,0.1094170507702088
2013-08-28,Hooghly,South 24 Parganas,0.16332766721070366
2013-08-28,Howrah,Hooghly,0.2184709881900879
2013-08-28,Howrah,North 24 Parganas,0.1937715040297422
2013-08-28,Howrah,Paschim Medinipur,0.15698361277828377
2013-08-28,Howrah,Purba Medinipur,0.17621479221359826
2013-08-28,Howrah,South 24 Parganas,0.25455909807969107
2013-08-28,Jalpaiguri,Dakshin Dinajpur,0.22541539985521244
2013-08-28,Jalpaiguri,"Darjeeling, Jalpaiguri",0.3460448335316597
2013-08-28,Jalpaiguri,Malda,0.17083192822804552
2013-08-28,Jalpaiguri,Uttar Dinajpur,0.25770783059881314
2013-08-28,Malda,Birbhum,0.160976925423427
2013-08-28,Malda,Dakshin Dinajpur,0.2364580222317566
2013-08-28,Malda,"Darjeeling, Jalpaiguri",0.09877684410301572
2013-08-28,Malda,Jalpaiguri,0.12416855365955765
2013-08-28,Malda,Murshidabad,0.1921535889705201
2013-08-28,Malda,Uttar Dinajpur,0.18746605995230206
2013-08-28,Murshidabad,Bardhaman,0.18744907442527295
2013-08-28,Murshidabad,Birbhum,0.21275971296042104
2013-08-28,Murshidabad,Dakshin Dinajpur,0.14880287687923546
2013-08-28,Murshidabad,Malda,0.1894988828718665
2013-08-28,Murshidabad,Nadia,0.2614894472819711
2013-08-28,Nadia,Bardhaman,0.17990144802512675
2013-08-28,Nadia,Burdwan,0.3077543568626515
2013-08-28,Nadia,Hooghly,0.18605731776218826
2013-08-28,Nadia,Murshidabad,0.17116609669575272
2013-08-28,Nadia,North 24 Parganas,0.15512077592198217
2013-08-28,North 24 Parganas,Hooghly,0.24293583463255553
2013-08-28,North 24 Parganas,Howrah,0.2452320874859762
2013-08-28,North 24 Parganas,Nadia,0.2530201615123243
2013-08-28,North 24 Parganas,South 24 Parganas,0.25881191041006846
2013-08-28,Paschim Medinipur,Bankura,0.20969249789301117
2013-08-28,Paschim Medinipur,Howrah,0.20028493191224103
2013-08-28,Paschim Medinipur,Purba Medinipur,0.25288409345048546
2013-08-28,Paschim Medinipur,Purulia,0.14721054615876333
2013-08-28,Paschim Medinipur,South 24 Parganas,0.189927924578114
2013-08-28,Purba Medinipur,Hooghly,0.21236195148799986
2013-08-28,Purba Medinipur,Howrah,0.2551670692268095
2013-08-28,Purba Medinipur,Paschim Medinipur,0.28701845257092856
2013-08-28,Purba Medinipur,South 24 Parganas,0.24545251989599878
2013-08-28,Purulia,Bankura,0.3183122597304102
2013-08-28,Purulia,Bardhaman,0.2248257094395722
2013-08-28,Purulia,Birbhum,0.23315031979397924
2013-08-28,Purulia,Paschim Medinipur,0.22371170190678527
2013-08-28,South 24 Parganas,Hooghly,0.2197149970571649
2013-08-28,South 24 Parganas,Howrah,0.2554930708761157
2013-08-28,South 24 Parganas,North 24 Parganas,0.20525198999327562
2013-08-28,South 24 Parganas,Paschim Medinipur,0.1494119616675945
2013-08-28,South 24 Parganas,Purba Medinipur,0.1701279756799765
2013-08-28,Uttar Dinajpur,Dakshin Dinajpur,0.28392563843452245
2013-08-28,Uttar Dinajpur,"Darjeeling, Jalpaiguri",0.2120223282544579
2013-08-28,Uttar Dinajpur,Jalpaiguri,0.25192374539211704
2013-08-28,Uttar Dinajpur,Malda,0.25212828030739104
2013-08-29,Bankura,Bardhaman,0.2135110981817883
2013-08-29,Bankura,Birbhum,0.17901196241348144
2013-08-29,Bankura,Burdwan,0.21755421218043822
2013-08-29,Bankura,Paschim Medinipur,0.1950689445291359
2013-08-29,Bankura,Purulia,0.19485377719325253
2013-08-29,Bardhaman,Bankura,0.15201505011433555
2013-08-29,Bardhaman,Birbhum,0.1532965060753681
2013-08-29,Bardhaman,Burdwan,0.20528370915363187
2013-08-29,Bardhaman,Murshidabad,0.13363185187660123
2013-08-29,Bardhaman,Nadia,0.25778608034013495
2013-08-29,Bardhaman,Purulia,0.09798679852269776
2013-08-29,Birbhum,Bankura,0.16212325386292978
2013-08-29,Birbhum,Bardhaman,0.19499765196947852
2013-08-29,Birbhum,Burdwan,0.17672467415333595
2013-08-29,Birbhum,Malda,0.14396124501678081
2013-08-29,Birbhum,Murshidabad,0.19293597214944844
2013-08-29,Birbhum,Purulia,0.12925719786519463
2013-08-29,Burdwan,Bankura,0.16969976615632187
2013-08-29,Burdwan,Bardhaman,0.2249065486103385
2013-08-29,Burdwan,Birbhum,0.15221157474344052
2013-08-29,Burdwan,Hooghly,0.17376097851567887
2013-08-29,Burdwan,Nadia,0.27942112768254623
2013-08-29,Dakshin Dinajpur,"Darjeeling, Jalpaiguri",0.14430313266579106
2013-08-29,Dakshin Dinajpur,Jalpaiguri,0.18391716855299525
2013-08-29,Dakshin Dinajpur,Malda,0.2654300951929455
2013-08-29,Dakshin Dinajpur,Murshidabad,0.16937499061937314
2013-08-29,Dakshin Dinajpur,Uttar Dinajpur,0.23697460671442683
2013-08-29,"Darjeeling, Jalpaiguri",Dakshin Dinajpur,0.20196852756760716
2013-08-29,"Darjeeling, Jalpaiguri",Jalpaiguri,0.39516547976253746
2013-08-29,"Darjeeling, Jalpaiguri",Malda,0.15518837891219384
2013-08-29,"Darjeeling, Jalpaiguri",Uttar Dinajpur,0.24767760500382716
2013-08-29,Hooghly,Burdwan,0.14672524122644
2013-08-29,Hooghly,Howrah,0.17078876487632247
2013-08-29,Hooghly,Nadia,0.24664468054201752
2013-08-29,Hooghly,North 24 Parganas,0.15006165114561665
2013-08-29,Hooghly,Purba Medinipur,0.1146462803901131
2013-08-29,Hooghly,South 24 Parganas,0.1711333781955644
2013-08-29,Howrah,Hooghly,0.21847098820601732
2013-08-29,Howrah,North 24 Parganas,0.1937715040438707
2013-08-29,Howrah,Paschim Medinipur,0.15698361278972997
2013-08-29,Howrah,Purba Medinipur,0.17621479222644668
2013-08-29,Howrah,South 24 Parganas,0.2545590980982519
2013-08-29,Jalpaiguri,Dakshin Dinajpur,0.22541539988239112
2013-08-29,Jalpaiguri,"Darjeeling, Jalpaiguri",0.34604483357338284
2013-08-29,Jalpaiguri,Malda,0.170831928248643
2013-08-29,Jalpaiguri,Uttar Dinajpur,0.2577078306298854
2013-08-29,Malda,Birbhum,0.16097692543753456
2013-08-29,Malda,Dakshin Dinajpur,0.23645802225247903
2013-08-29,Malda,"Darjeeling, Jalpaiguri",0.09877684411167222
2013-08-29,Malda,Jalpaiguri,0.1241685536704394
2013-08-29,Malda,Murshidabad,0.19215358898735985
2013-08-29,Malda,Uttar Dinajpur,0.187466059968731
2013-08-29,Murshidabad,Bardhaman,0.17315415339146734
2013-08-29,Murshidabad,Birbhum,0.1965345952570161
2013-08-29,Murshidabad,Dakshin Dinajpur,0.1374551261308595
2013-08-29,Murshidabad,Malda,0.17504764284865898
2013-08-29,Murshidabad,Nadia,0.31780847729622685
2013-08-29,Nadia,Bardhaman,0.20672813555487246
2013-08-29,Nadia,Burdwan,0.20452751933030067
2013-08-29,Nadia,Hooghly,0.21380196118235514
2013-08-29,Nadia,Murshidabad,0.19669017914283707
2013-08-29,Nadia,North 24 Parganas,0.17825219943586904
2013-08-29,North 24 Parganas,Hooghly,0.22496513346503072
2013-08-29,North 24 Parganas,Howrah,0.22709152552415432
2013-08-29,North 24 Parganas,Nadia,0.30827652785568715
2013-08-29,North 24 Parganas,South 24 Parganas,0.23966680772231427
2013-08-29,Paschim Medinipur,Bankura,0.20969249791251784
2013-08-29,Paschim Medinipur,Howrah,0.20028493193087257
2013-08-29,Paschim Medinipur,Purba Medinipur,0.25288409347401003
2013-08-29,Paschim Medinipur,Purulia,0.14721054617245763
2013-08-29,Paschim Medinipur,South 24 Parganas,0.1899279245957821
2013-08-29,Purba Medinipur,Hooghly,0.21236195151042142
2013-08-29,Purba Medinipur,Howrah,0.2551670692537505
2013-08-29,Purba Medinipur,Paschim Medinipur,0.28701845260123243
2013-08-29,Purba Medinipur,South 24 Parganas,0.24545251992191405
2013-08-29,Purulia,Bankura,0.31831225977540933
2013-08-29,Purulia,Bardhaman,0.2248257094713553
2013-08-29,Purulia,Birbhum,0.23315031982693915
2013-08-29,Purulia,Paschim Medinipur,0.22371170193841092
2013-08-29,South 24 Parganas,Hooghly,0.21971499707324388
2013-08-29,South 24 Parganas,Howrah,0.255493070894813
2013-08-29,South 24 Parganas,North 24 Parganas,0.20525199000829616
2013-08-29,South 24 Parganas,Paschim Medinipur,0.1494119616785286
2013-08-29,South 24 Parganas,Purba Medinipur,0.1701279756924266
2013-08-29,Uttar Dinajpur,Dakshin Dinajpur,0.2839256384679874
2013-08-29,Uttar Dinajpur,"Darjeeling, Jalpaiguri",0.212022328279448
2013-08-29,Uttar Dinajpur,Jalpaiguri,0.2519237454218101
2013-08-29,Uttar Dinajpur,Malda,0.2521282803371082
2013-08-30,Bankura,Bardhaman,0.21351109818178832
2013-08-30,Bankura,Birbhum,0.17901196241348147
2013-08-30,Bankura,Burdwan,0.21755421218043822
2013-08-30,Bankura,Paschim Medinipur,0.19506894452913587
2013-08-30,Bankura,Purulia,0.19485377719325253
2013-08-30,Bardhaman,Bankura,0.15201505032816595
2013-08-30,Bardhaman,Birbhum,0.15329650629100103
2013-08-30,Bardhaman,Burdwan,0.2052837094423921
2013-08-30,Bardhaman,Murshidabad,0.1336318520645731
2013-08-30,Bardhaman,Nadia,0.2577860792961076
2013-08-30,Bardhaman,Purulia,0.09798679866052987
2013-08-30,Birbhum,Bankura,0.16212325386292978
2013-08-30,Birbhum,Bardhaman,0.19499765196947846
2013-08-30,Birbhum,Burdwan,0.17672467415333593
2013-08-30,Birbhum,Malda,0.14396124501678081
2013-08-30,Birbhum,Murshidabad,0.1929359721494484
2013-08-30,Birbhum,Purulia,0.12925719786519463
2013-08-30,Burdwan,Bankura,0.16969976641506204
2013-08-30,Burdwan,Bardhaman,0.22490654895325213
2013-08-30,Burdwan,Birbhum,0.15221157497551654
2013-08-30,Burdwan,Hooghly,0.17376097878061114
2013-08-30,Burdwan,Nadia,0.27942112658388424
2013-08-30,Dakshin Dinajpur,"Darjeeling, Jalpaiguri",0.1443031326657911
2013-08-30,Dakshin Dinajpur,Jalpaiguri,0.18391716855299528
2013-08-30,Dakshin Dinajpur,Malda,0.2654300951929456
2013-08-30,Dakshin Dinajpur,Murshidabad,0.16937499061937317
2013-08-30,Dakshin Dinajpur,Uttar Dinajpur,0.23697460671442688
2013-08-30,"Darjeeling, Jalpaiguri",Dakshin Dinajpur,0.2019685275676072
2013-08-30,"Darjeeling, Jalpaiguri",Jalpaiguri,0.3951654797625376
2013-08-30,"Darjeeling, Jalpaiguri",Malda,0.15518837891219386
2013-08-30,"Darjeeling, Jalpaiguri",Uttar Dinajpur,0.24767760500382716
2013-08-30,Hooghly,Burdwan,0.14672524142390947
2013-08-30,Hooghly,Howrah,0.17078876510617771
2013-08-30,Hooghly,Nadia,0.24664467952811794
2013-08-30,Hooghly,North 24 Parganas,0.1500616513475764
2013-08-30,Hooghly,Purba Medinipur,0.11464628054440923
2013-08-30,Hooghly,South 24 Parganas,0.17113337842588341
2013-08-30,Howrah,Hooghly,0.21847098820601732
2013-08-30,Howrah,North 24 Parganas,0.19377150404387067
2013-08-30,Howrah,Paschim Medinipur,0.15698361278972994
2013-08-30,Howrah,Purba Medinipur,0.17621479222644662
2013-08-30,Howrah,South 24 Parganas,0.25455909809825183
2013-08-30,Jalpaiguri,Dakshin Dinajpur,0.22541539988239107
2013-08-30,Jalpaiguri,"Darjeeling, Jalpaiguri",0.34604483357338284
2013-08-30,Jalpaiguri,Malda,0.170831928248643
2013-08-30,Jalpaiguri,Uttar Dinajpur,0.25770783062988534
2013-08-30,Malda,Birbhum,0.16097692543753456
2013-08-30,Malda,Dakshin Dinajpur,0.236458022252479
2013-08-30,Malda,"Darjeeling, Jalpaiguri",0.09877684411167222
2013-08-30,Malda,Jalpaiguri,0.12416855367043939
2013-08-30,Malda,Murshidabad,0.19215358898735982
2013-08-30,Malda,Uttar Dinajpur,0.187466059968731
2013-08-30,Murshidabad,Bardhaman,0.17315415369174408
2013-08-30,Murshidabad,Birbhum,0.19653459559783826
2013-08-30,Murshidabad,Dakshin Dinajpur,0.1374551263692285
2013-08-30,Murshidabad,Malda,0.17504764315221935
2013-08-30,Murshidabad,Nadia,0.3178084761131985
2013-08-30,Nadia,Bardhaman,0.20672813555487243
2013-08-30,Nadia,Burdwan,0.2045275193303007
2013-08-30,Nadia,Hooghly,0.21380196118235512
2013-08-30,Nadia,Murshidabad,0.19669017914283707
2013-08-30,Nadia,North 24 Parganas,0.17825219943586906
2013-08-30,North 24 Parganas,Hooghly,0.224965133843455
2013-08-30,North 24 Parganas,Howrah,0.22709152590615553
2013-08-30,North 24 Parganas,Nadia,0.30827652669210703
2013-08-30,North 24 Parganas,South 24 Parganas,0.23966680812546898
2013-08-30,Paschim Medinipur,Bankura,0.20969249791251784
2013-08-30,Paschim Medinipur,Howrah,0.20028493193087257
2013-08-30,Paschim Medinipur,Purba Medinipur,0.25288409347401003
2013-08-30,Paschim Medinipur,Purulia,0.14721054617245763
2013-08-30,Paschim Medinipur,South 24 Parganas,0.18992792459578206
2013-08-30,Purba Medinipur,Hooghly,0.21236195151042142
2013-08-30,Purba Medinipur,Howrah,0.2551670692537505
2013-08-30,Purba Medinipur,Paschim Medinipur,0.2870184526012325
2013-08-30,Purba Medinipur,South 24 Parganas,0.2454525199219141
2013-08-30,Purulia,Bankura,0.3183122597754094
2013-08-30,Purulia,Bardhaman,0.22482570947135533
2013-08-30,Purulia,Birbhum,0.23315031982693923
2013-08-30,Purulia,Paschim Medinipur,0.22371170193841095
2013-08-30,South 24 Parganas,Hooghly,0.21971499707324385
2013-08-30,South 24 Parganas,Howrah,0.255493070894813
2013-08-30,South 24 Parganas,North 24 Parganas,0.20525199000829616
2013-08-30,South 24 Parganas,Paschim Medinipur,0.1494119616785286
2013-08-30,South 24 Parganas,Purba Medinipur,0.17012797569242663
2013-08-30,Uttar Dinajpur,Dakshin Dinajpur,0.28392563846798746
2013-08-30,Uttar Dinajpur,"Darjeeling, Jalpaiguri",0.212022328279448
2013-08-30,Uttar Dinajpur,Jalpaiguri,0.2519237454218101
2013-08-30,Uttar Dinajpur,Malda,0.25212828033710827
2013-10-05,Bankura,Bardhaman,0.18514368592803587
2013-10-05,Bankura,Birbhum,0.15522815829566064
2013-10-05,Bankura,Burdwan,0.3215111606402857
2013-10-05,Bankura,Paschim Medinipur,0.16915178511922582
2013-10-05,Bankura,Purulia,0.16896520524587968
2013-10-05,Bardhaman,Bankura,0.14644306725362136
2013-10-05,Bardhaman,Birbhum,0.1476775525321704
2013-10-05,Bardhaman,Burdwan,0.3370364108898889
2013-10-05,Bardhaman,Murshidabad,0.1287336895713434
2013-10-05,Bardhaman,Nadia,0.145714100532991
2013-10-05,Bardhaman,Purulia,0.0943951754463374
2013-10-05,Birbhum,Bankura,0.14417837120644983
2013-10-05,Birbhum,Bardhaman,0.17341401174819424
2013-10-05,Birbhum,Burdwan,0.26785027621400204
2013-10-05,Birbhum,Malda,0.12802665459034482
2013-10-05,Birbhum,Murshidabad,0.1715805323964138
2013-10-05,Birbhum,Purulia,0.11495014941329641
2013-10-05,Burdwan,Bankura,0.19185264976856647
2013-10-05,Burdwan,Bardhaman,0.2542662154374979
2013-10-05,Burdwan,Birbhum,0.17208152139158028
2013-10-05,Burdwan,Hooghly,0.19644401939778428
2013-10-05,Burdwan,Nadia,0.18535558915265496
2013-10-05,Dakshin Dinajpur,"Darjeeling, Jalpaiguri",0.14430313266579106
2013-10-05,Dakshin Dinajpur,Jalpaiguri,0.18391716855299525
2013-10-05,Dakshin Dinajpur,Malda,0.2654300951929456
2013-10-05,Dakshin Dinajpur,Murshidabad,0.16937499061937314
2013-10-05,Dakshin Dinajpur,Uttar Dinajpur,0.23697460671442686
2013-10-05,"Darjeeling, Jalpaiguri",Dakshin Dinajpur,0.2019685275676072
2013-10-05,"Darjeeling, Jalpaiguri",Jalpaiguri,0.3951654797625376
2013-10-05,"Darjeeling, Jalpaiguri",Malda,0.15518837891219386
2013-10-05,"Darjeeling, Jalpaiguri",Uttar Dinajpur,0.24767760500382718
2013-10-05,Hooghly,Burdwan,0.24970794256573453
2013-10-05,Hooghly,Howrah,0.17054803357156764
2013-10-05,Hooghly,Nadia,0.14451704042611188
2013-10-05,Hooghly,North 24 Parganas,0.14985013525872498
2013-10-05,Hooghly,Purba Medinipur,0.1144846834098692
2013-10-05,Hooghly,South 24 Parganas,0.17089216114917405
2013-10-05,Howrah,Hooghly,0.21847098820601732
2013-10-05,Howrah,North 24 Parganas,0.1937715040438707
2013-10-05,Howrah,Paschim Medinipur,0.15698361278972997
2013-10-05,Howrah,Purba Medinipur,0.17621479222644665
2013-10-05,Howrah,South 24 Parganas,0.25455909809825183
2013-10-05,Jalpaiguri,Dakshin Dinajpur,0.22541539988239107
2013-10-05,Jalpaiguri,"Darjeeling, Jalpaiguri",0.3460448335733828
2013-10-05,Jalpaiguri,Malda,0.17083192824864296
2013-10-05,Jalpaiguri,Uttar Dinajpur,0.25770783062988534
2013-10-05,Malda,Birbhum,0.16097692543753453
2013-10-05,Malda,Dakshin Dinajpur,0.23645802225247903
2013-10-05,Malda,"Darjeeling, Jalpaiguri",0.09877684411167222
2013-10-05,Malda,Jalpaiguri,0.12416855367043939
2013-10-05,Malda,Murshidabad,0.19215358898735982
2013-10-05,Malda,Uttar Dinajpur,0.18746605996873097
2013-10-05,Murshidabad,Bardhaman,0.19933281923480858
2013-10-05,Murshidabad,Birbhum,0.22624808116028453
2013-10-05,Murshidabad,Dakshin Dinajpur,0.158236561314218
2013-10-05,Murshidabad,Malda,0.2015125797793916
2013-10-05,Murshidabad,Nadia,0.21466995266813518
2013-10-05,Nadia,Bardhaman,0.18069946765428804
2013-10-05,Nadia,Burdwan,0.30468364451293134
2013-10-05,Nadia,Hooghly,0.1868826440358411
2013-10-05,Nadia,Murshidabad,0.1719253674326456
2013-10-05,Nadia,North 24 Parganas,0.15580887168460875
2013-10-05,North 24 Parganas,Hooghly,0.25780791472945747
2013-10-05,North 24 Parganas,Howrah,0.2602447399130593
2013-10-05,North 24 Parganas,Nadia,0.20729144478441722
2013-10-05,North 24 Parganas,South 24 Parganas,0.2746558943471131
2013-10-05,Paschim Medinipur,Bankura,0.20969249791251787
2013-10-05,Paschim Medinipur,Howrah,0.2002849319308726
2013-10-05,Paschim Medinipur,Purba Medinipur,0.25288409347401003
2013-10-05,Paschim Medinipur,Purulia,0.14721054617245766
2013-10-05,Paschim Medinipur,South 24 Parganas,0.18992792459578212
2013-10-05,Purba Medinipur,Hooghly,0.21236195151042145
2013-10-05,Purba Medinipur,Howrah,0.2551670692537505
2013-10-05,Purba Medinipur,Paschim Medinipur,0.2870184526012325
2013-10-05,Purba Medinipur,South 24 Parganas,0.2454525199219141
2013-10-05,Purulia,Bankura,0.3183122597754094
2013-10-05,Purulia,Bardhaman,0.22482570947135536
2013-10-05,Purulia,Birbhum,0.23315031982693918
2013-10-05,Purulia,Paschim Medinipur,0.22371170193841095
2013-10-05,South 24 Parganas,Hooghly,0.21971499707324385
2013-10-05,South 24 Parganas,Howrah,0.255493070894813
2013-10-05,South 24 Parganas,North 24 Parganas,0.20525199000829616
2013-10-05,South 24 Parganas,Paschim Medinipur,0.1494119616785286
2013-10-05,South 24 Parganas,Purba Medinipur,0.17012797569242663
2013-10-05,Uttar Dinajpur,Dakshin Dinajpur,0.28392563846798746
2013-10-05,Uttar Dinajpur,"Darjeeling, Jalpaiguri",0.21202232827944803
2013-10-05,Uttar Dinajpur,Jalpaiguri,0.2519237454218101
2013-10-05,Uttar Dinajpur,Malda,0.25212828033710827
2013-10-16,Bankura,Bardhaman,0.2135110981817883
2013-10-16,Bankura,Birbhum,0.17901196241348144
2013-10-16,Bankura,Burdwan,0.2175542121804382
2013-10-16,Bankura,Paschim Medinipur,0.19506894452913587
2013-10-16,Bankura,Purulia,0.19485377719325256
2013-10-16,Bardhaman,Bankura,0.17013964033613221
2013-10-16,Bardhaman,Birbhum,0.17157388290719797
2013-10-16,Bardhaman,Burdwan,0.2297594640530423
2013-10-16,Bardhaman,Murshidabad,0.1495646332296419
2013-10-16,Bardhaman,Nadia,0.16929271642234764
2013-10-16,Bardhaman,Purulia,0.1096696586673603
2013-10-16,Birbhum,Bankura,0.16212325386292975
2013-10-16,Birbhum,Bardhaman,0.1949976519694785
2013-10-16,Birbhum,Burdwan,0.1767246741533359
2013-10-16,Birbhum,Malda,0.1439612450167808
2013-10-16,Birbhum,Murshidabad,0.1929359721494484
2013-10-16,Birbhum,Purulia,0.1292571978651946
2013-10-16,Burdwan,Bankura,0.19185264976856647
2013-10-16,Burdwan,Bardhaman,0.2542662154374979
2013-10-16,Burdwan,Birbhum,0.17208152139158028
2013-10-16,Burdwan,Hooghly,0.19644401939778428
2013-10-16,Burdwan,Nadia,0.18535558915265493
2013-10-16,Dakshin Dinajpur,"Darjeeling, Jalpaiguri",0.22324430251016475
2013-10-16,Dakshin Dinajpur,Jalpaiguri,0.16695013619109256
2013-10-16,Dakshin Dinajpur,Malda,0.24094319682236773
2013-10-16,Dakshin Dinajpur,Murshidabad,0.15374952742990589
2013-10-16,Dakshin Dinajpur,Uttar Dinajpur,0.21511283136899856
2013-10-16,"Darjeeling, Jalpaiguri",Dakshin Dinajpur,0.20196852756760716
2013-10-16,"Darjeeling, Jalpaiguri",Jalpaiguri,0.3951654797625375
2013-10-16,"Darjeeling, Jalpaiguri",Malda,0.15518837891219384
2013-10-16,"Darjeeling, Jalpaiguri",Uttar Dinajpur,0.24767760500382713
2013-10-16,Hooghly,Burdwan,0.16337724687849428
2013-10-16,Hooghly,Howrah,0.19017176574417452
2013-10-16,Hooghly,Nadia,0.1611455739618548
2013-10-16,Hooghly,North 24 Parganas,0.16709230955276136
2013-10-16,Hooghly,Purba Medinipur,0.12765761022733502
2013-10-16,Hooghly,South 24 Parganas,0.19055548960017088
2013-10-16,Howrah,Hooghly,0.2184709882060173
2013-10-16,Howrah,North 24 Parganas,0.19377150404387067
2013-10-16,Howrah,Paschim Medinipur,0.15698361278972994
2013-10-16,Howrah,Purba Medinipur,0.17621479222644665
2013-10-16,Howrah,South 24 Parganas,0.25455909809825183
2013-10-16,Jalpaiguri,Dakshin Dinajpur,0.18124414751978413
2013-10-16,Jalpaiguri,"Darjeeling, Jalpaiguri",0.4741905534537983
2013-10-16,Jalpaiguri,Malda,0.13735657466499887
2013-10-16,Jalpaiguri,Uttar Dinajpur,0.20720871819785197
2013-10-16,Malda,Birbhum,0.15050673835099668
2013-10-16,Malda,Dakshin Dinajpur,0.22107842841089523
2013-10-16,Malda,"Darjeeling, Jalpaiguri",0.15739378578343008
2013-10-16,Malda,Jalpaiguri,0.11609243975746247
2013-10-16,Malda,Murshidabad,0.17965562370085014
2013-10-16,Malda,Uttar Dinajpur,0.1752729787869787
2013-10-16,Murshidabad,Bardhaman,0.19933281923480856
2013-10-16,Murshidabad,Birbhum,0.22624808116028453
2013-10-16,Murshidabad,Dakshin Dinajpur,0.158236561314218
2013-10-16,Murshidabad,Malda,0.2015125797793916
2013-10-16,Murshidabad,Nadia,0.21466995266813518
2013-10-16,Nadia,Bardhaman,0.20672813555487246
2013-10-16,Nadia,Burdwan,0.20452751933030067
2013-10-16,Nadia,Hooghly,0.21380196118235514
2013-10-16,Nadia,Murshidabad,0.19669017914283707
2013-10-16,Nadia,North 24 Parganas,0.17825219943586906
2013-10-16,North 24 Parganas,Hooghly,0.2578079147294574
2013-10-16,North 24 Parganas,Howrah,0.26024473991305924
2013-10-16,North 24 Parganas,Nadia,0.2072914447844172
2013-10-16,North 24 Parganas,South 24 Parganas,0.27465589434711307
2013-10-16,Paschim Medinipur,Bankura,0.20969249791251782
2013-10-16,Paschim Medinipur,Howrah,0.20028493193087255
2013-10-16,Paschim Medinipur,Purba Medinipur,0.25288409347401003
2013-10-16,Paschim Medinipur,Purulia,0.14721054617245763
2013-10-16,Paschim Medinipur,South 24 Parganas,0.18992792459578206
2013-10-16,Purba Medinipur,Hooghly,0.2123619515104214
2013-10-16,Purba Medinipur,Howrah,0.25516706925375043
2013-10-16,Purba Medinipur,Paschim Medinipur,0.28701845260123243
2013-10-16,Purba Medinipur,South 24 Parganas,0.24545251992191405
2013-10-16,Purulia,Bankura,0.31831225977540933
2013-10-16,Purulia,Bardhaman,0.2248257094713553
2013-10-16,Purulia,Birbhum,0.23315031982693915
2013-10-16,Purulia,Paschim Medinipur,0.22371170193841092
2013-10-16,South 24 Parganas,Hooghly,0.21971499707324382
2013-10-16,South 24 Parganas,Howrah,0.25549307089481293
2013-10-16,South 24 Parganas,North 24 Parganas,0.20525199000829616
2013-10-16,South 24 Parganas,Paschim Medinipur,0.14941196167852858
2013-10-16,South 24 Parganas,Purba Medinipur,0.1701279756924266
2013-10-16,Uttar Dinajpur,Dakshin Dinajpur,0.24703741909210195
2013-10-16,Uttar Dinajpur,"Darjeeling, Jalpaiguri",0.3143980537495678
2013-10-16,Uttar Dinajpur,Jalpaiguri,0.21919327966585392
2013-10-16,Uttar Dinajpur,Malda,0.21937124097242036
2013-10-23,Bankura,Bardhaman,0.21351109818178826
2013-10-23,Bankura,Birbhum,0.1790119624134814
2013-10-23,Bankura,Burdwan,0.21755421218043816
2013-10-23,Bankura,Paschim Medinipur,0.19506894452913587
2013-10-23,Bankura,Purulia,0.19485377719325253
2013-10-23,Bardhaman,Bankura,0.15392587536809027
2013-10-23,Bardhaman,Birbhum,0.15522343919745607
2013-10-23,Bardhaman,Burdwan,0.20786412007570945
2013-10-23,Bardhaman,Murshidabad,0.23060841074135957
2013-10-23,Bardhaman,Nadia,0.15315966060154962
2013-10-23,Bardhaman,Purulia,0.09921849004936517
2013-10-23,Birbhum,Bankura,0.14272916962207927
2013-10-23,Birbhum,Bardhaman,0.17167094960596985
2013-10-23,Birbhum,Burdwan,0.15558388690473787
2013-10-23,Birbhum,Malda,0.12673980116620454
2013-10-23,Birbhum,Murshidabad,0.28948145449664575
2013-10-23,Birbhum,Purulia,0.11379473381760456
2013-10-23,Burdwan,Bankura,0.19185264976856645
2013-10-23,Burdwan,Bardhaman,0.25426621543749783
2013-10-23,Burdwan,Birbhum,0.17208152139158028
2013-10-23,Burdwan,Hooghly,0.19644401939778425
2013-10-23,Burdwan,Nadia,0.18535558915265493
2013-10-23,Dakshin Dinajpur,"Darjeeling, Jalpaiguri",0.128924172640078
2013-10-23,Dakshin Dinajpur,Jalpaiguri,0.16431638282528965
2013-10-23,Dakshin Dinajpur,Malda,0.23714215197103639
2013-10-23,Dakshin Dinajpur,Murshidabad,0.25789800865535284
2013-10-23,Dakshin Dinajpur,Uttar Dinajpur,0.21171927832033852
2013-10-23,"Darjeeling, Jalpaiguri",Dakshin Dinajpur,0.2019685275676072
2013-10-23,"Darjeeling, Jalpaiguri",Jalpaiguri,0.3951654797625375
2013-10-23,"Darjeeling, Jalpaiguri",Malda,0.15518837891219384
2013-10-23,"Darjeeling, Jalpaiguri",Uttar Dinajpur,0.24767760500382716
2013-10-23,Hooghly,Burdwan,0.16337724687849428
2013-10-23,Hooghly,Howrah,0.19017176574417452
2013-10-23,Hooghly,Nadia,0.1611455739618548
2013-10-23,Hooghly,North 24 Parganas,0.16709230955276133
2013-10-23,Hooghly,Purba Medinipur,0.12765761022733502
2013-10-23,Hooghly,South 24 Parganas,0.19055548960017088
2013-10-23,Howrah,Hooghly,0.2184709882060173
2013-10-23,Howrah,North 24 Parganas,0.19377150404387067
2013-10-23,Howrah,Paschim Medinipur,0.15698361278972994
2013-10-23,Howrah,Purba Medinipur,0.17621479222644662
2013-10-23,Howrah,South 24 Parganas,0.25455909809825183
2013-10-23,Jalpaiguri,Dakshin Dinajpur,0.22541539988239107
2013-10-23,Jalpaiguri,"Darjeeling, Jalpaiguri",0.3460448335733828
2013-10-23,Jalpaiguri,Malda,0.17083192824864296
2013-10-23,Jalpaiguri,Uttar Dinajpur,0.25770783062988534
2013-10-23,Malda,Birbhum,0.1417887529332817
2013-10-23,Malda,Dakshin Dinajpur,0.20827263289519723
2013-10-23,Malda,"Darjeeling, Jalpaiguri",0.0870028142680228
2013-10-23,Malda,Jalpaiguri,0.1093678757412507
2013-10-23,Malda,Murshidabad,0.28844749104394474
2013-10-23,Malda,Uttar Dinajpur,0.16512042821066605
2013-10-23,Murshidabad,Bardhaman,0.19933281923480853
2013-10-23,Murshidabad,Birbhum,0.22624808116028453
2013-10-23,Murshidabad,Dakshin Dinajpur,0.15823656131421798
2013-10-23,Murshidabad,Malda,0.2015125797793916
2013-10-23,Murshidabad,Nadia,0.21466995266813518
2013-10-23,Nadia,Bardhaman,0.18157551234705346
2013-10-23,Nadia,Burdwan,0.17964264521513956
2013-10-23,Nadia,Hooghly,0.1877886652355869
2013-10-23,Nadia,Murshidabad,0.29442892761521233
2013-10-23,Nadia,North 24 Parganas,0.15656424488463505
2013-10-23,North 24 Parganas,Hooghly,0.25780791472945747
2013-10-23,North 24 Parganas,Howrah,0.2602447399130593
2013-10-23,North 24 Parganas,Nadia,0.20729144478441722
2013-10-23,North 24 Parganas,South 24 Parganas,0.2746558943471131
2013-10-23,Paschim Medinipur,Bankura,0.20969249791251784
2013-10-23,Paschim Medinipur,Howrah,0.2002849319308726
2013-10-23,Paschim Medinipur,Purba Medinipur,0.25288409347401003
2013-10-23,Paschim Medinipur,Purulia,0.14721054617245763
2013-10-23,Paschim Medinipur,South 24 Parganas,0.1899279245957821
2013-10-23,Purba Medinipur,Hooghly,0.21236195151042145
2013-10-23,Purba Medinipur,Howrah,0.2551670692537505
2013-10-23,Purba Medinipur,Paschim Medinipur,0.28701845260123243
2013-10-23,Purba Medinipur,South 24 Parganas,0.24545251992191408
2013-10-23,Purulia,Bankura,0.31831225977540933
2013-10-23,Purulia,Bardhaman,0.22482570947135533
2013-10-23,Purulia,Birbhum,0.23315031982693915
2013-10-23,Purulia,Paschim Medinipur,0.2237117019384109
2013-10-23,South 24 Parganas,Hooghly,0.21971499707324385
2013-10-23,South 24 Parganas,Howrah,0.25549307089481293
2013-10-23,South 24 Parganas,North 24 Parganas,0.20525199000829616
2013-10-23,South 24 Parganas,Paschim Medinipur,0.1494119616785286
2013-10-23,South 24 Parganas,Purba Medinipur,0.1701279756924266
2013-10-23,Uttar Dinajpur,Dakshin Dinajpur,0.2839256384679874
2013-10-23,Uttar Dinajpur,"Darjeeling, Jalpaiguri",0.212022328279448
2013-10-23,Uttar Dinajpur,Jalpaiguri,0.2519237454218101
2013-10-23,Uttar Dinajpur,Malda,0.2521282803371082
2014-07-10,Bankura,Bardhaman,0.21351109818178826
2014-07-10,Bankura,Birbhum,0.1790119624134814
2014-07-10,Bankura,Burdwan,0.21755421218043816
2014-07-10,Bankura,Paschim Medinipur,0.19506894452913584
2014-07-10,Bankura,Purulia,0.1948537771932525
2014-07-10,Bardhaman,Bankura,0.17013964033613224
2014-07-10,Bardhaman,Birbhum,0.171573882907198
2014-07-10,Bardhaman,Burdwan,0.22975946405304232
2014-07-10,Bardhaman,Murshidabad,0.14956463322964192
2014-07-10,Bardhaman,Nadia,0.16929271642234764
2014-07-10,Bardhaman,Purulia,0.10966965866736031
2014-07-10,Birbhum,Bankura,0.16212325386292975
2014-07-10,Birbhum,Bardhaman,0.1949976519694785
2014-07-10,Birbhum,Burdwan,0.17672467415333595
2014-07-10,Birbhum,Malda,0.1439612450167808
2014-07-10,Birbhum,Murshidabad,0.1929359721494484
2014-07-10,Birbhum,Purulia,0.12925719786519463
2014-07-10,Burdwan,Bankura,0.19185264976856647
2014-07-10,Burdwan,Bardhaman,0.2542662154374979
2014-07-10,Burdwan,Birbhum,0.1720815213915803
2014-07-10,Burdwan,Hooghly,0.19644401939778425
2014-07-10,Burdwan,Nadia,0.18535558915265493
2014-07-10,Dakshin Dinajpur,"Darjeeling, Jalpaiguri",0.12775518454686766
2014-07-10,Dakshin Dinajpur,Jalpaiguri,0.27750139022617143
2014-07-10,Dakshin Dinajpur,Malda,0.23499192407834835
2014-07-10,Dakshin Dinajpur,Murshidabad,0.14995192955593878
2014-07-10,Dakshin Dinajpur,Uttar Dinajpur,0.20979956605543604
2014-07-10,"Darjeeling, Jalpaiguri",Dakshin Dinajpur,0.15799702919284217
2014-07-10,"Darjeeling, Jalpaiguri",Jalpaiguri,0.5268467889443393
2014-07-10,"Darjeeling, Jalpaiguri",Malda,0.12140160216384269
2014-07-10,"Darjeeling, Jalpaiguri",Uttar Dinajpur,0.193754572850979
2014-07-10,Hooghly,Burdwan,0.16337724687849425
2014-07-10,Hooghly,Howrah,0.19017176574417452
2014-07-10,Hooghly,Nadia,0.1611455739618548
2014-07-10,Hooghly,North 24 Parganas,0.16709230955276133
2014-07-10,Hooghly,Purba Medinipur,0.127657610227335
2014-07-10,Hooghly,South 24 Parganas,0.19055548960017088
2014-07-10,Howrah,Hooghly,0.21847098820601732
2014-07-10,Howrah,North 24 Parganas,0.19377150404387067
2014-07-10,Howrah,Paschim Medinipur,0.15698361278972997
2014-07-10,Howrah,Purba Medinipur,0.17621479222644665
2014-07-10,Howrah,South 24 Parganas,0.25455909809825183
2014-07-10,Jalpaiguri,Dakshin Dinajpur,0.22541539988239104
2014-07-10,Jalpaiguri,"Darjeeling, Jalpaiguri",0.3460448335733827
2014-07-10,Jalpaiguri,Malda,0.17083192824864293
2014-07-10,Jalpaiguri,Uttar Dinajpur,0.2577078306298853
2014-07-10,Malda,Birbhum,0.14803169792169138
2014-07-10,Malda,Dakshin Dinajpur,0.2174428566460739
2014-07-10,Malda,"Darjeeling, Jalpaiguri",0.09083353971045384
2014-07-10,Malda,Jalpaiguri,0.1945999978507153
2014-07-10,Malda,Murshidabad,0.17670123815716318
2014-07-10,Malda,Uttar Dinajpur,0.17239066459018268
2014-07-10,Murshidabad,Bardhaman,0.19933281923480856
2014-07-10,Murshidabad,Birbhum,0.2262480811602845
2014-07-10,Murshidabad,Dakshin Dinajpur,0.158236561314218
2014-07-10,Murshidabad,Malda,0.20151257977939158
2014-07-10,Murshidabad,Nadia,0.21466995266813518
2014-07-10,Nadia,Bardhaman,0.2067281355548724
2014-07-10,Nadia,Burdwan,0.20452751933030067
2014-07-10,Nadia,Hooghly,0.21380196118235512
2014-07-10,Nadia,Murshidabad,0.19669017914283707
2014-07-10,Nadia,North 24 Parganas,0.17825219943586904
2014-07-10,North 24 Parganas,Hooghly,0.2578079147294574
2014-07-10,North 24 Parganas,Howrah,0.26024473991305924
2014-07-10,North 24 Parganas,Nadia,0.2072914447844172
2014-07-10,North 24 Parganas,South 24 Parganas,0.2746558943471131
2014-07-10,Paschim Medinipur,Bankura,0.20969249791251784
2014-07-10,Paschim Medinipur,Howrah,0.2002849319308726
2014-07-10,Paschim Medinipur,Purba Medinipur,0.25288409347401003
2014-07-10,Paschim Medinipur,Purulia,0.14721054617245763
2014-07-10,Paschim Medinipur,South 24 Parganas,0.18992792459578212
2014-07-10,Purba Medinipur,Hooghly,0.2123619515104214
2014-07-10,Purba Medinipur,Howrah,0.25516706925375043
2014-07-10,Purba Medinipur,Paschim Medinipur,0.28701845260123243
2014-07-10,Purba Medinipur,South 24 Parganas,0.24545251992191405
2014-07-10,Purulia,Bankura,0.31831225977540933
2014-07-10,Purulia,Bardhaman,0.2248257094713553
2014-07-10,Purulia,Birbhum,0.2331503198269392
2014-07-10,Purulia,Paschim Medinipur,0.2237117019384109
2014-07-10,South 24 Parganas,Hooghly,0.21971499707324385
2014-07-10,South 24 Parganas,Howrah,0.25549307089481293
2014-07-10,South 24 Parganas,North 24 Parganas,0.20525199000829616
2014-07-10,South 24 Parganas,Paschim Medinipur,0.1494119616785286
2014-07-10,South 24 Parganas,Purba Medinipur,0.1701279756924266
2014-07-10,Uttar Dinajpur,Dakshin Dinajpur,0.24114136478159823
2014-07-10,Uttar Dinajpur,"Darjeeling, Jalpaiguri",0.18007304265071764
2014-07-10,Uttar Dinajpur,Jalpaiguri,0.36465008949859173
2014-07-10,Uttar Dinajpur,Malda,0.21413549670465104
2014-08-11,Bankura,Bardhaman,0.2135110981817883
2014-08-11,Bankura,Birbhum,0.17901196241348144
2014-08-11,Bankura,Burdwan,0.21755421218043822
2014-08-11,Bankura,Paschim Medinipur,0.19506894452913587
2014-08-11,Bankura,Purulia,0.19485377719325256
2014-08-11,Bardhaman,Bankura,0.15201504992053722
2014-08-11,Bardhaman,Birbhum,0.15329650587993607
2014-08-11,Bardhaman,Burdwan,0.20528370889192332
2014-08-11,Bardhaman,Murshidabad,0.13363185170623895
2014-08-11,Bardhaman,Nadia,0.25778608128635594
2014-08-11,Bardhaman,Purulia,0.09798679839777802
2014-08-11,Birbhum,Bankura,0.16212325386292975
2014-08-11,Birbhum,Bardhaman,0.19499765196947846
2014-08-11,Birbhum,Burdwan,0.17672467415333593
2014-08-11,Birbhum,Malda,0.1439612450167808
2014-08-11,Birbhum,Murshidabad,0.1929359721494484
2014-08-11,Birbhum,Purulia,0.1292571978651946
2014-08-11,Burdwan,Bankura,0.16969976592182096
2014-08-11,Burdwan,Bardhaman,0.22490654829954973
2014-08-11,Burdwan,Birbhum,0.15221157453310583
2014-08-11,Burdwan,Hooghly,0.17376097827556597
2014-08-11,Burdwan,Nadia,0.2794211286782835
2014-08-11,Dakshin Dinajpur,"Darjeeling, Jalpaiguri",0.14430313266579106
2014-08-11,Dakshin Dinajpur,Jalpaiguri,0.18391716855299525
2014-08-11,Dakshin Dinajpur,Malda,0.2654300951929455
2014-08-11,Dakshin Dinajpur,Murshidabad,0.1693749906193731
2014-08-11,Dakshin Dinajpur,Uttar Dinajpur,0.23697460671442683
2014-08-11,"Darjeeling, Jalpaiguri",Dakshin Dinajpur,0.20196852756760714
2014-08-11,"Darjeeling, Jalpaiguri",Jalpaiguri,0.39516547976253746
2014-08-11,"Darjeeling, Jalpaiguri",Malda,0.15518837891219384
2014-08-11,"Darjeeling, Jalpaiguri",Uttar Dinajpur,0.2476776050038271
2014-08-11,Hooghly,Burdwan,0.14672524104746984
2014-08-11,Hooghly,Howrah,0.17078876466800047
2014-08-11,Hooghly,Nadia,0.24664468146093313
2014-08-11,Hooghly,North 24 Parganas,0.15006165096257684
2014-08-11,Hooghly,Purba Medinipur,0.1146462802502717
2014-08-11,Hooghly,South 24 Parganas,0.17113337798682207
2014-08-11,Howrah,Hooghly,0.21847098820601732
2014-08-11,Howrah,North 24 Parganas,0.19377150404387067
2014-08-11,Howrah,Paschim Medinipur,0.15698361278972997
2014-08-11,Howrah,Purba Medinipur,0.17621479222644665
2014-08-11,Howrah,South 24 Parganas,0.25455909809825183
2014-08-11,Jalpaiguri,Dakshin Dinajpur,0.22541539988239104
2014-08-11,Jalpaiguri,"Darjeeling, Jalpaiguri",0.3460448335733828
2014-08-11,Jalpaiguri,Malda,0.17083192824864296
2014-08-11,Jalpaiguri,Uttar Dinajpur,0.25770783062988534
2014-08-11,Malda,Birbhum,0.16097692543753456
2014-08-11,Malda,Dakshin Dinajpur,0.236458022252479
2014-08-11,Malda,"Darjeeling, Jalpaiguri",0.09877684411167222
2014-08-11,Malda,Jalpaiguri,0.12416855367043939
2014-08-11,Malda,Murshidabad,0.19215358898735982
2014-08-11,Malda,Uttar Dinajpur,0.187466059968731
2014-08-11,Murshidabad,Bardhaman,0.17315415311932103
2014-08-11,Murshidabad,Birbhum,0.19653459494812278
2014-08-11,Murshidabad,Dakshin Dinajpur,0.13745512591482134
2014-08-11,Murshidabad,Malda,0.1750476425735367
2014-08-11,Murshidabad,Nadia,0.3178084783684269
2014-08-11,Nadia,Bardhaman,0.20672813555487243
2014-08-11,Nadia,Burdwan,0.20452751933030067
2014-08-11,Nadia,Hooghly,0.21380196118235514
2014-08-11,Nadia,Murshidabad,0.19669017914283707
2014-08-11,Nadia,North 24 Parganas,0.17825219943586906
2014-08-11,North 24 Parganas,Hooghly,0.2249651331220579
2014-08-11,North 24 Parganas,Howrah,0.2270915251779397
2014-08-11,North 24 Parganas,Nadia,0.30827652891026097
2014-08-11,North 24 Parganas,South 24 Parganas,0.23966680735692789
2014-08-11,Paschim Medinipur,Bankura,0.20969249791251784
2014-08-11,Paschim Medinipur,Howrah,0.20028493193087257
2014-08-11,Paschim Medinipur,Purba Medinipur,0.25288409347401003
2014-08-11,Paschim Medinipur,Purulia,0.14721054617245763
2014-08-11,Paschim Medinipur,South 24 Parganas,0.18992792459578206
2014-08-11,Purba Medinipur,Hooghly,0.21236195151042142
2014-08-11,Purba Medinipur,Howrah,0.2551670692537505
2014-08-11,Purba Medinipur,Paschim Medinipur,0.28701845260123243
2014-08-11,Purba Medinipur,South 24 Parganas,0.24545251992191405
2014-08-11,Purulia,Bankura,0.31831225977540933
2014-08-11,Purulia,Bardhaman,0.22482570947135527
2014-08-11,Purulia,Birbhum,0.23315031982693918
2014-08-11,Purulia,Paschim Medinipur,0.22371170193841092
2014-08-11,South 24 Parganas,Hooghly,0.21971499707324385
2014-08-11,South 24 Parganas,Howrah,0.25549307089481293
2014-08-11,South 24 Parganas,North 24 Parganas,0.20525199000829614
2014-08-11,South 24 Parganas,Paschim Medinipur,0.14941196167852858
2014-08-11,South 24 Parganas,Purba Medinipur,0.1701279756924266
2014-08-11,Uttar Dinajpur,Dakshin Dinajpur,0.2839256384679874
2014-08-11,Uttar Dinajpur,"Darjeeling, Jalpaiguri",0.212022328279448
2014-08-11,Uttar Dinajpur,Jalpaiguri,0.2519237454218101
2014-08-11,Uttar Dinajpur,Malda,0.25212828033710827
2014-08-14,Bankura,Bardhaman,0.18960663887823018
2014-08-14,Bankura,Birbhum,0.27092884776660525
2014-08-14,Bankura,Burdwan,0.19319709043982924
2014-08-14,Bankura,Paschim Medinipur,0.17322924773775616
2014-08-14,Bankura,Purulia,0.17303817029166252
2014-08-14,Bardhaman,Bankura,0.15179715639147193
2014-08-14,Bardhaman,Birbhum,0.2608851846243733
2014-08-14,Bardhaman,Burdwan,0.20498946176433003
2014-08-14,Bardhaman,Murshidabad,0.13344030806777013
2014-08-14,Bardhaman,Nadia,0.1510415379974372
2014-08-14,Bardhaman,Purulia,0.09784634724300185
2014-08-14,Birbhum,Bankura,0.16212325386292978
2014-08-14,Birbhum,Bardhaman,0.1949976519694785
2014-08-14,Birbhum,Burdwan,0.17672467415333595
2014-08-14,Birbhum,Malda,0.14396124501678081
2014-08-14,Birbhum,Murshidabad,0.19293597214944844
2014-08-14,Birbhum,Purulia,0.12925719786519463
2014-08-14,Burdwan,Bankura,0.17111473957847706
2014-08-14,Burdwan,Bardhaman,0.22678184164084944
2014-08-14,Burdwan,Birbhum,0.26157363460872024
2014-08-14,Burdwan,Hooghly,0.17520981472786837
2014-08-14,Burdwan,Nadia,0.16531996511662633
2014-08-14,Dakshin Dinajpur,"Darjeeling, Jalpaiguri",0.1443031326657911
2014-08-14,Dakshin Dinajpur,Jalpaiguri,0.18391716855299528
2014-08-14,Dakshin Dinajpur,Malda,0.2654300951929456
2014-08-14,Dakshin Dinajpur,Murshidabad,0.16937499061937314
2014-08-14,Dakshin Dinajpur,Uttar Dinajpur,0.23697460671442683
2014-08-14,"Darjeeling, Jalpaiguri",Dakshin Dinajpur,0.20196852756760716
2014-08-14,"Darjeeling, Jalpaiguri",Jalpaiguri,0.39516547976253746
2014-08-14,"Darjeeling, Jalpaiguri",Malda,0.15518837891219384
2014-08-14,"Darjeeling, Jalpaiguri",Uttar Dinajpur,0.2476776050038271
2014-08-14,Hooghly,Burdwan,0.16337724687849428
2014-08-14,Hooghly,Howrah,0.19017176574417452
2014-08-14,Hooghly,Nadia,0.1611455739618548
2014-08-14,Hooghly,North 24 Parganas,0.16709230955276136
2014-08-14,Hooghly,Purba Medinipur,0.12765761022733502
2014-08-14,Hooghly,South 24 Parganas,0.1905554896001709
2014-08-14,Howrah,Hooghly,0.21847098820601732
2014-08-14,Howrah,North 24 Parganas,0.1937715040438707
2014-08-14,Howrah,Paschim Medinipur,0.15698361278972997
2014-08-14,Howrah,Purba Medinipur,0.17621479222644665
2014-08-14,Howrah,South 24 Parganas,0.2545590980982519
2014-08-14,Jalpaiguri,Dakshin Dinajpur,0.22541539988239107
2014-08-14,Jalpaiguri,"Darjeeling, Jalpaiguri",0.3460448335733828
2014-08-14,Jalpaiguri,Malda,0.17083192824864296
2014-08-14,Jalpaiguri,Uttar Dinajpur,0.25770783062988534
2014-08-14,Malda,Birbhum,0.24641283600066344
2014-08-14,Malda,Dakshin Dinajpur,0.21238001170237333
2014-08-14,Malda,"Darjeeling, Jalpaiguri",0.08871861106053262
2014-08-14,Malda,Jalpaiguri,0.11152473758507983
2014-08-14,Malda,Murshidabad,0.172587003346471
2014-08-14,Malda,Uttar Dinajpur,0.16837679530045846
2014-08-14,Murshidabad,Bardhaman,0.1719362769143665
2014-08-14,Murshidabad,Birbhum,0.33259347511693504
2014-08-14,Murshidabad,Dakshin Dinajpur,0.13648833808972466
2014-08-14,Murshidabad,Malda,0.17381644854911849
2014-08-14,Murshidabad,Nadia,0.18516545628978437
2014-08-14,Nadia,Bardhaman,0.20672813555487246
2014-08-14,Nadia,Burdwan,0.2045275193303007
2014-08-14,Nadia,Hooghly,0.21380196118235514
2014-08-14,Nadia,Murshidabad,0.19669017914283707
2014-08-14,Nadia,North 24 Parganas,0.17825219943586906
2014-08-14,North 24 Parganas,Hooghly,0.25780791472945747
2014-08-14,North 24 Parganas,Howrah,0.2602447399130593
2014-08-14,North 24 Parganas,Nadia,0.20729144478441722
2014-08-14,North 24 Parganas,South 24 Parganas,0.2746558943471131
2014-08-14,Paschim Medinipur,Bankura,0.20969249791251784
2014-08-14,Paschim Medinipur,Howrah,0.20028493193087257
2014-08-14,Paschim Medinipur,Purba Medinipur,0.25288409347401003
2014-08-14,Paschim Medinipur,Purulia,0.14721054617245763
2014-08-14,Paschim Medinipur,South 24 Parganas,0.1899279245957821
2014-08-14,Purba Medinipur,Hooghly,0.21236195151042142
2014-08-14,Purba Medinipur,Howrah,0.2551670692537505
2014-08-14,Purba Medinipur,Paschim Medinipur,0.28701845260123243
2014-08-14,Purba Medinipur,South 24 Parganas,0.2454525199219141
2014-08-14,Purulia,Bankura,0.2734166117741068
2014-08-14,Purulia,Bardhaman,0.19311566499744517
2014-08-14,Purulia,Birbhum,0.3413089353174407
2014-08-14,Purulia,Paschim Medinipur,0.19215878019079835
2014-08-14,South 24 Parganas,Hooghly,0.21971499707324388
2014-08-14,South 24 Parganas,Howrah,0.255493070894813
2014-08-14,South 24 Parganas,North 24 Parganas,0.20525199000829616
2014-08-14,South 24 Parganas,Paschim Medinipur,0.14941196167852858
2014-08-14,South 24 Parganas,Purba Medinipur,0.1701279756924266
2014-08-14,Uttar Dinajpur,Dakshin Dinajpur,0.28392563846798746
2014-08-14,Uttar Dinajpur,"Darjeeling, Jalpaiguri",0.21202232827944803
2014-08-14,Uttar Dinajpur,Jalpaiguri,0.2519237454218101
2014-08-14,Uttar Dinajpur,Malda,0.2521282803371083
2014-08-29,Bankura,Bardhaman,0.2135110981817883
2014-08-29,Bankura,Birbhum,0.17901196241348144
2014-08-29,Bankura,Burdwan,0.2175542121804382
2014-08-29,Bankura,Paschim Medinipur,0.19506894452913587
2014-08-29,Bankura,Purulia,0.19485377719325256
2014-08-29,Bardhaman,Bankura,0.17013964033613224
2014-08-29,Bardhaman,Birbhum,0.17157388290719797
2014-08-29,Bardhaman,Burdwan,0.22975946405304234
2014-08-29,Bardhaman,Murshidabad,0.14956463322964192
2014-08-29,Bardhaman,Nadia,0.16929271642234767
2014-08-29,Bardhaman,Purulia,0.10966965866736031
2014-08-29,Birbhum,Bankura,0.16212325386292978
2014-08-29,Birbhum,Bardhaman,0.1949976519694785
2014-08-29,Birbhum,Burdwan,0.17672467415333595
2014-08-29,Birbhum,Malda,0.14396124501678081
2014-08-29,Birbhum,Murshidabad,0.19293597214944844
2014-08-29,Birbhum,Purulia,0.12925719786519466
2014-08-29,Burdwan,Bankura,0.19185264976856645
2014-08-29,Burdwan,Bardhaman,0.25426621543749783
2014-08-29,Burdwan,Birbhum,0.17208152139158028
2014-08-29,Burdwan,Hooghly,0.19644401939778425
2014-08-29,Burdwan,Nadia,0.1853555891526549
2014-08-29,Dakshin Dinajpur,"Darjeeling, Jalpaiguri",0.14430313266579103
2014-08-29,Dakshin Dinajpur,Jalpaiguri,0.18391716855299525
2014-08-29,Dakshin Dinajpur,Malda,0.2654300951929455
2014-08-29,Dakshin Dinajpur,Murshidabad,0.1693749906193731
2014-08-29,Dakshin Dinajpur,Uttar Dinajpur,0.2369746067144268
2014-08-29,"Darjeeling, Jalpaiguri",Dakshin Dinajpur,0.20196852756760716
2014-08-29,"Darjeeling, Jalpaiguri",Jalpaiguri,0.39516547976253746
2014-08-29,"Darjeeling, Jalpaiguri",Malda,0.15518837891219384
2014-08-29,"Darjeeling, Jalpaiguri",Uttar Dinajpur,0.24767760500382713
2014-08-29,Hooghly,Burdwan,0.14617543448072776
2014-08-29,Hooghly,Howrah,0.17014878763562433
2014-08-29,Hooghly,Nadia,0.14417873197507677
2014-08-29,Hooghly,North 24 Parganas,0.2547882532014258
2014-08-29,Hooghly,Purba Medinipur,0.1142166794720814
2014-08-29,Hooghly,South 24 Parganas,0.1704921096247175
2014-08-29,Howrah,Hooghly,0.19223668515826
2014-08-29,Howrah,North 24 Parganas,0.290584553970232
2014-08-29,Howrah,Paschim Medinipur,0.1381328001245079
2014-08-29,Howrah,Purba Medinipur,0.15505467252942381
2014-08-29,Howrah,South 24 Parganas,0.223991284138552
2014-08-29,Jalpaiguri,Dakshin Dinajpur,0.22541539988239107
2014-08-29,Jalpaiguri,"Darjeeling, Jalpaiguri",0.3460448335733827
2014-08-29,Jalpaiguri,Malda,0.17083192824864293
2014-08-29,Jalpaiguri,Uttar Dinajpur,0.25770783062988534
2014-08-29,Malda,Birbhum,0.16097692543753456
2014-08-29,Malda,Dakshin Dinajpur,0.236458022252479
2014-08-29,Malda,"Darjeeling, Jalpaiguri",0.09877684411167222
2014-08-29,Malda,Jalpaiguri,0.12416855367043937
2014-08-29,Malda,Murshidabad,0.1921535889873598
2014-08-29,Malda,Uttar Dinajpur,0.18746605996873097
2014-08-29,Murshidabad,Bardhaman,0.19933281923480853
2014-08-29,Murshidabad,Birbhum,0.22624808116028447
2014-08-29,Murshidabad,Dakshin Dinajpur,0.15823656131421798
2014-08-29,Murshidabad,Malda,0.20151257977939158
2014-08-29,Murshidabad,Nadia,0.21466995266813516
2014-08-29,Nadia,Bardhaman,0.18367036383207522
2014-08-29,Nadia,Burdwan,0.1817151970545246
2014-08-29,Nadia,Hooghly,0.18995519837187852
2014-08-29,Nadia,Murshidabad,0.1747520078406157
2014-08-29,Nadia,North 24 Parganas,0.2699072281442816
2014-08-29,North 24 Parganas,Hooghly,0.25780791472945747
2014-08-29,North 24 Parganas,Howrah,0.2602447399130593
2014-08-29,North 24 Parganas,Nadia,0.2072914447844172
2014-08-29,North 24 Parganas,South 24 Parganas,0.2746558943471131
2014-08-29,Paschim Medinipur,Bankura,0.20969249791251784
2014-08-29,Paschim Medinipur,Howrah,0.20028493193087257
2014-08-29,Paschim Medinipur,Purba Medinipur,0.25288409347401003
2014-08-29,Paschim Medinipur,Purulia,0.14721054617245763
2014-08-29,Paschim Medinipur,South 24 Parganas,0.1899279245957821
2014-08-29,Purba Medinipur,Hooghly,0.2123619515104214
2014-08-29,Purba Medinipur,Howrah,0.25516706925375043
2014-08-29,Purba Medinipur,Paschim Medinipur,0.2870184526012324
2014-08-29,Purba Medinipur,South 24 Parganas,0.24545251992191405
2014-08-29,Purulia,Bankura,0.3183122597754093
2014-08-29,Purulia,Bardhaman,0.22482570947135525
2014-08-29,Purulia,Birbhum,0.23315031982693915
2014-08-29,Purulia,Paschim Medinipur,0.22371170193841086
2014-08-29,South 24 Parganas,Hooghly,0.19196556720693989
2014-08-29,South 24 Parganas,Howrah,0.2232249638171755
2014-08-29,South 24 Parganas,North 24 Parganas,0.3056265864556091
2014-08-29,South 24 Parganas,Paschim Medinipur,0.13054162143314657
2014-08-29,South 24 Parganas,Purba Medinipur,0.1486412570220598
2014-08-29,Uttar Dinajpur,Dakshin Dinajpur,0.2839256384679874
2014-08-29,Uttar Dinajpur,"Darjeeling, Jalpaiguri",0.212022328279448
2014-08-29,Uttar Dinajpur,Jalpaiguri,0.2519237454218101
2014-08-29,Uttar Dinajpur,Malda,0.2521282803371082
2014-09-22,Bankura,Bardhaman,0.21351109818178826
2014-09-22,Bankura,Birbhum,0.1790119624134814
2014-09-22,Bankura,Burdwan,0.21755421218043816
2014-09-22,Bankura,Paschim Medinipur,0.19506894452913584
2014-09-22,Bankura,Purulia,0.1948537771932525
2014-09-22,Bardhaman,Bankura,0.17013964033613227
2014-09-22,Bardhaman,Birbhum,0.171573882907198
2014-09-22,Bardhaman,Burdwan,0.22975946405304234
2014-09-22,Bardhaman,Murshidabad,0.14956463322964195
2014-09-22,Bardhaman,Nadia,0.16929271642234767
2014-09-22,Bardhaman,Purulia,0.10966965866736032
2014-09-22,Birbhum,Bankura,0.16212325386292975
2014-09-22,Birbhum,Bardhaman,0.19499765196947846
2014-09-22,Birbhum,Burdwan,0.17672467415333593
2014-09-22,Birbhum,Malda,0.1439612450167808
2014-09-22,Birbhum,Murshidabad,0.19293597214944838
2014-09-22,Birbhum,Purulia,0.1292571978651946
2014-09-22,Burdwan,Bankura,0.19185264976856647
2014-09-22,Burdwan,Bardhaman,0.2542662154374979
2014-09-22,Burdwan,Birbhum,0.17208152139158028
2014-09-22,Burdwan,Hooghly,0.19644401939778425
2014-09-22,Burdwan,Nadia,0.18535558915265493
2014-09-22,Dakshin Dinajpur,"Darjeeling, Jalpaiguri",0.14430313266579103
2014-09-22,Dakshin Dinajpur,Jalpaiguri,0.18391716855299522
2014-09-22,Dakshin Dinajpur,Malda,0.2654300951929455
2014-09-22,Dakshin Dinajpur,Murshidabad,0.1693749906193731
2014-09-22,Dakshin Dinajpur,Uttar Dinajpur,0.2369746067144268
2014-09-22,"Darjeeling, Jalpaiguri",Dakshin Dinajpur,0.20196852756760714
2014-09-22,"Darjeeling, Jalpaiguri",Jalpaiguri,0.3951654797625374
2014-09-22,"Darjeeling, Jalpaiguri",Malda,0.1551883789121938
2014-09-22,"Darjeeling, Jalpaiguri",Uttar Dinajpur,0.2476776050038271
2014-09-22,Hooghly,Burdwan,0.146175434487049
2014-09-22,Hooghly,Howrah,0.17014878764298227
2014-09-22,Hooghly,Nadia,0.14417873198131168
2014-09-22,Hooghly,North 24 Parganas,0.2547882531691998
2014-09-22,Hooghly,Purba Medinipur,0.11421667947702059
2014-09-22,Hooghly,South 24 Parganas,0.17049210963209027
2014-09-22,Howrah,Hooghly,0.192236685167741
2014-09-22,Howrah,North 24 Parganas,0.29058455393524385
2014-09-22,Howrah,Paschim Medinipur,0.13813280013132057
2014-09-22,Howrah,Purba Medinipur,0.15505467253707106
2014-09-22,Howrah,South 24 Parganas,0.22399128414959912
2014-09-22,Jalpaiguri,Dakshin Dinajpur,0.22541539988239107
2014-09-22,Jalpaiguri,"Darjeeling, Jalpaiguri",0.3460448335733828
2014-09-22,Jalpaiguri,Malda,0.17083192824864296
2014-09-22,Jalpaiguri,Uttar Dinajpur,0.25770783062988534
2014-09-22,Malda,Birbhum,0.16097692543753453
2014-09-22,Malda,Dakshin Dinajpur,0.23645802225247897
2014-09-22,Malda,"Darjeeling, Jalpaiguri",0.0987768441116722
2014-09-22,Malda,Jalpaiguri,0.12416855367043937
2014-09-22,Malda,Murshidabad,0.1921535889873598
2014-09-22,Malda,Uttar Dinajpur,0.18746605996873095
2014-09-22,Murshidabad,Bardhaman,0.19933281923480856
2014-09-22,Murshidabad,Birbhum,0.2262480811602845
2014-09-22,Murshidabad,Dakshin Dinajpur,0.158236561314218
2014-09-22,Murshidabad,Malda,0.2015125797793916
2014-09-22,Murshidabad,Nadia,0.21466995266813518
2014-09-22,Nadia,Bardhaman,0.18367036384048915
2014-09-22,Nadia,Burdwan,0.181715197062849
2014-09-22,Nadia,Hooghly,0.1899551983805804
2014-09-22,Nadia,Murshidabad,0.17475200784862113
2014-09-22,Nadia,North 24 Parganas,0.2699072281108359
2014-09-22,North 24 Parganas,Hooghly,0.2578079147294574
2014-09-22,North 24 Parganas,Howrah,0.26024473991305924
2014-09-22,North 24 Parganas,Nadia,0.20729144478441722
2014-09-22,North 24 Parganas,South 24 Parganas,0.27465589434711307
2014-09-22,Paschim Medinipur,Bankura,0.20969249791251782
2014-09-22,Paschim Medinipur,Howrah,0.20028493193087257
2014-09-22,Paschim Medinipur,Purba Medinipur,0.25288409347401003
2014-09-22,Paschim Medinipur,Purulia,0.14721054617245763
2014-09-22,Paschim Medinipur,South 24 Parganas,0.18992792459578206
2014-09-22,Purba Medinipur,Hooghly,0.21236195151042142
2014-09-22,Purba Medinipur,Howrah,0.2551670692537505
2014-09-22,Purba Medinipur,Paschim Medinipur,0.28701845260123243
2014-09-22,Purba Medinipur,South 24 Parganas,0.24545251992191408
2014-09-22,Purulia,Bankura,0.31831225977540933
2014-09-22,Purulia,Bardhaman,0.2248257094713553
2014-09-22,Purulia,Birbhum,0.23315031982693918
2014-09-22,Purulia,Paschim Medinipur,0.22371170193841092
2014-09-22,South 24 Parganas,Hooghly,0.19196556721689767
2014-09-22,South 24 Parganas,Howrah,0.2232249638287548
2014-09-22,South 24 Parganas,North 24 Parganas,0.3056265864195902
2014-09-22,South 24 Parganas,Paschim Medinipur,0.13054162143991815
2014-09-22,South 24 Parganas,Purba Medinipur,0.14864125702977024
2014-09-22,Uttar Dinajpur,Dakshin Dinajpur,0.2839256384679874
2014-09-22,Uttar Dinajpur,"Darjeeling, Jalpaiguri",0.21202232827944797
2014-09-22,Uttar Dinajpur,Jalpaiguri,0.25192374542181006
2014-09-22,Uttar Dinajpur,Malda,0.2521282803371082
2014-09-29,Bankura,Bardhaman,0.2135110981817883
2014-09-29,Bankura,Birbhum,0.17901196241348144
2014-09-29,Bankura,Burdwan,0.2175542121804382
2014-09-29,Bankura,Paschim Medinipur,0.19506894452913587
2014-09-29,Bankura,Purulia,0.19485377719325253
2014-09-29,Bardhaman,Bankura,0.17013964033613224
2014-09-29,Bardhaman,Birbhum,0.17157388290719797
2014-09-29,Bardhaman,Burdwan,0.22975946405304237
2014-09-29,Bardhaman,Murshidabad,0.14956463322964195
2014-09-29,Bardhaman,Nadia,0.16929271642234767
2014-09-29,Bardhaman,Purulia,0.10966965866736032
2014-09-29,Birbhum,Bankura,0.16212325386292978
2014-09-29,Birbhum,Bardhaman,0.19499765196947846
2014-09-29,Birbhum,Burdwan,0.1767246741533359
2014-09-29,Birbhum,Malda,0.1439612450167808
2014-09-29,Birbhum,Murshidabad,0.1929359721494484
2014-09-29,Birbhum,Purulia,0.1292571978651946
2014-09-29,Burdwan,Bankura,0.16853558994787965
2014-09-29,Burdwan,Bardhaman,0.223363642223692
2014-09-29,Burdwan,Birbhum,0.15116737121871315
2014-09-29,Burdwan,Hooghly,0.2941052343540261
2014-09-29,Burdwan,Nadia,0.1628281579934569
2014-09-29,Dakshin Dinajpur,"Darjeeling, Jalpaiguri",0.14430313266579106
2014-09-29,Dakshin Dinajpur,Jalpaiguri,0.18391716855299525
2014-09-29,Dakshin Dinajpur,Malda,0.2654300951929455
2014-09-29,Dakshin Dinajpur,Murshidabad,0.1693749906193731
2014-09-29,Dakshin Dinajpur,Uttar Dinajpur,0.23697460671442683
2014-09-29,"Darjeeling, Jalpaiguri",Dakshin Dinajpur,0.20196852756760714
2014-09-29,"Darjeeling, Jalpaiguri",Jalpaiguri,0.3951654797625374
2014-09-29,"Darjeeling, Jalpaiguri",Malda,0.15518837891219384
2014-09-29,"Darjeeling, Jalpaiguri",Uttar Dinajpur,0.24767760500382713
2014-09-29,Hooghly,Burdwan,0.16337724687849428
2014-09-29,Hooghly,Howrah,0.19017176574417452
2014-09-29,Hooghly,Nadia,0.1611455739618548
2014-09-29,Hooghly,North 24 Parganas,0.16709230955276136
2014-09-29,Hooghly,Purba Medinipur,0.127657610227335
2014-09-29,Hooghly,South 24 Parganas,0.1905554896001709
2014-09-29,Howrah,Hooghly,0.3226853539312161
2014-09-29,Howrah,North 24 Parganas,0.16793270076874287
2014-09-29,Howrah,Paschim Medinipur,0.13605035581622618
2014-09-29,Howrah,Purba Medinipur,0.15271711968179935
2014-09-29,Howrah,South 24 Parganas,0.22061446578448543
2014-09-29,Jalpaiguri,Dakshin Dinajpur,0.22541539988239104
2014-09-29,Jalpaiguri,"Darjeeling, Jalpaiguri",0.3460448335733827
2014-09-29,Jalpaiguri,Malda,0.17083192824864296
2014-09-29,Jalpaiguri,Uttar Dinajpur,0.25770783062988534
2014-09-29,Malda,Birbhum,0.16097692543753456
2014-09-29,Malda,Dakshin Dinajpur,0.23645802225247903
2014-09-29,Malda,"Darjeeling, Jalpaiguri",0.09877684411167223
2014-09-29,Malda,Jalpaiguri,0.1241685536704394
2014-09-29,Malda,Murshidabad,0.19215358898735982
2014-09-29,Malda,Uttar Dinajpur,0.187466059968731
2014-09-29,Murshidabad,Bardhaman,0.19933281923480856
2014-09-29,Murshidabad,Birbhum,0.2262480811602845
2014-09-29,Murshidabad,Dakshin Dinajpur,0.15823656131421798
2014-09-29,Murshidabad,Malda,0.20151257977939158
2014-09-29,Murshidabad,Nadia,0.21466995266813516
2014-09-29,Nadia,Bardhaman,0.1796736421697208
2014-09-29,Nadia,Burdwan,0.17776102040188385
2014-09-29,Nadia,Hooghly,0.316691631151663
2014-09-29,Nadia,Murshidabad,0.17094935225315752
2014-09-29,Nadia,North 24 Parganas,0.154924349370456
2014-09-29,North 24 Parganas,Hooghly,0.3718584032885545
2014-09-29,North 24 Parganas,Howrah,0.22025369134077452
2014-09-29,North 24 Parganas,Nadia,0.1754375743094093
2014-09-29,North 24 Parganas,South 24 Parganas,0.23245032579203265
2014-09-29,Paschim Medinipur,Bankura,0.20969249791251782
2014-09-29,Paschim Medinipur,Howrah,0.20028493193087255
2014-09-29,Paschim Medinipur,Purba Medinipur,0.25288409347401
2014-09-29,Paschim Medinipur,Purulia,0.1472105461724576
2014-09-29,Paschim Medinipur,South 24 Parganas,0.18992792459578206
2014-09-29,Purba Medinipur,Hooghly,0.3148361434973744
2014-09-29,Purba Medinipur,Howrah,0.2219690295023698
2014-09-29,Purba Medinipur,Paschim Medinipur,0.2496764475113831
2014-09-29,Purba Medinipur,South 24 Parganas,0.2135183736495322
2014-09-29,Purulia,Bankura,0.3183122597754093
2014-09-29,Purulia,Bardhaman,0.22482570947135527
2014-09-29,Purulia,Birbhum,0.23315031982693912
2014-09-29,Purulia,Paschim Medinipur,0.22371170193841086
2014-09-29,South 24 Parganas,Hooghly,0.324276553621156
2014-09-29,South 24 Parganas,Howrah,0.2212558971957622
2014-09-29,South 24 Parganas,North 24 Parganas,0.17774733788846234
2014-09-29,South 24 Parganas,Paschim Medinipur,0.12939011424921126
2014-09-29,South 24 Parganas,Purba Medinipur,0.14733009301619723
2014-09-29,Uttar Dinajpur,Dakshin Dinajpur,0.2839256384679874
2014-09-29,Uttar Dinajpur,"Darjeeling, Jalpaiguri",0.212022328279448
2014-09-29,Uttar Dinajpur,Jalpaiguri,0.2519237454218101
2014-09-29,Uttar Dinajpur,Malda,0.2521282803371082
2014-10-07,Bankura,Bardhaman,0.21351109818178826
2014-10-07,Bankura,Birbhum,0.17901196241348144
2014-10-07,Bankura,Burdwan,0.21755421218043816
2014-10-07,Bankura,Paschim Medinipur,0.19506894452913584
2014-10-07,Bankura,Purulia,0.19485377719325253
2014-10-07,Bardhaman,Bankura,0.17013964033613221
2014-10-07,Bardhaman,Birbhum,0.17157388290719797
2014-10-07,Bardhaman,Burdwan,0.2297594640530423
2014-10-07,Bardhaman,Murshidabad,0.1495646332296419
2014-10-07,Bardhaman,Nadia,0.1692927164223476
2014-10-07,Bardhaman,Purulia,0.1096696586673603
2014-10-07,Birbhum,Bankura,0.16212325386292975
2014-10-07,Birbhum,Bardhaman,0.19499765196947846
2014-10-07,Birbhum,Burdwan,0.17672467415333593
2014-10-07,Birbhum,Malda,0.1439612450167808
2014-10-07,Birbhum,Murshidabad,0.1929359721494484
2014-10-07,Birbhum,Purulia,0.1292571978651946
2014-10-07,Burdwan,Bankura,0.19185264976856647
2014-10-07,Burdwan,Bardhaman,0.2542662154374979
2014-10-07,Burdwan,Birbhum,0.17208152139158028
2014-10-07,Burdwan,Hooghly,0.19644401939778428
2014-10-07,Burdwan,Nadia,0.18535558915265496
2014-10-07,Dakshin Dinajpur,"Darjeeling, Jalpaiguri",0.14430313266579103
2014-10-07,Dakshin Dinajpur,Jalpaiguri,0.18391716855299525
2014-10-07,Dakshin Dinajpur,Malda,0.2654300951929455
2014-10-07,Dakshin Dinajpur,Murshidabad,0.1693749906193731
2014-10-07,Dakshin Dinajpur,Uttar Dinajpur,0.2369746067144268
2014-10-07,"Darjeeling, Jalpaiguri",Dakshin Dinajpur,0.20196852756760714
2014-10-07,"Darjeeling, Jalpaiguri",Jalpaiguri,0.39516547976253746
2014-10-07,"Darjeeling, Jalpaiguri",Malda,0.15518837891219384
2014-10-07,"Darjeeling, Jalpaiguri",Uttar Dinajpur,0.24767760500382713
2014-10-07,Hooghly,Burdwan,0.14617543454880888
2014-10-07,Hooghly,Howrah,0.17014878771487102
2014-10-07,Hooghly,Nadia,0.14417873204222795
2014-10-07,Hooghly,North 24 Parganas,0.2547882528543438
2014-10-07,Hooghly,Purba Medinipur,0.11421667952527773
2014-10-07,Hooghly,South 24 Parganas,0.17049210970412407
2014-10-07,Howrah,Hooghly,0.19223668526037319
2014-10-07,Howrah,North 24 Parganas,0.2905845535934015
2014-10-07,Howrah,Paschim Medinipur,0.13813280019788193
2014-10-07,Howrah,Purba Medinipur,0.1550546726117865
2014-10-07,Howrah,South 24 Parganas,0.2239912842575327
2014-10-07,Jalpaiguri,Dakshin Dinajpur,0.22541539988239107
2014-10-07,Jalpaiguri,"Darjeeling, Jalpaiguri",0.3460448335733828
2014-10-07,Jalpaiguri,Malda,0.17083192824864296
2014-10-07,Jalpaiguri,Uttar Dinajpur,0.2577078306298853
2014-10-07,Malda,Birbhum,0.16097692543753453
2014-10-07,Malda,Dakshin Dinajpur,0.236458022252479
2014-10-07,Malda,"Darjeeling, Jalpaiguri",0.09877684411167222
2014-10-07,Malda,Jalpaiguri,0.12416855367043939
2014-10-07,Malda,Murshidabad,0.1921535889873598
2014-10-07,Malda,Uttar Dinajpur,0.18746605996873097
2014-10-07,Murshidabad,Bardhaman,0.19933281923480856
2014-10-07,Murshidabad,Birbhum,0.2262480811602845
2014-10-07,Murshidabad,Dakshin Dinajpur,0.158236561314218
2014-10-07,Murshidabad,Malda,0.20151257977939158
2014-10-07,Murshidabad,Nadia,0.21466995266813516
2014-10-07,Nadia,Bardhaman,0.18367036392269573
2014-10-07,Nadia,Burdwan,0.1817151971441805
2014-10-07,Nadia,Hooghly,0.1899551984655999
2014-10-07,Nadia,Murshidabad,0.174752007926836
2014-10-07,Nadia,North 24 Parganas,0.2699072277840635
2014-10-07,North 24 Parganas,Hooghly,0.2578079147294574
2014-10-07,North 24 Parganas,Howrah,0.2602447399130593
2014-10-07,North 24 Parganas,Nadia,0.20729144478441722
2014-10-07,North 24 Parganas,South 24 Parganas,0.27465589434711307
2014-10-07,Paschim Medinipur,Bankura,0.20969249791251784
2014-10-07,Paschim Medinipur,Howrah,0.20028493193087257
2014-10-07,Paschim Medinipur,Purba Medinipur,0.25288409347401003
2014-10-07,Paschim Medinipur,Purulia,0.14721054617245763
2014-10-07,Paschim Medinipur,South 24 Parganas,0.1899279245957821
2014-10-07,Purba Medinipur,Hooghly,0.2123619515104214
2014-10-07,Purba Medinipur,Howrah,0.25516706925375043
2014-10-07,Purba Medinipur,Paschim Medinipur,0.28701845260123243
2014-10-07,Purba Medinipur,South 24 Parganas,0.24545251992191405
2014-10-07,Purulia,Bankura,0.3183122597754094
2014-10-07,Purulia,Bardhaman,0.22482570947135533
2014-10-07,Purulia,Birbhum,0.23315031982693918
2014-10-07,Purulia,Paschim Medinipur,0.22371170193841092
2014-10-07,South 24 Parganas,Hooghly,0.19196556731418746
2014-10-07,South 24 Parganas,Howrah,0.22322496394188707
2014-10-07,South 24 Parganas,North 24 Parganas,0.3056265860676758
2014-10-07,South 24 Parganas,Paschim Medinipur,0.13054162150607773
2014-10-07,South 24 Parganas,Purba Medinipur,0.14864125710510287
2014-10-07,Uttar Dinajpur,Dakshin Dinajpur,0.28392563846798746
2014-10-07,Uttar Dinajpur,"Darjeeling, Jalpaiguri",0.212022328279448
2014-10-07,Uttar Dinajpur,Jalpaiguri,0.2519237454218101
2014-10-07,Uttar Dinajpur,Malda,0.2521282803371082
2014-10-28,Bankura,Bardhaman,0.18960663805247535
2014-10-28,Bankura,Birbhum,0.2709288509417789
2014-10-28,Bankura,Burdwan,0.19319708959843765
2014-10-28,Bankura,Paschim Medinipur,0.1732292469833264
2014-10-28,Bankura,Purulia,0.17303816953806495
2014-10-28,Bardhaman,Bankura,0.15179715575488842
2014-10-28,Bardhaman,Birbhum,0.26088518772395897
2014-10-28,Bardhaman,Burdwan,0.20498946090467682
2014-10-28,Bardhaman,Murshidabad,0.13344030750816877
2014-10-28,Bardhaman,Nadia,0.15104153736402248
2014-10-28,Bardhaman,Purulia,0.09784634683266892
2014-10-28,Birbhum,Bankura,0.16212325386292975
2014-10-28,Birbhum,Bardhaman,0.19499765196947846
2014-10-28,Birbhum,Burdwan,0.1767246741533359
2014-10-28,Birbhum,Malda,0.1439612450167808
2014-10-28,Birbhum,Murshidabad,0.19293597214944838
2014-10-28,Birbhum,Purulia,0.1292571978651946
2014-10-28,Burdwan,Bankura,0.17111473885898879
2014-10-28,Burdwan,Bardhaman,0.22678184068729704
2014-10-28,Burdwan,Birbhum,0.2615736377135907
2014-10-28,Burdwan,Hooghly,0.1752098139911615
2014-10-28,Burdwan,Nadia,0.16531996442150343
2014-10-28,Dakshin Dinajpur,"Darjeeling, Jalpaiguri",0.14430313266579106
2014-10-28,Dakshin Dinajpur,Jalpaiguri,0.18391716855299525
2014-10-28,Dakshin Dinajpur,Malda,0.2654300951929455
2014-10-28,Dakshin Dinajpur,Murshidabad,0.16937499061937314
2014-10-28,Dakshin Dinajpur,Uttar Dinajpur,0.23697460671442683
2014-10-28,"Darjeeling, Jalpaiguri",Dakshin Dinajpur,0.20196852756760716
2014-10-28,"Darjeeling, Jalpaiguri",Jalpaiguri,0.3951654797625375
2014-10-28,"Darjeeling, Jalpaiguri",Malda,0.15518837891219384
2014-10-28,"Darjeeling, Jalpaiguri",Uttar Dinajpur,0.2476776050038271
2014-10-28,Hooghly,Burdwan,0.16337724687849428
2014-10-28,Hooghly,Howrah,0.19017176574417452
2014-10-28,Hooghly,Nadia,0.1611455739618548
2014-10-28,Hooghly,North 24 Parganas,0.16709230955276136
2014-10-28,Hooghly,Purba Medinipur,0.127657610227335
2014-10-28,Hooghly,South 24 Parganas,0.19055548960017088
2014-10-28,Howrah,Hooghly,0.21847098820601732
2014-10-28,Howrah,North 24 Parganas,0.1937715040438707
2014-10-28,Howrah,Paschim Medinipur,0.15698361278972997
2014-10-28,Howrah,Purba Medinipur,0.17621479222644665
2014-10-28,Howrah,South 24 Parganas,0.2545590980982519
2014-10-28,Jalpaiguri,Dakshin Dinajpur,0.22541539988239104
2014-10-28,Jalpaiguri,"Darjeeling, Jalpaiguri",0.3460448335733827
2014-10-28,Jalpaiguri,Malda,0.17083192824864293
2014-10-28,Jalpaiguri,Uttar Dinajpur,0.2577078306298853
2014-10-28,Malda,Birbhum,0.2464128389856277
2014-10-28,Malda,Dakshin Dinajpur,0.21238001086113453
2014-10-28,Malda,"Darjeeling, Jalpaiguri",0.08871861070911755
2014-10-28,Malda,Jalpaiguri,0.11152473714332953
2014-10-28,Malda,Murshidabad,0.17258700266285262
2014-10-28,Malda,Uttar Dinajpur,0.16837679463351674
2014-10-28,Murshidabad,Bardhaman,0.17193627599513783
2014-10-28,Murshidabad,Birbhum,0.33259347868511285
2014-10-28,Murshidabad,Dakshin Dinajpur,0.13648833736001248
2014-10-28,Murshidabad,Malda,0.1738164476198378
2014-10-28,Murshidabad,Nadia,0.1851654552998281
2014-10-28,Nadia,Bardhaman,0.20672813555487243
2014-10-28,Nadia,Burdwan,0.2045275193303007
2014-10-28,Nadia,Hooghly,0.21380196118235514
2014-10-28,Nadia,Murshidabad,0.1966901791428371
2014-10-28,Nadia,North 24 Parganas,0.17825219943586906
2014-10-28,North 24 Parganas,Hooghly,0.2578079147294574
2014-10-28,North 24 Parganas,Howrah,0.2602447399130593
2014-10-28,North 24 Parganas,Nadia,0.2072914447844172
2014-10-28,North 24 Parganas,South 24 Parganas,0.2746558943471131
2014-10-28,Paschim Medinipur,Bankura,0.20969249791251782
2014-10-28,Paschim Medinipur,Howrah,0.20028493193087257
2014-10-28,Paschim Medinipur,Purba Medinipur,0.25288409347401003
2014-10-28,Paschim Medinipur,Purulia,0.14721054617245763
2014-10-28,Paschim Medinipur,South 24 Parganas,0.18992792459578206
2014-10-28,Purba Medinipur,Hooghly,0.21236195151042142
2014-10-28,Purba Medinipur,Howrah,0.2551670692537505
2014-10-28,Purba Medinipur,Paschim Medinipur,0.2870184526012325
2014-10-28,Purba Medinipur,South 24 Parganas,0.24545251992191408
2014-10-28,Purulia,Bankura,0.27341661027402525
2014-10-28,Purulia,Bardhaman,0.19311566393792926
2014-10-28,Purulia,Birbhum,0.34130893893130426
2014-10-28,Purulia,Paschim Medinipur,0.19215877913653237
2014-10-28,South 24 Parganas,Hooghly,0.21971499707324385
2014-10-28,South 24 Parganas,Howrah,0.255493070894813
2014-10-28,South 24 Parganas,North 24 Parganas,0.20525199000829616
2014-10-28,South 24 Parganas,Paschim Medinipur,0.14941196167852858
2014-10-28,South 24 Parganas,Purba Medinipur,0.1701279756924266
2014-10-28,Uttar Dinajpur,Dakshin Dinajpur,0.28392563846798746
2014-10-28,Uttar Dinajpur,"Darjeeling, Jalpaiguri",0.212022328279448
2014-10-28,Uttar Dinajpur,Jalpaiguri,0.2519237454218101
2014-10-28,Uttar Dinajpur,Malda,0.25212828033710827
2014-10-31,Bankura,Bardhaman,0.1896066382116492
2014-10-31,Bankura,Birbhum,0.27092885032972724
2014-10-31,Bankura,Burdwan,0.19319708976062563
2014-10-31,Bankura,Paschim Medinipur,0.17322924712875148
2014-10-31,Bankura,Purulia,0.17303816968332963
2014-10-31,Bardhaman,Bankura,0.1517971558775973
2014-10-31,Bardhaman,Birbhum,0.26088518712647785
2014-10-31,Bardhaman,Burdwan,0.204989461070385
2014-10-31,Bardhaman,Murshidabad,0.13344030761603842
2014-10-31,Bardhaman,Nadia,0.1510415374861205
2014-10-31,Bardhaman,Purulia,0.09784634691176537
2014-10-31,Birbhum,Bankura,0.16212325386292975
2014-10-31,Birbhum,Bardhaman,0.19499765196947846
2014-10-31,Birbhum,Burdwan,0.1767246741533359
2014-10-31,Birbhum,Malda,0.1439612450167808
2014-10-31,Birbhum,Murshidabad,0.1929359721494484
2014-10-31,Birbhum,Purulia,0.12925719786519463
2014-10-31,Burdwan,Bankura,0.17111473899767857
2014-10-31,Burdwan,Bardhaman,0.22678184087110542
2014-10-31,Burdwan,Birbhum,0.26157363711509085
2014-10-31,Burdwan,Hooghly,0.17520981413317036
2014-10-31,Burdwan,Nadia,0.16531996455549647
2014-10-31,Dakshin Dinajpur,"Darjeeling, Jalpaiguri",0.14430313266579103
2014-10-31,Dakshin Dinajpur,Jalpaiguri,0.18391716855299525
2014-10-31,Dakshin Dinajpur,Malda,0.2654300951929455
2014-10-31,Dakshin Dinajpur,Murshidabad,0.1693749906193731
2014-10-31,Dakshin Dinajpur,Uttar Dinajpur,0.23697460671442683
2014-10-31,"Darjeeling, Jalpaiguri",Dakshin Dinajpur,0.2019685275676072
2014-10-31,"Darjeeling, Jalpaiguri",Jalpaiguri,0.3951654797625375
2014-10-31,"Darjeeling, Jalpaiguri",Malda,0.15518837891219386
2014-10-31,"Darjeeling, Jalpaiguri",Uttar Dinajpur,0.24767760500382716
2014-10-31,Hooghly,Burdwan,0.16337724687849428
2014-10-31,Hooghly,Howrah,0.19017176574417455
2014-10-31,Hooghly,Nadia,0.16114557396185483
2014-10-31,Hooghly,North 24 Parganas,0.16709230955276136
2014-10-31,Hooghly,Purba Medinipur,0.12765761022733502
2014-10-31,Hooghly,South 24 Parganas,0.19055548960017088
2014-10-31,Howrah,Hooghly,0.2184709882060173
2014-10-31,Howrah,North 24 Parganas,0.19377150404387067
2014-10-31,Howrah,Paschim Medinipur,0.15698361278972994
2014-10-31,Howrah,Purba Medinipur,0.17621479222644662
2014-10-31,Howrah,South 24 Parganas,0.25455909809825183
2014-10-31,Jalpaiguri,Dakshin Dinajpur,0.2254153998823911
2014-10-31,Jalpaiguri,"Darjeeling, Jalpaiguri",0.34604483357338284
2014-10-31,Jalpaiguri,Malda,0.170831928248643
2014-10-31,Jalpaiguri,Uttar Dinajpur,0.25770783062988534
2014-10-31,Malda,Birbhum,0.24641283841024117
2014-10-31,Malda,Dakshin Dinajpur,0.21238001102329312
2014-10-31,Malda,"Darjeeling, Jalpaiguri",0.0887186107768569
2014-10-31,Malda,Jalpaiguri,0.11152473722848204
2014-10-31,Malda,Murshidabad,0.17258700279462802
2014-10-31,Malda,Uttar Dinajpur,0.1683767947620775
2014-10-31,Murshidabad,Bardhaman,0.17193627617232982
2014-10-31,Murshidabad,Birbhum,0.3325934779973051
2014-10-31,Murshidabad,Dakshin Dinajpur,0.13648833750067296
2014-10-31,Murshidabad,Malda,0.17381644779896746
2014-10-31,Murshidabad,Nadia,0.1851654554906537
2014-10-31,Nadia,Bardhaman,0.2067281355548724
2014-10-31,Nadia,Burdwan,0.20452751933030064
2014-10-31,Nadia,Hooghly,0.21380196118235512
2014-10-31,Nadia,Murshidabad,0.19669017914283707
2014-10-31,Nadia,North 24 Parganas,0.17825219943586904
2014-10-31,North 24 Parganas,Hooghly,0.2578079147294574
2014-10-31,North 24 Parganas,Howrah,0.26024473991305924
2014-10-31,North 24 Parganas,Nadia,0.2072914447844172
2014-10-31,North 24 Parganas,South 24 Parganas,0.2746558943471131
2014-10-31,Paschim Medinipur,Bankura,0.20969249791251782
2014-10-31,Paschim Medinipur,Howrah,0.20028493193087257
2014-10-31,Paschim Medinipur,Purba Medinipur,0.25288409347401
2014-10-31,Paschim Medinipur,Purulia,0.14721054617245763
2014-10-31,Paschim Medinipur,South 24 Parganas,0.18992792459578206
2014-10-31,Purba Medinipur,Hooghly,0.21236195151042142
2014-10-31,Purba Medinipur,Howrah,0.25516706925375043
2014-10-31,Purba Medinipur,Paschim Medinipur,0.28701845260123243
2014-10-31,Purba Medinipur,South 24 Parganas,0.24545251992191408
2014-10-31,Purulia,Bankura,0.2734166105631834
2014-10-31,Purulia,Bardhaman,0.19311566414216325
2014-10-31,Purulia,Birbhum,0.34130893823469
2014-10-31,Purulia,Paschim Medinipur,0.19215877933975437
2014-10-31,South 24 Parganas,Hooghly,0.21971499707324385
2014-10-31,South 24 Parganas,Howrah,0.255493070894813
2014-10-31,South 24 Parganas,North 24 Parganas,0.20525199000829616
2014-10-31,South 24 Parganas,Paschim Medinipur,0.14941196167852858
2014-10-31,South 24 Parganas,Purba Medinipur,0.1701279756924266
2014-10-31,Uttar Dinajpur,Dakshin Dinajpur,0.2839256384679874
2014-10-31,Uttar Dinajpur,"Darjeeling, Jalpaiguri",0.212022328279448
2014-10-31,Uttar Dinajpur,Jalpaiguri,0.25192374542181006
2014-10-31,Uttar Dinajpur,Malda,0.2521282803371082
2014-11-13,Bankura,Bardhaman,0.2135110981817883
2014-11-13,Bankura,Birbhum,0.17901196241348147
2014-11-13,Bankura,Burdwan,0.21755421218043822
2014-11-13,Bankura,Paschim Medinipur,0.1950689445291359
2014-11-13,Bankura,Purulia,0.19485377719325253
2014-11-13,Bardhaman,Bankura,0.17013964033613227
2014-11-13,Bardhaman,Birbhum,0.17157388290719802
2014-11-13,Bardhaman,Burdwan,0.22975946405304237
2014-11-13,Bardhaman,Murshidabad,0.14956463322964195
2014-11-13,Bardhaman,Nadia,0.16929271642234767
2014-11-13,Bardhaman,Purulia,0.10966965866736034
2014-11-13,Birbhum,Bankura,0.1471989633374657
2014-11-13,Birbhum,Bardhaman,0.17704710175268903
2014-11-13,Birbhum,Burdwan,0.16045624678564768
2014-11-13,Birbhum,Malda,0.22276407419776698
2014-11-13,Birbhum,Murshidabad,0.17517521030583477
2014-11-13,Birbhum,Purulia,0.11735839909645952
2014-11-13,Burdwan,Bankura,0.19185264976856645
2014-11-13,Burdwan,Bardhaman,0.25426621543749783
2014-11-13,Burdwan,Birbhum,0.17208152139158028
2014-11-13,Burdwan,Hooghly,0.19644401939778422
2014-11-13,Burdwan,Nadia,0.1853555891526549
2014-11-13,Dakshin Dinajpur,"Darjeeling, Jalpaiguri",0.1215761448083817
2014-11-13,Dakshin Dinajpur,Jalpaiguri,0.15495117745317816
2014-11-13,Dakshin Dinajpur,Malda,0.3811210091638378
2014-11-13,Dakshin Dinajpur,Murshidabad,0.142699316404659
2014-11-13,Dakshin Dinajpur,Uttar Dinajpur,0.19965234690052128
2014-11-13,"Darjeeling, Jalpaiguri",Dakshin Dinajpur,0.18206917402971085
2014-11-13,"Darjeeling, Jalpaiguri",Jalpaiguri,0.35623100971182675
2014-11-13,"Darjeeling, Jalpaiguri",Malda,0.23842513526930562
2014-11-13,"Darjeeling, Jalpaiguri",Uttar Dinajpur,0.2232746730978113
2014-11-13,Hooghly,Burdwan,0.16337724687849428
2014-11-13,Hooghly,Howrah,0.19017176574417452
2014-11-13,Hooghly,Nadia,0.1611455739618548
2014-11-13,Hooghly,North 24 Parganas,0.16709230955276136
2014-11-13,Hooghly,Purba Medinipur,0.12765761022733502
2014-11-13,Hooghly,South 24 Parganas,0.1905554896001709
2014-11-13,Howrah,Hooghly,0.21847098820601726
2014-11-13,Howrah,North 24 Parganas,0.19377150404387064
2014-11-13,Howrah,Paschim Medinipur,0.15698361278972994
2014-11-13,Howrah,Purba Medinipur,0.17621479222644662
2014-11-13,Howrah,South 24 Parganas,0.2545590980982518
2014-11-13,Jalpaiguri,Dakshin Dinajpur,0.20120752772542436
2014-11-13,Jalpaiguri,"Darjeeling, Jalpaiguri",0.3088822923446383
2014-11-13,Jalpaiguri,Malda,0.25987817215242287
2014-11-13,Jalpaiguri,Uttar Dinajpur,0.23003200093505338
2014-11-13,Malda,Birbhum,0.16097692543753453
2014-11-13,Malda,Dakshin Dinajpur,0.236458022252479
2014-11-13,Malda,"Darjeeling, Jalpaiguri",0.09877684411167222
2014-11-13,Malda,Jalpaiguri,0.12416855367043939
2014-11-13,Malda,Murshidabad,0.19215358898735982
2014-11-13,Malda,Uttar Dinajpur,0.18746605996873097
2014-11-13,Murshidabad,Bardhaman,0.1745592601012157
2014-11-13,Murshidabad,Birbhum,0.1981294289533756
2014-11-13,Murshidabad,Dakshin Dinajpur,0.1385705433254972
2014-11-13,Murshidabad,Malda,0.30075050456368585
2014-11-13,Murshidabad,Nadia,0.1879902579392656
2014-11-13,Nadia,Bardhaman,0.20672813555487243
2014-11-13,Nadia,Burdwan,0.20452751933030067
2014-11-13,Nadia,Hooghly,0.21380196118235514
2014-11-13,Nadia,Murshidabad,0.19669017914283707
2014-11-13,Nadia,North 24 Parganas,0.17825219943586904
2014-11-13,North 24 Parganas,Hooghly,0.2578079147294574
2014-11-13,North 24 Parganas,Howrah,0.2602447399130593
2014-11-13,North 24 Parganas,Nadia,0.2072914447844172
2014-11-13,North 24 Parganas,South 24 Parganas,0.27465589434711307
2014-11-13,Paschim Medinipur,Bankura,0.20969249791251784
2014-11-13,Paschim Medinipur,Howrah,0.2002849319308726
2014-11-13,Paschim Medinipur,Purba Medinipur,0.25288409347401003
2014-11-13,Paschim Medinipur,Purulia,0.14721054617245763
2014-11-13,Paschim Medinipur,South 24 Parganas,0.1899279245957821
2014-11-13,Purba Medinipur,Hooghly,0.2123619515104214
2014-11-13,Purba Medinipur,Howrah,0.25516706925375043
2014-11-13,Purba Medinipur,Paschim Medinipur,0.28701845260123243
2014-11-13,Purba Medinipur,South 24 Parganas,0.24545251992191408
2014-11-13,Purulia,Bankura,0.3183122597754093
2014-11-13,Purulia,Bardhaman,0.22482570947135533
2014-11-13,Purulia,Birbhum,0.23315031982693918
2014-11-13,Purulia,Paschim Medinipur,0.2237117019384109
2014-11-13,South 24 Parganas,Hooghly,0.21971499707324382
2014-11-13,South 24 Parganas,Howrah,0.25549307089481293
2014-11-13,South 24 Parganas,North 24 Parganas,0.20525199000829614
2014-11-13,South 24 Parganas,Paschim Medinipur,0.14941196167852858
2014-11-13,South 24 Parganas,Purba Medinipur,0.1701279756924266
2014-11-13,Uttar Dinajpur,Dakshin Dinajpur,0.24111186612833493
2014-11-13,Uttar Dinajpur,"Darjeeling, Jalpaiguri",0.18005101444227636
2014-11-13,Uttar Dinajpur,Jalpaiguri,0.2139356090152487
2014-11-13,Uttar Dinajpur,Malda,0.36490150405047717
2015-08-02,Bankura,Bardhaman,0.2135110981817883
2015-08-02,Bankura,Birbhum,0.17901196241348144
2015-08-02,Bankura,Burdwan,0.2175542121804382
2015-08-02,Bankura,Paschim Medinipur,0.19506894452913587
2015-08-02,Bankura,Purulia,0.19485377719325253
2015-08-02,Bardhaman,Bankura,0.1539258748970863
2015-08-02,Bardhaman,Birbhum,0.15522343872248168
2015-08-02,Bardhaman,Burdwan,0.2078641194396577
2015-08-02,Bardhaman,Murshidabad,0.23060841309565164
2015-08-02,Bardhaman,Nadia,0.15315966013289023
2015-08-02,Bardhaman,Purulia,0.09921848974576254
2015-08-02,Birbhum,Bankura,0.14272916907383865
2015-08-02,Birbhum,Bardhaman,0.17167094894656024
2015-08-02,Birbhum,Burdwan,0.15558388630712067
2015-08-02,Birbhum,Malda,0.12673980067938106
2015-08-02,Birbhum,Murshidabad,0.2894814572258368
2015-08-02,Birbhum,Purulia,0.11379473338050476
2015-08-02,Burdwan,Bankura,0.19185264976856647
2015-08-02,Burdwan,Bardhaman,0.2542662154374979
2015-08-02,Burdwan,Birbhum,0.17208152139158028
2015-08-02,Burdwan,Hooghly,0.19644401939778425
2015-08-02,Burdwan,Nadia,0.18535558915265493
2015-08-02,Dakshin Dinajpur,"Darjeeling, Jalpaiguri",0.12892417219889366
2015-08-02,Dakshin Dinajpur,Jalpaiguri,0.16431638226299156
2015-08-02,Dakshin Dinajpur,Malda,0.23714215115952522
2015-08-02,Dakshin Dinajpur,Murshidabad,0.25789801119485944
2015-08-02,Dakshin Dinajpur,Uttar Dinajpur,0.21171927759582557
2015-08-02,"Darjeeling, Jalpaiguri",Dakshin Dinajpur,0.2019685275676072
2015-08-02,"Darjeeling, Jalpaiguri",Jalpaiguri,0.3951654797625375
2015-08-02,"Darjeeling, Jalpaiguri",Malda,0.15518837891219386
2015-08-02,"Darjeeling, Jalpaiguri",Uttar Dinajpur,0.24767760500382713
2015-08-02,Hooghly,Burdwan,0.1633772468784943
2015-08-02,Hooghly,Howrah,0.19017176574417455
2015-08-02,Hooghly,Nadia,0.1611455739618548
2015-08-02,Hooghly,North 24 Parganas,0.16709230955276136
2015-08-02,Hooghly,Purba Medinipur,0.12765761022733502
2015-08-02,Hooghly,South 24 Parganas,0.1905554896001709
2015-08-02,Howrah,Hooghly,0.21847098820601732
2015-08-02,Howrah,North 24 Parganas,0.19377150404387067
2015-08-02,Howrah,Paschim Medinipur,0.15698361278972997
2015-08-02,Howrah,Purba Medinipur,0.17621479222644665
2015-08-02,Howrah,South 24 Parganas,0.25455909809825183
2015-08-02,Jalpaiguri,Dakshin Dinajpur,0.22541539988239107
2015-08-02,Jalpaiguri,"Darjeeling, Jalpaiguri",0.3460448335733828
2015-08-02,Jalpaiguri,Malda,0.17083192824864296
2015-08-02,Jalpaiguri,Uttar Dinajpur,0.25770783062988534
2015-08-02,Malda,Birbhum,0.14178875239059854
2015-08-02,Malda,Dakshin Dinajpur,0.20827263209805327
2015-08-02,Malda,"Darjeeling, Jalpaiguri",0.08700281393502769
2015-08-02,Malda,Jalpaiguri,0.10936787532265542
2015-08-02,Malda,Murshidabad,0.28844749376734496
2015-08-02,Malda,Uttar Dinajpur,0.16512042757868312
2015-08-02,Murshidabad,Bardhaman,0.19933281923480858
2015-08-02,Murshidabad,Birbhum,0.2262480811602845
2015-08-02,Murshidabad,Dakshin Dinajpur,0.15823656131421798
2015-08-02,Murshidabad,Malda,0.2015125797793916
2015-08-02,Murshidabad,Nadia,0.21466995266813518
2015-08-02,Nadia,Bardhaman,0.18157551163767907
2015-08-02,Nadia,Burdwan,0.17964264451331644
2015-08-02,Nadia,Hooghly,0.18778866450193912
2015-08-02,Nadia,Murshidabad,0.29442893037171874
2015-08-02,Nadia,North 24 Parganas,0.156564244272974
2015-08-02,North 24 Parganas,Hooghly,0.2578079147294574
2015-08-02,North 24 Parganas,Howrah,0.26024473991305924
2015-08-02,North 24 Parganas,Nadia,0.20729144478441722
2015-08-02,North 24 Parganas,South 24 Parganas,0.2746558943471131
2015-08-02,Paschim Medinipur,Bankura,0.20969249791251787
2015-08-02,Paschim Medinipur,Howrah,0.2002849319308726
2015-08-02,Paschim Medinipur,Purba Medinipur,0.2528840934740101
2015-08-02,Paschim Medinipur,Purulia,0.14721054617245766
2015-08-02,Paschim Medinipur,South 24 Parganas,0.18992792459578212
2015-08-02,Purba Medinipur,Hooghly,0.2123619515104214
2015-08-02,Purba Medinipur,Howrah,0.25516706925375043
2015-08-02,Purba Medinipur,Paschim Medinipur,0.28701845260123243
2015-08-02,Purba Medinipur,South 24 Parganas,0.24545251992191403
2015-08-02,Purulia,Bankura,0.31831225977540933
2015-08-02,Purulia,Bardhaman,0.22482570947135533
2015-08-02,Purulia,Birbhum,0.23315031982693918
2015-08-02,Purulia,Paschim Medinipur,0.2237117019384109
2015-08-02,South 24 Parganas,Hooghly,0.21971499707324388
2015-08-02,South 24 Parganas,Howrah,0.255493070894813
2015-08-02,South 24 Parganas,North 24 Parganas,0.2052519900082962
2015-08-02,South 24 Parganas,Paschim Medinipur,0.1494119616785286
2015-08-02,South 24 Parganas,Purba Medinipur,0.1701279756924266
2015-08-02,Uttar Dinajpur,Dakshin Dinajpur,0.2839256384679874
2015-08-02,Uttar Dinajpur,"Darjeeling, Jalpaiguri",0.21202232827944795
2015-08-02,Uttar Dinajpur,Jalpaiguri,0.25192374542181006
2015-08-02,Uttar Dinajpur,Malda,0.2521282803371082
2015-08-27,Bankura,Bardhaman,0.2135110981817883
2015-08-27,Bankura,Birbhum,0.1790119624134814
2015-08-27,Bankura,Burdwan,0.2175542121804382
2015-08-27,Bankura,Paschim Medinipur,0.19506894452913587
2015-08-27,Bankura,Purulia,0.1948537771932525
2015-08-27,Bardhaman,Bankura,0.17013964033613224
2015-08-27,Bardhaman,Birbhum,0.17157388290719797
2015-08-27,Bardhaman,Burdwan,0.22975946405304232
2015-08-27,Bardhaman,Murshidabad,0.14956463322964192
2015-08-27,Bardhaman,Nadia,0.16929271642234764
2015-08-27,Bardhaman,Purulia,0.10966965866736031
2015-08-27,Birbhum,Bankura,0.16212325386292978
2015-08-27,Birbhum,Bardhaman,0.19499765196947846
2015-08-27,Birbhum,Burdwan,0.17672467415333593
2015-08-27,Birbhum,Malda,0.1439612450167808
2015-08-27,Birbhum,Murshidabad,0.19293597214944844
2015-08-27,Birbhum,Purulia,0.12925719786519463
2015-08-27,Burdwan,Bankura,0.16853559017141548
2015-08-27,Burdwan,Bardhaman,0.22336364251994859
2015-08-27,Burdwan,Birbhum,0.1511673714192128
2015-08-27,Burdwan,Hooghly,0.29410523341776806
2015-08-27,Burdwan,Nadia,0.16282815820942273
2015-08-27,Dakshin Dinajpur,"Darjeeling, Jalpaiguri",0.14430313266579106
2015-08-27,Dakshin Dinajpur,Jalpaiguri,0.18391716855299522
2015-08-27,Dakshin Dinajpur,Malda,0.2654300951929455
2015-08-27,Dakshin Dinajpur,Murshidabad,0.16937499061937314
2015-08-27,Dakshin Dinajpur,Uttar Dinajpur,0.23697460671442683
2015-08-27,"Darjeeling, Jalpaiguri",Dakshin Dinajpur,0.20196852756760716
2015-08-27,"Darjeeling, Jalpaiguri",Jalpaiguri,0.39516547976253746
2015-08-27,"Darjeeling, Jalpaiguri",Malda,0.15518837891219384
2015-08-27,"Darjeeling, Jalpaiguri",Uttar Dinajpur,0.2476776050038271
2015-08-27,Hooghly,Burdwan,0.16337724687849428
2015-08-27,Hooghly,Howrah,0.19017176574417452
2015-08-27,Hooghly,Nadia,0.1611455739618548
2015-08-27,Hooghly,North 24 Parganas,0.16709230955276136
2015-08-27,Hooghly,Purba Medinipur,0.127657610227335
2015-08-27,Hooghly,South 24 Parganas,0.19055548960017088
2015-08-27,Howrah,Hooghly,0.3226853529455665
2015-08-27,Howrah,North 24 Parganas,0.1679327010131238
2015-08-27,Howrah,Paschim Medinipur,0.13605035601421092
2015-08-27,Howrah,Purba Medinipur,0.15271711990403808
2015-08-27,Howrah,South 24 Parganas,0.22061446610553048
2015-08-27,Jalpaiguri,Dakshin Dinajpur,0.22541539988239107
2015-08-27,Jalpaiguri,"Darjeeling, Jalpaiguri",0.3460448335733828
2015-08-27,Jalpaiguri,Malda,0.17083192824864296
2015-08-27,Jalpaiguri,Uttar Dinajpur,0.25770783062988534
2015-08-27,Malda,Birbhum,0.16097692543753453
2015-08-27,Malda,Dakshin Dinajpur,0.236458022252479
2015-08-27,Malda,"Darjeeling, Jalpaiguri",0.09877684411167222
2015-08-27,Malda,Jalpaiguri,0.12416855367043939
2015-08-27,Malda,Murshidabad,0.19215358898735982
2015-08-27,Malda,Uttar Dinajpur,0.187466059968731
2015-08-27,Murshidabad,Bardhaman,0.19933281923480856
2015-08-27,Murshidabad,Birbhum,0.22624808116028453
2015-08-27,Murshidabad,Dakshin Dinajpur,0.158236561314218
2015-08-27,Murshidabad,Malda,0.20151257977939158
2015-08-27,Murshidabad,Nadia,0.21466995266813518
2015-08-27,Nadia,Bardhaman,0.1796736424263309
2015-08-27,Nadia,Burdwan,0.17776102065576238
2015-08-27,Nadia,Hooghly,0.31669163017576113
2015-08-27,Nadia,Murshidabad,0.1709493524973076
2015-08-27,Nadia,North 24 Parganas,0.15492434959171913
2015-08-27,North 24 Parganas,Hooghly,0.37185840223516753
2015-08-27,North 24 Parganas,Howrah,0.22025369171013773
2015-08-27,North 24 Parganas,Nadia,0.17543757460361634
2015-08-27,North 24 Parganas,South 24 Parganas,0.2324503261818495
2015-08-27,Paschim Medinipur,Bankura,0.20969249791251782
2015-08-27,Paschim Medinipur,Howrah,0.20028493193087255
2015-08-27,Paschim Medinipur,Purba Medinipur,0.25288409347401003
2015-08-27,Paschim Medinipur,Purulia,0.14721054617245763
2015-08-27,Paschim Medinipur,South 24 Parganas,0.18992792459578206
2015-08-27,Purba Medinipur,Hooghly,0.3148361425245557
2015-08-27,Purba Medinipur,Howrah,0.2219690298175288
2015-08-27,Purba Medinipur,Paschim Medinipur,0.24967644786588206
2015-08-27,Purba Medinipur,South 24 Parganas,0.21351837395269269
2015-08-27,Purulia,Bankura,0.31831225977540933
2015-08-27,Purulia,Bardhaman,0.22482570947135533
2015-08-27,Purulia,Birbhum,0.23315031982693918
2015-08-27,Purulia,Paschim Medinipur,0.22371170193841092
2015-08-27,South 24 Parganas,Hooghly,0.32427655263297306
2015-08-27,South 24 Parganas,Howrah,0.22125589751932842
2015-08-27,South 24 Parganas,North 24 Parganas,0.17774733814840135
2015-08-27,South 24 Parganas,Paschim Medinipur,0.1293901144384323
2015-08-27,South 24 Parganas,Purba Medinipur,0.14733009323165383
2015-08-27,Uttar Dinajpur,Dakshin Dinajpur,0.28392563846798746
2015-08-27,Uttar Dinajpur,"Darjeeling, Jalpaiguri",0.212022328279448
2015-08-27,Uttar Dinajpur,Jalpaiguri,0.2519237454218101
2015-08-27,Uttar Dinajpur,Malda,0.25212828033710827
2015-08-28,Bankura,Bardhaman,0.21351109818178832
2015-08-28,Bankura,Birbhum,0.17901196241348144
2015-08-28,Bankura,Burdwan,0.21755421218043822
2015-08-28,Bankura,Paschim Medinipur,0.19506894452913587
2015-08-28,Bankura,Purulia,0.19485377719325253
2015-08-28,Bardhaman,Bankura,0.17013964033613224
2015-08-28,Bardhaman,Birbhum,0.17157388290719797
2015-08-28,Bardhaman,Burdwan,0.22975946405304234
2015-08-28,Bardhaman,Murshidabad,0.14956463322964192
2015-08-28,Bardhaman,Nadia,0.16929271642234764
2015-08-28,Bardhaman,Purulia,0.10966965866736031
2015-08-28,Birbhum,Bankura,0.16212325386292978
2015-08-28,Birbhum,Bardhaman,0.1949976519694785
2015-08-28,Birbhum,Burdwan,0.17672467415333595
2015-08-28,Birbhum,Malda,0.1439612450167808
2015-08-28,Birbhum,Murshidabad,0.1929359721494484
2015-08-28,Birbhum,Purulia,0.12925719786519463
2015-08-28,Burdwan,Bankura,0.19185264976856647
2015-08-28,Burdwan,Bardhaman,0.2542662154374979
2015-08-28,Burdwan,Birbhum,0.1720815213915803
2015-08-28,Burdwan,Hooghly,0.19644401939778428
2015-08-28,Burdwan,Nadia,0.18535558915265493
2015-08-28,Dakshin Dinajpur,"Darjeeling, Jalpaiguri",0.14430313266579106
2015-08-28,Dakshin Dinajpur,Jalpaiguri,0.18391716855299525
2015-08-28,Dakshin Dinajpur,Malda,0.2654300951929455
2015-08-28,Dakshin Dinajpur,Murshidabad,0.16937499061937314
2015-08-28,Dakshin Dinajpur,Uttar Dinajpur,0.23697460671442683
2015-08-28,"Darjeeling, Jalpaiguri",Dakshin Dinajpur,0.20196852756760716
2015-08-28,"Darjeeling, Jalpaiguri",Jalpaiguri,0.3951654797625375
2015-08-28,"Darjeeling, Jalpaiguri",Malda,0.15518837891219384
2015-08-28,"Darjeeling, Jalpaiguri",Uttar Dinajpur,0.24767760500382716
2015-08-28,Hooghly,Burdwan,0.14990027056574015
2015-08-28,Hooghly,Howrah,0.17448451166653078
2015-08-28,Hooghly,Nadia,0.1478526881733934
2015-08-28,Hooghly,North 24 Parganas,0.15330887801066473
2015-08-28,Hooghly,Purba Medinipur,0.19961706570965812
2015-08-28,Hooghly,South 24 Parganas,0.17483658217166767
2015-08-28,Howrah,Hooghly,0.19435122782269906
2015-08-28,Howrah,North 24 Parganas,0.17237863039491716
2015-08-28,Howrah,Paschim Medinipur,0.13965221718572723
2015-08-28,Howrah,Purba Medinipur,0.26716280313617563
2015-08-28,Howrah,South 24 Parganas,0.22645511733658874
2015-08-28,Jalpaiguri,Dakshin Dinajpur,0.2254153998823911
2015-08-28,Jalpaiguri,"Darjeeling, Jalpaiguri",0.3460448335733828
2015-08-28,Jalpaiguri,Malda,0.17083192824864296
2015-08-28,Jalpaiguri,Uttar Dinajpur,0.25770783062988534
2015-08-28,Malda,Birbhum,0.16097692543753453
2015-08-28,Malda,Dakshin Dinajpur,0.236458022252479
2015-08-28,Malda,"Darjeeling, Jalpaiguri",0.09877684411167222
2015-08-28,Malda,Jalpaiguri,0.12416855367043937
2015-08-28,Malda,Murshidabad,0.19215358898735982
2015-08-28,Malda,Uttar Dinajpur,0.18746605996873097
2015-08-28,Murshidabad,Bardhaman,0.19933281923480858
2015-08-28,Murshidabad,Birbhum,0.22624808116028453
2015-08-28,Murshidabad,Dakshin Dinajpur,0.158236561314218
2015-08-28,Murshidabad,Malda,0.2015125797793916
2015-08-28,Murshidabad,Nadia,0.21466995266813518
2015-08-28,Nadia,Bardhaman,0.20672813555487243
2015-08-28,Nadia,Burdwan,0.20452751933030067
2015-08-28,Nadia,Hooghly,0.21380196118235512
2015-08-28,Nadia,Murshidabad,0.19669017914283707
2015-08-28,Nadia,North 24 Parganas,0.17825219943586906
2015-08-28,North 24 Parganas,Hooghly,0.25780791472945747
2015-08-28,North 24 Parganas,Howrah,0.2602447399130593
2015-08-28,North 24 Parganas,Nadia,0.20729144478441722
2015-08-28,North 24 Parganas,South 24 Parganas,0.2746558943471131
2015-08-28,Paschim Medinipur,Bankura,0.17799204643951935
2015-08-28,Paschim Medinipur,Howrah,0.1700066776840457
2015-08-28,Paschim Medinipur,Purba Medinipur,0.3658300108306395
2015-08-28,Paschim Medinipur,Purulia,0.12495585980213034
2015-08-28,Paschim Medinipur,South 24 Parganas,0.16121540022341405
2015-08-28,Purba Medinipur,Hooghly,0.21236195151042145
2015-08-28,Purba Medinipur,Howrah,0.25516706925375054
2015-08-28,Purba Medinipur,Paschim Medinipur,0.2870184526012325
2015-08-28,Purba Medinipur,South 24 Parganas,0.2454525199219141
2015-08-28,Purulia,Bankura,0.31831225977540933
2015-08-28,Purulia,Bardhaman,0.22482570947135533
2015-08-28,Purulia,Birbhum,0.2331503198269392
2015-08-28,Purulia,Paschim Medinipur,0.22371170193841092
2015-08-28,South 24 Parganas,Hooghly,0.19620613270135304
2015-08-28,South 24 Parganas,Howrah,0.22815605689197835
2015-08-28,South 24 Parganas,North 24 Parganas,0.18329062524284417
2015-08-28,South 24 Parganas,Paschim Medinipur,0.13342531720988654
2015-08-28,South 24 Parganas,Purba Medinipur,0.2589218637990706
2015-08-28,Uttar Dinajpur,Dakshin Dinajpur,0.28392563846798746
2015-08-28,Uttar Dinajpur,"Darjeeling, Jalpaiguri",0.212022328279448
2015-08-28,Uttar Dinajpur,Jalpaiguri,0.2519237454218101
2015-08-28,Uttar Dinajpur,Malda,0.2521282803371082
2015-09-11,Bankura,Bardhaman,0.21351109818178832
2015-09-11,Bankura,Birbhum,0.17901196241348144
2015-09-11,Bankura,Burdwan,0.21755421218043822
2015-09-11,Bankura,Paschim Medinipur,0.19506894452913587
2015-09-11,Bankura,Purulia,0.19485377719325253
2015-09-11,Bardhaman,Bankura,0.17013964033613224
2015-09-11,Bardhaman,Birbhum,0.17157388290719797
2015-09-11,Bardhaman,Burdwan,0.22975946405304234
2015-09-11,Bardhaman,Murshidabad,0.14956463322964192
2015-09-11,Bardhaman,Nadia,0.16929271642234764
2015-09-11,Bardhaman,Purulia,0.10966965866736031
2015-09-11,Birbhum,Bankura,0.16212325386292978
2015-09-11,Birbhum,Bardhaman,0.1949976519694785
2015-09-11,Birbhum,Burdwan,0.17672467415333595
2015-09-11,Birbhum,Malda,0.1439612450167808
2015-09-11,Birbhum,Murshidabad,0.1929359721494484
2015-09-11,Birbhum,Purulia,0.12925719786519463
2015-09-11,Burdwan,Bankura,0.19185264976856647
2015-09-11,Burdwan,Bardhaman,0.2542662154374979
2015-09-11,Burdwan,Birbhum,0.1720815213915803
2015-09-11,Burdwan,Hooghly,0.19644401939778428
2015-09-11,Burdwan,Nadia,0.18535558915265493
2015-09-11,Dakshin Dinajpur,"Darjeeling, Jalpaiguri",0.14430313266579106
2015-09-11,Dakshin Dinajpur,Jalpaiguri,0.18391716855299525
2015-09-11,Dakshin Dinajpur,Malda,0.2654300951929455
2015-09-11,Dakshin Dinajpur,Murshidabad,0.16937499061937314
2015-09-11,Dakshin Dinajpur,Uttar Dinajpur,0.23697460671442683
2015-09-11,"Darjeeling, Jalpaiguri",Dakshin Dinajpur,0.20196852756760716
2015-09-11,"Darjeeling, Jalpaiguri",Jalpaiguri,0.3951654797625375
2015-09-11,"Darjeeling, Jalpaiguri",Malda,0.15518837891219384
2015-09-11,"Darjeeling, Jalpaiguri",Uttar Dinajpur,0.24767760500382716
2015-09-11,Hooghly,Burdwan,0.14990027056574015
2015-09-11,Hooghly,Howrah,0.17448451166653078
2015-09-11,Hooghly,Nadia,0.1478526881733934
2015-09-11,Hooghly,North 24 Parganas,0.15330887801066473
2015-09-11,Hooghly,Purba Medinipur,0.19961706570965812
2015-09-11,Hooghly,South 24 Parganas,0.17483658217166767
2015-09-11,Howrah,Hooghly,0.19435122782269906
2015-09-11,Howrah,North 24 Parganas,0.17237863039491716
2015-09-11,Howrah,Paschim Medinipur,0.13965221718572723
2015-09-11,Howrah,Purba Medinipur,0.26716280313617563
2015-09-11,Howrah,South 24 Parganas,0.22645511733658874
2015-09-11,Jalpaiguri,Dakshin Dinajpur,0.2254153998823911
2015-09-11,Jalpaiguri,"Darjeeling, Jalpaiguri",0.3460448335733828
2015-09-11,Jalpaiguri,Malda,0.17083192824864296
2015-09-11,Jalpaiguri,Uttar Dinajpur,0.25770783062988534
2015-09-11,Malda,Birbhum,0.16097692543753453
2015-09-11,Malda,Dakshin Dinajpur,0.236458022252479
2015-09-11,Malda,"Darjeeling, Jalpaiguri",0.09877684411167222
2015-09-11,Malda,Jalpaiguri,0.12416855367043937
2015-09-11,Malda,Murshidabad,0.19215358898735982
2015-09-11,Malda,Uttar Dinajpur,0.18746605996873097
2015-09-11,Murshidabad,Bardhaman,0.19933281923480858
2015-09-11,Murshidabad,Birbhum,0.22624808116028453
2015-09-11,Murshidabad,Dakshin Dinajpur,0.158236561314218
2015-09-11,Murshidabad,Malda,0.2015125797793916
2015-09-11,Murshidabad,Nadia,0.21466995266813518
2015-09-11,Nadia,Bardhaman,0.20672813555487243
2015-09-11,Nadia,Burdwan,0.20452751933030067
2015-09-11,Nadia,Hooghly,0.21380196118235512
2015-09-11,Nadia,Murshidabad,0.19669017914283707
2015-09-11,Nadia,North 24 Parganas,0.17825219943586906
2015-09-11,North 24 Parganas,Hooghly,0.25780791472945747
2015-09-11,North 24 Parganas,Howrah,0.2602447399130593
2015-09-11,North 24 Parganas,Nadia,0.20729144478441722
2015-09-11,North 24 Parganas,South 24 Parganas,0.2746558943471131
2015-09-11,Paschim Medinipur,Bankura,0.17799204643951935
2015-09-11,Paschim Medinipur,Howrah,0.1700066776840457
2015-09-11,Paschim Medinipur,Purba Medinipur,0.3658300108306395
2015-09-11,Paschim Medinipur,Purulia,0.12495585980213034
2015-09-11,Paschim Medinipur,South 24 Parganas,0.16121540022341405
2015-09-11,Purba Medinipur,Hooghly,0.21236195151042145
2015-09-11,Purba Medinipur,Howrah,0.25516706925375054
2015-09-11,Purba Medinipur,Paschim Medinipur,0.2870184526012325
2015-09-11,Purba Medinipur,South 24 Parganas,0.2454525199219141
2015-09-11,Purulia,Bankura,0.31831225977540933
2015-09-11,Purulia,Bardhaman,0.22482570947135533
2015-09-11,Purulia,Birbhum,0.2331503198269392
2015-09-11,Purulia,Paschim Medinipur,0.22371170193841092
2015-09-11,South 24 Parganas,Hooghly,0.19620613270135304
2015-09-11,South 24 Parganas,Howrah,0.22815605689197835
2015-09-11,South 24 Parganas,North 24 Parganas,0.18329062524284417
2015-09-11,South 24 Parganas,Paschim Medinipur,0.13342531720988654
2015-09-11,South 24 Parganas,Purba Medinipur,0.2589218637990706
2015-09-11,Uttar Dinajpur,Dakshin Dinajpur,0.28392563846798746
2015-09-11,Uttar Dinajpur,"Darjeeling, Jalpaiguri",0.212022328279448
2015-09-11,Uttar Dinajpur,Jalpaiguri,0.2519237454218101
2015-09-11,Uttar Dinajpur,Malda,0.2521282803371082
2015-09-22,Bankura,Bardhaman,0.21351109818178826
2015-09-22,Bankura,Birbhum,0.1790119624134814
2015-09-22,Bankura,Burdwan,0.2175542121804382
2015-09-22,Bankura,Paschim Medinipur,0.19506894452913584
2015-09-22,Bankura,Purulia,0.19485377719325253
2015-09-22,Bardhaman,Bankura,0.15201504955600068
2015-09-22,Bardhaman,Birbhum,0.1532965055123266
2015-09-22,Bardhaman,Burdwan,0.20528370839964696
2015-09-22,Bardhaman,Murshidabad,0.13363185138578587
2015-09-22,Bardhaman,Nadia,0.25778608306620676
2015-09-22,Bardhaman,Purulia,0.09798679816280283
2015-09-22,Birbhum,Bankura,0.16212325386292975
2015-09-22,Birbhum,Bardhaman,0.1949976519694785
2015-09-22,Birbhum,Burdwan,0.17672467415333593
2015-09-22,Birbhum,Malda,0.1439612450167808
2015-09-22,Birbhum,Murshidabad,0.1929359721494484
2015-09-22,Birbhum,Purulia,0.12925719786519463
2015-09-22,Burdwan,Bankura,0.1696997654807225
2015-09-22,Burdwan,Bardhaman,0.22490654771495294
2015-09-22,Burdwan,Birbhum,0.1522115741374642
2015-09-22,Burdwan,Hooghly,0.17376097782391126
2015-09-22,Burdwan,Nadia,0.27942113055127493
2015-09-22,Dakshin Dinajpur,"Darjeeling, Jalpaiguri",0.14430313266579106
2015-09-22,Dakshin Dinajpur,Jalpaiguri,0.18391716855299525
2015-09-22,Dakshin Dinajpur,Malda,0.2654300951929456
2015-09-22,Dakshin Dinajpur,Murshidabad,0.16937499061937314
2015-09-22,Dakshin Dinajpur,Uttar Dinajpur,0.23697460671442683
2015-09-22,"Darjeeling, Jalpaiguri",Dakshin Dinajpur,0.20196852756760714
2015-09-22,"Darjeeling, Jalpaiguri",Jalpaiguri,0.39516547976253746
2015-09-22,"Darjeeling, Jalpaiguri",Malda,0.15518837891219384
2015-09-22,"Darjeeling, Jalpaiguri",Uttar Dinajpur,0.24767760500382713
2015-09-22,Hooghly,Burdwan,0.14672524071082527
2015-09-22,Hooghly,Howrah,0.17078876427614487
2015-09-22,Hooghly,Nadia,0.24664468318942223
2015-09-22,Hooghly,North 24 Parganas,0.15006165061827725
2015-09-22,Hooghly,Purba Medinipur,0.11464627998722869
2015-09-22,Hooghly,South 24 Parganas,0.17113337759417577
2015-09-22,Howrah,Hooghly,0.2184709882060173
2015-09-22,Howrah,North 24 Parganas,0.19377150404387067
2015-09-22,Howrah,Paschim Medinipur,0.15698361278972997
2015-09-22,Howrah,Purba Medinipur,0.17621479222644665
2015-09-22,Howrah,South 24 Parganas,0.25455909809825183
2015-09-22,Jalpaiguri,Dakshin Dinajpur,0.22541539988239104
2015-09-22,Jalpaiguri,"Darjeeling, Jalpaiguri",0.3460448335733828
2015-09-22,Jalpaiguri,Malda,0.17083192824864296
2015-09-22,Jalpaiguri,Uttar Dinajpur,0.2577078306298853
2015-09-22,Malda,Birbhum,0.16097692543753453
2015-09-22,Malda,Dakshin Dinajpur,0.236458022252479
2015-09-22,Malda,"Darjeeling, Jalpaiguri",0.09877684411167222
2015-09-22,Malda,Jalpaiguri,0.12416855367043939
2015-09-22,Malda,Murshidabad,0.19215358898735982
2015-09-22,Malda,Uttar Dinajpur,0.18746605996873097
2015-09-22,Murshidabad,Bardhaman,0.17315415260741124
2015-09-22,Murshidabad,Birbhum,0.19653459436709148
2015-09-22,Murshidabad,Dakshin Dinajpur,0.13745512550845151
2015-09-22,Murshidabad,Malda,0.17504764205602902
2015-09-22,Murshidabad,Nadia,0.3178084803852454
2015-09-22,Nadia,Bardhaman,0.20672813555487243
2015-09-22,Nadia,Burdwan,0.2045275193303007
2015-09-22,Nadia,Hooghly,0.21380196118235514
2015-09-22,Nadia,Murshidabad,0.1966901791428371
2015-09-22,Nadia,North 24 Parganas,0.17825219943586906
2015-09-22,North 24 Parganas,Hooghly,0.22496513247692274
2015-09-22,North 24 Parganas,Howrah,0.22709152452670664
2015-09-22,North 24 Parganas,Nadia,0.3082765308939245
2015-09-22,North 24 Parganas,South 24 Parganas,0.23966680666963255
2015-09-22,Paschim Medinipur,Bankura,0.20969249791251782
2015-09-22,Paschim Medinipur,Howrah,0.20028493193087257
2015-09-22,Paschim Medinipur,Purba Medinipur,0.25288409347401
2015-09-22,Paschim Medinipur,Purulia,0.1472105461724576
2015-09-22,Paschim Medinipur,South 24 Parganas,0.18992792459578206
2015-09-22,Purba Medinipur,Hooghly,0.2123619515104214
2015-09-22,Purba Medinipur,Howrah,0.25516706925375043
2015-09-22,Purba Medinipur,Paschim Medinipur,0.2870184526012324
2015-09-22,Purba Medinipur,South 24 Parganas,0.245452519921914
2015-09-22,Purulia,Bankura,0.31831225977540933
2015-09-22,Purulia,Bardhaman,0.2248257094713553
2015-09-22,Purulia,Birbhum,0.23315031982693915
2015-09-22,Purulia,Paschim Medinipur,0.2237117019384109
2015-09-22,South 24 Parganas,Hooghly,0.21971499707324388
2015-09-22,South 24 Parganas,Howrah,0.255493070894813
2015-09-22,South 24 Parganas,North 24 Parganas,0.20525199000829616
2015-09-22,South 24 Parganas,Paschim Medinipur,0.1494119616785286
2015-09-22,South 24 Parganas,Purba Medinipur,0.1701279756924266
2015-09-22,Uttar Dinajpur,Dakshin Dinajpur,0.2839256384679874
2015-09-22,Uttar Dinajpur,"Darjeeling, Jalpaiguri",0.212022328279448
2015-09-22,Uttar Dinajpur,Jalpaiguri,0.25192374542181006
2015-09-22,Uttar Dinajpur,Malda,0.2521282803371082
2015-09-24,Bankura,Bardhaman,0.1851436844523006
2015-09-24,Bankura,Birbhum,0.15522815705837473
2015-09-24,Bankura,Burdwan,0.3215111660483553
2015-09-24,Bankura,Paschim Medinipur,0.16915178377095808
2015-09-24,Bankura,Purulia,0.1689652038990991
2015-09-24,Bardhaman,Bankura,0.14644306602999407
2015-09-24,Bardhaman,Birbhum,0.14767755129822818
2015-09-24,Bardhaman,Burdwan,0.33703641642938165
2015-09-24,Bardhaman,Murshidabad,0.1287336884956895
2015-09-24,Bardhaman,Nadia,0.1457140993154547
2015-09-24,Bardhaman,Purulia,0.09439517465760416
2015-09-24,Birbhum,Bankura,0.14417837024904476
2015-09-24,Birbhum,Bardhaman,0.1734140105966522
2015-09-24,Birbhum,Burdwan,0.2678502810757844
2015-09-24,Birbhum,Malda,0.12802665374019395
2015-09-24,Birbhum,Murshidabad,0.17158053125704684
2015-09-24,Birbhum,Purulia,0.11495014864997904
2015-09-24,Burdwan,Bankura,0.19185264976856645
2015-09-24,Burdwan,Bardhaman,0.2542662154374979
2015-09-24,Burdwan,Birbhum,0.17208152139158026
2015-09-24,Burdwan,Hooghly,0.19644401939778425
2015-09-24,Burdwan,Nadia,0.1853555891526549
2015-09-24,Dakshin Dinajpur,"Darjeeling, Jalpaiguri",0.14430313266579106
2015-09-24,Dakshin Dinajpur,Jalpaiguri,0.18391716855299525
2015-09-24,Dakshin Dinajpur,Malda,0.2654300951929455
2015-09-24,Dakshin Dinajpur,Murshidabad,0.16937499061937314
2015-09-24,Dakshin Dinajpur,Uttar Dinajpur,0.23697460671442686
2015-09-24,"Darjeeling, Jalpaiguri",Dakshin Dinajpur,0.20196852756760714
2015-09-24,"Darjeeling, Jalpaiguri",Jalpaiguri,0.3951654797625374
2015-09-24,"Darjeeling, Jalpaiguri",Malda,0.15518837891219384
2015-09-24,"Darjeeling, Jalpaiguri",Uttar Dinajpur,0.2476776050038271
2015-09-24,Hooghly,Burdwan,0.2497079472105259
2015-09-24,Hooghly,Howrah,0.17054803251576536
2015-09-24,Hooghly,Nadia,0.14451703953145822
2015-09-24,Hooghly,North 24 Parganas,0.14985013433105604
2015-09-24,Hooghly,Purba Medinipur,0.11448468270113518
2015-09-24,Hooghly,South 24 Parganas,0.17089216009124142
2015-09-24,Howrah,Hooghly,0.21847098820601732
2015-09-24,Howrah,North 24 Parganas,0.19377150404387067
2015-09-24,Howrah,Paschim Medinipur,0.15698361278972997
2015-09-24,Howrah,Purba Medinipur,0.17621479222644662
2015-09-24,Howrah,South 24 Parganas,0.25455909809825183
2015-09-24,Jalpaiguri,Dakshin Dinajpur,0.2254153998823911
2015-09-24,Jalpaiguri,"Darjeeling, Jalpaiguri",0.3460448335733828
2015-09-24,Jalpaiguri,Malda,0.170831928248643
2015-09-24,Jalpaiguri,Uttar Dinajpur,0.25770783062988534
2015-09-24,Malda,Birbhum,0.16097692543753456
2015-09-24,Malda,Dakshin Dinajpur,0.236458022252479
2015-09-24,Malda,"Darjeeling, Jalpaiguri",0.09877684411167222
2015-09-24,Malda,Jalpaiguri,0.1241685536704394
2015-09-24,Malda,Murshidabad,0.19215358898735985
2015-09-24,Malda,Uttar Dinajpur,0.18746605996873097
2015-09-24,Murshidabad,Bardhaman,0.19933281923480856
2015-09-24,Murshidabad,Birbhum,0.2262480811602845
2015-09-24,Murshidabad,Dakshin Dinajpur,0.15823656131421798
2015-09-24,Murshidabad,Malda,0.20151257977939158
2015-09-24,Murshidabad,Nadia,0.21466995266813516
2015-09-24,Nadia,Bardhaman,0.18069946628936076
2015-09-24,Nadia,Burdwan,0.30468364976505685
2015-09-24,Nadia,Hooghly,0.18688264262420867
2015-09-24,Nadia,Murshidabad,0.17192536613399412
2015-09-24,Nadia,North 24 Parganas,0.15580887050769446
2015-09-24,North 24 Parganas,Hooghly,0.25780791472945747
2015-09-24,North 24 Parganas,Howrah,0.2602447399130593
2015-09-24,North 24 Parganas,Nadia,0.20729144478441722
2015-09-24,North 24 Parganas,South 24 Parganas,0.2746558943471131
2015-09-24,Paschim Medinipur,Bankura,0.20969249791251787
2015-09-24,Paschim Medinipur,Howrah,0.2002849319308726
2015-09-24,Paschim Medinipur,Purba Medinipur,0.25288409347401003
2015-09-24,Paschim Medinipur,Purulia,0.14721054617245763
2015-09-24,Paschim Medinipur,South 24 Parganas,0.1899279245957821
2015-09-24,Purba Medinipur,Hooghly,0.2123619515104214
2015-09-24,Purba Medinipur,Howrah,0.25516706925375043
2015-09-24,Purba Medinipur,Paschim Medinipur,0.28701845260123243
2015-09-24,Purba Medinipur,South 24 Parganas,0.24545251992191408
2015-09-24,Purulia,Bankura,0.31831225977540933
2015-09-24,Purulia,Bardhaman,0.22482570947135533
2015-09-24,Purulia,Birbhum,0.23315031982693918
2015-09-24,Purulia,Paschim Medinipur,0.22371170193841092
2015-09-24,South 24 Parganas,Hooghly,0.21971499707324382
2015-09-24,South 24 Parganas,Howrah,0.25549307089481293
2015-09-24,South 24 Parganas,North 24 Parganas,0.20525199000829614
2015-09-24,South 24 Parganas,Paschim Medinipur,0.14941196167852858
2015-09-24,South 24 Parganas,Purba Medinipur,0.1701279756924266
2015-09-24,Uttar Dinajpur,Dakshin Dinajpur,0.28392563846798746
2015-09-24,Uttar Dinajpur,"Darjeeling, Jalpaiguri",0.212022328279448
2015-09-24,Uttar Dinajpur,Jalpaiguri,0.2519237454218101
2015-09-24,Uttar Dinajpur,Malda,0.2521282803371082
2015-10-05,Bankura,Bardhaman,0.2135110981817883
2015-10-05,Bankura,Birbhum,0.1790119624134814
2015-10-05,Bankura,Burdwan,0.2175542121804382
2015-10-05,Bankura,Paschim Medinipur,0.19506894452913587
2015-10-05,Bankura,Purulia,0.19485377719325253
2015-10-05,Bardhaman,Bankura,0.17013964033613224
2015-10-05,Bardhaman,Birbhum,0.171573882907198
2015-10-05,Bardhaman,Burdwan,0.22975946405304234
2015-10-05,Bardhaman,Murshidabad,0.14956463322964195
2015-10-05,Bardhaman,Nadia,0.16929271642234767
2015-10-05,Bardhaman,Purulia,0.10966965866736031
2015-10-05,Birbhum,Bankura,0.16212325386292978
2015-10-05,Birbhum,Bardhaman,0.19499765196947852
2015-10-05,Birbhum,Burdwan,0.17672467415333595
2015-10-05,Birbhum,Malda,0.14396124501678081
2015-10-05,Birbhum,Murshidabad,0.19293597214944844
2015-10-05,Birbhum,Purulia,0.12925719786519466
2015-10-05,Burdwan,Bankura,0.19185264976856647
2015-10-05,Burdwan,Bardhaman,0.2542662154374979
2015-10-05,Burdwan,Birbhum,0.17208152139158028
2015-10-05,Burdwan,Hooghly,0.19644401939778425
2015-10-05,Burdwan,Nadia,0.18535558915265493
2015-10-05,Dakshin Dinajpur,"Darjeeling, Jalpaiguri",0.14430313266579106
2015-10-05,Dakshin Dinajpur,Jalpaiguri,0.18391716855299525
2015-10-05,Dakshin Dinajpur,Malda,0.2654300951929455
2015-10-05,Dakshin Dinajpur,Murshidabad,0.1693749906193731
2015-10-05,Dakshin Dinajpur,Uttar Dinajpur,0.23697460671442683
2015-10-05,"Darjeeling, Jalpaiguri",Dakshin Dinajpur,0.2019685275676072
2015-10-05,"Darjeeling, Jalpaiguri",Jalpaiguri,0.3951654797625375
2015-10-05,"Darjeeling, Jalpaiguri",Malda,0.15518837891219386
2015-10-05,"Darjeeling, Jalpaiguri",Uttar Dinajpur,0.24767760500382716
2015-10-05,Hooghly,Burdwan,0.14990027057580665
2015-10-05,Hooghly,Howrah,0.17448451167824827
2015-10-05,Hooghly,Nadia,0.14785268818332242
2015-10-05,Hooghly,North 24 Parganas,0.15330887802096016
2015-10-05,Hooghly,Purba Medinipur,0.19961706565590867
2015-10-05,Hooghly,South 24 Parganas,0.17483658218340878
2015-10-05,Howrah,Hooghly,0.19435122784016703
2015-10-05,Howrah,North 24 Parganas,0.17237863041041027
2015-10-05,Howrah,Paschim Medinipur,0.13965221719827892
2015-10-05,Howrah,Purba Medinipur,0.2671628030703095
2015-10-05,Howrah,South 24 Parganas,0.22645511735694213
2015-10-05,Jalpaiguri,Dakshin Dinajpur,0.22541539988239107
2015-10-05,Jalpaiguri,"Darjeeling, Jalpaiguri",0.34604483357338284
2015-10-05,Jalpaiguri,Malda,0.170831928248643
2015-10-05,Jalpaiguri,Uttar Dinajpur,0.25770783062988534
2015-10-05,Malda,Birbhum,0.16097692543753453
2015-10-05,Malda,Dakshin Dinajpur,0.23645802225247897
2015-10-05,Malda,"Darjeeling, Jalpaiguri",0.09877684411167222
2015-10-05,Malda,Jalpaiguri,0.12416855367043939
2015-10-05,Malda,Murshidabad,0.1921535889873598
2015-10-05,Malda,Uttar Dinajpur,0.18746605996873097
2015-10-05,Murshidabad,Bardhaman,0.19933281923480858
2015-10-05,Murshidabad,Birbhum,0.22624808116028453
2015-10-05,Murshidabad,Dakshin Dinajpur,0.158236561314218
2015-10-05,Murshidabad,Malda,0.2015125797793916
2015-10-05,Murshidabad,Nadia,0.21466995266813518
2015-10-05,Nadia,Bardhaman,0.20672813555487246
2015-10-05,Nadia,Burdwan,0.20452751933030067
2015-10-05,Nadia,Hooghly,0.21380196118235514
2015-10-05,Nadia,Murshidabad,0.19669017914283707
2015-10-05,Nadia,North 24 Parganas,0.17825219943586906
2015-10-05,North 24 Parganas,Hooghly,0.25780791472945747
2015-10-05,North 24 Parganas,Howrah,0.26024473991305935
2015-10-05,North 24 Parganas,Nadia,0.20729144478441724
2015-10-05,North 24 Parganas,South 24 Parganas,0.2746558943471131
2015-10-05,Paschim Medinipur,Bankura,0.17799204646142514
2015-10-05,Paschim Medinipur,Howrah,0.1700066777049687
2015-10-05,Paschim Medinipur,Purba Medinipur,0.3658300107525911
2015-10-05,Paschim Medinipur,Purulia,0.12495585981750885
2015-10-05,Paschim Medinipur,South 24 Parganas,0.16121540024325506
2015-10-05,Purba Medinipur,Hooghly,0.21236195151042142
2015-10-05,Purba Medinipur,Howrah,0.2551670692537505
2015-10-05,Purba Medinipur,Paschim Medinipur,0.28701845260123243
2015-10-05,Purba Medinipur,South 24 Parganas,0.24545251992191408
2015-10-05,Purulia,Bankura,0.31831225977540933
2015-10-05,Purulia,Bardhaman,0.2248257094713553
2015-10-05,Purulia,Birbhum,0.2331503198269392
2015-10-05,Purulia,Paschim Medinipur,0.22371170193841092
2015-10-05,South 24 Parganas,Hooghly,0.1962061327184437
2015-10-05,South 24 Parganas,Howrah,0.22815605691185203
2015-10-05,South 24 Parganas,North 24 Parganas,0.18329062525880985
2015-10-05,South 24 Parganas,Paschim Medinipur,0.13342531722150866
2015-10-05,South 24 Parganas,Purba Medinipur,0.2589218637345183
2015-10-05,Uttar Dinajpur,Dakshin Dinajpur,0.28392563846798746
2015-10-05,Uttar Dinajpur,"Darjeeling, Jalpaiguri",0.212022328279448
2015-10-05,Uttar Dinajpur,Jalpaiguri,0.2519237454218101
2015-10-05,Uttar Dinajpur,Malda,0.25212828033710827
2015-10-23,Bankura,Bardhaman,0.1896066380713917
2015-10-23,Bankura,Birbhum,0.2709288508690423
2015-10-23,Bankura,Burdwan,0.19319708961771218
2015-10-23,Bankura,Paschim Medinipur,0.17322924700060882
2015-10-23,Bankura,Purulia,0.17303816955532828
2015-10-23,Bardhaman,Bankura,0.15179715576947125
2015-10-23,Bardhaman,Birbhum,0.260885187652954
2015-10-23,Bardhaman,Burdwan,0.20498946092436968
2015-10-23,Bardhaman,Murshidabad,0.13344030752098804
2015-10-23,Bardhaman,Nadia,0.15104153737853268
2015-10-23,Bardhaman,Purulia,0.0978463468420688
2015-10-23,Birbhum,Bankura,0.16212325386292978
2015-10-23,Birbhum,Bardhaman,0.1949976519694785
2015-10-23,Birbhum,Burdwan,0.17672467415333595
2015-10-23,Birbhum,Malda,0.14396124501678081
2015-10-23,Birbhum,Murshidabad,0.19293597214944844
2015-10-23,Birbhum,Purulia,0.12925719786519463
2015-10-23,Burdwan,Bankura,0.17111473887547082
2015-10-23,Burdwan,Bardhaman,0.22678184070914095
2015-10-23,Burdwan,Birbhum,0.26157363764246466
2015-10-23,Burdwan,Hooghly,0.17520981400803792
2015-10-23,Burdwan,Nadia,0.16531996443742725
2015-10-23,Dakshin Dinajpur,"Darjeeling, Jalpaiguri",0.14430313266579103
2015-10-23,Dakshin Dinajpur,Jalpaiguri,0.18391716855299522
2015-10-23,Dakshin Dinajpur,Malda,0.2654300951929455
2015-10-23,Dakshin Dinajpur,Murshidabad,0.16937499061937314
2015-10-23,Dakshin Dinajpur,Uttar Dinajpur,0.23697460671442683
2015-10-23,"Darjeeling, Jalpaiguri",Dakshin Dinajpur,0.20196852756760714
2015-10-23,"Darjeeling, Jalpaiguri",Jalpaiguri,0.3951654797625374
2015-10-23,"Darjeeling, Jalpaiguri",Malda,0.15518837891219384
2015-10-23,"Darjeeling, Jalpaiguri",Uttar Dinajpur,0.24767760500382713
2015-10-23,Hooghly,Burdwan,0.16337724687849428
2015-10-23,Hooghly,Howrah,0.19017176574417455
2015-10-23,Hooghly,Nadia,0.16114557396185483
2015-10-23,Hooghly,North 24 Parganas,0.1670923095527614
2015-10-23,Hooghly,Purba Medinipur,0.12765761022733502
2015-10-23,Hooghly,South 24 Parganas,0.1905554896001709
2015-10-23,Howrah,Hooghly,0.2184709882060173
2015-10-23,Howrah,North 24 Parganas,0.19377150404387067
2015-10-23,Howrah,Paschim Medinipur,0.15698361278972994
2015-10-23,Howrah,Purba Medinipur,0.17621479222644662
2015-10-23,Howrah,South 24 Parganas,0.25455909809825183
2015-10-23,Jalpaiguri,Dakshin Dinajpur,0.22541539988239107
2015-10-23,Jalpaiguri,"Darjeeling, Jalpaiguri",0.3460448335733828
2015-10-23,Jalpaiguri,Malda,0.17083192824864296
2015-10-23,Jalpaiguri,Uttar Dinajpur,0.25770783062988534
2015-10-23,Malda,Birbhum,0.2464128389172484
2015-10-23,Malda,Dakshin Dinajpur,0.21238001088040553
2015-10-23,Malda,"Darjeeling, Jalpaiguri",0.08871861071716773
2015-10-23,Malda,Jalpaiguri,0.1115247371534491
2015-10-23,Malda,Murshidabad,0.1725870026785129
2015-10-23,Malda,Uttar Dinajpur,0.16837679464879496
2015-10-23,Murshidabad,Bardhaman,0.17193627601619543
2015-10-23,Murshidabad,Birbhum,0.33259347860337335
2015-10-23,Murshidabad,Dakshin Dinajpur,0.13648833737672866
2015-10-23,Murshidabad,Malda,0.1738164476411257
2015-10-23,Murshidabad,Nadia,0.18516545532250595
2015-10-23,Nadia,Bardhaman,0.2067281355548724
2015-10-23,Nadia,Burdwan,0.20452751933030064
2015-10-23,Nadia,Hooghly,0.21380196118235512
2015-10-23,Nadia,Murshidabad,0.19669017914283707
2015-10-23,Nadia,North 24 Parganas,0.17825219943586904
2015-10-23,North 24 Parganas,Hooghly,0.25780791472945747
2015-10-23,North 24 Parganas,Howrah,0.2602447399130593
2015-10-23,North 24 Parganas,Nadia,0.20729144478441722
2015-10-23,North 24 Parganas,South 24 Parganas,0.2746558943471131
2015-10-23,Paschim Medinipur,Bankura,0.20969249791251787
2015-10-23,Paschim Medinipur,Howrah,0.20028493193087257
2015-10-23,Paschim Medinipur,Purba Medinipur,0.25288409347401003
2015-10-23,Paschim Medinipur,Purulia,0.14721054617245766
2015-10-23,Paschim Medinipur,South 24 Parganas,0.18992792459578212
2015-10-23,Purba Medinipur,Hooghly,0.2123619515104214
2015-10-23,Purba Medinipur,Howrah,0.25516706925375043
2015-10-23,Purba Medinipur,Paschim Medinipur,0.2870184526012324
2015-10-23,Purba Medinipur,South 24 Parganas,0.24545251992191405
2015-10-23,Purulia,Bankura,0.27341661030838893
2015-10-23,Purulia,Bardhaman,0.19311566396220053
2015-10-23,Purulia,Birbhum,0.34130893884851815
2015-10-23,Purulia,Paschim Medinipur,0.19215877916068339
2015-10-23,South 24 Parganas,Hooghly,0.21971499707324382
2015-10-23,South 24 Parganas,Howrah,0.255493070894813
2015-10-23,South 24 Parganas,North 24 Parganas,0.20525199000829616
2015-10-23,South 24 Parganas,Paschim Medinipur,0.1494119616785286
2015-10-23,South 24 Parganas,Purba Medinipur,0.1701279756924266
2015-10-23,Uttar Dinajpur,Dakshin Dinajpur,0.2839256384679874
2015-10-23,Uttar Dinajpur,"Darjeeling, Jalpaiguri",0.21202232827944797
2015-10-23,Uttar Dinajpur,Jalpaiguri,0.25192374542181006
2015-10-23,Uttar Dinajpur,Malda,0.2521282803371082
2015-11-03,Bankura,Bardhaman,0.18960663791573745
2015-11-03,Bankura,Birbhum,0.2709288514675603
2015-11-03,Bankura,Burdwan,0.19319708945911043
2015-11-03,Bankura,Paschim Medinipur,0.1732292468583993
2015-11-03,Bankura,Purulia,0.17303816941327563
2015-11-03,Bardhaman,Bankura,0.1517971556494757
2015-11-03,Bardhaman,Birbhum,0.26088518823722373
2015-11-03,Bardhaman,Burdwan,0.2049894607623257
2015-11-03,Bardhaman,Murshidabad,0.13344030741550358
2015-11-03,Bardhaman,Nadia,0.15104153725913447
2015-11-03,Bardhaman,Purulia,0.09784634676472133
2015-11-03,Birbhum,Bankura,0.16212325386292978
2015-11-03,Birbhum,Bardhaman,0.1949976519694785
2015-11-03,Birbhum,Burdwan,0.17672467415333593
2015-11-03,Birbhum,Malda,0.14396124501678081
2015-11-03,Birbhum,Murshidabad,0.19293597214944844
2015-11-03,Birbhum,Purulia,0.12925719786519463
2015-11-03,Burdwan,Bankura,0.17111473873984775
2015-11-03,Burdwan,Bardhaman,0.22678184052939698
2015-11-03,Burdwan,Birbhum,0.26157363822773055
2015-11-03,Burdwan,Hooghly,0.17520981386916917
2015-11-03,Burdwan,Nadia,0.16531996430639706
2015-11-03,Dakshin Dinajpur,"Darjeeling, Jalpaiguri",0.14430313266579106
2015-11-03,Dakshin Dinajpur,Jalpaiguri,0.18391716855299525
2015-11-03,Dakshin Dinajpur,Malda,0.2654300951929455
2015-11-03,Dakshin Dinajpur,Murshidabad,0.1693749906193731
2015-11-03,Dakshin Dinajpur,Uttar Dinajpur,0.23697460671442683
2015-11-03,"Darjeeling, Jalpaiguri",Dakshin Dinajpur,0.20196852756760716
2015-11-03,"Darjeeling, Jalpaiguri",Jalpaiguri,0.3951654797625375
2015-11-03,"Darjeeling, Jalpaiguri",Malda,0.15518837891219384
2015-11-03,"Darjeeling, Jalpaiguri",Uttar Dinajpur,0.24767760500382716
2015-11-03,Hooghly,Burdwan,0.16337724687849425
2015-11-03,Hooghly,Howrah,0.1901717657441745
2015-11-03,Hooghly,Nadia,0.16114557396185478
2015-11-03,Hooghly,North 24 Parganas,0.16709230955276133
2015-11-03,Hooghly,Purba Medinipur,0.127657610227335
2015-11-03,Hooghly,South 24 Parganas,0.19055548960017088
2015-11-03,Howrah,Hooghly,0.2184709882060173
2015-11-03,Howrah,North 24 Parganas,0.19377150404387067
2015-11-03,Howrah,Paschim Medinipur,0.15698361278972994
2015-11-03,Howrah,Purba Medinipur,0.17621479222644662
2015-11-03,Howrah,South 24 Parganas,0.25455909809825183
2015-11-03,Jalpaiguri,Dakshin Dinajpur,0.2254153998823911
2015-11-03,Jalpaiguri,"Darjeeling, Jalpaiguri",0.3460448335733828
2015-11-03,Jalpaiguri,Malda,0.17083192824864296
2015-11-03,Jalpaiguri,Uttar Dinajpur,0.25770783062988534
2015-11-03,Malda,Birbhum,0.24641283947991213
2015-11-03,Malda,Dakshin Dinajpur,0.21238001072183266
2015-11-03,Malda,"Darjeeling, Jalpaiguri",0.08871861065092625
2015-11-03,Malda,Jalpaiguri,0.11152473707017949
2015-11-03,Malda,Murshidabad,0.1725870025496513
2015-11-03,Malda,Uttar Dinajpur,0.16837679452307694
2015-11-03,Murshidabad,Bardhaman,0.17193627584292148
2015-11-03,Murshidabad,Birbhum,0.33259347927597244
2015-11-03,Murshidabad,Dakshin Dinajpur,0.13648833723917841
2015-11-03,Murshidabad,Malda,0.17381644746595692
2015-11-03,Murshidabad,Nadia,0.18516545513589988
2015-11-03,Nadia,Bardhaman,0.20672813555487243
2015-11-03,Nadia,Burdwan,0.20452751933030067
2015-11-03,Nadia,Hooghly,0.21380196118235512
2015-11-03,Nadia,Murshidabad,0.19669017914283707
2015-11-03,Nadia,North 24 Parganas,0.17825219943586904
2015-11-03,North 24 Parganas,Hooghly,0.2578079147294574
2015-11-03,North 24 Parganas,Howrah,0.2602447399130593
2015-11-03,North 24 Parganas,Nadia,0.2072914447844172
2015-11-03,North 24 Parganas,South 24 Parganas,0.27465589434711307
2015-11-03,Paschim Medinipur,Bankura,0.20969249791251784
2015-11-03,Paschim Medinipur,Howrah,0.20028493193087257
2015-11-03,Paschim Medinipur,Purba Medinipur,0.25288409347401003
2015-11-03,Paschim Medinipur,Purulia,0.14721054617245763
2015-11-03,Paschim Medinipur,South 24 Parganas,0.1899279245957821
2015-11-03,Purba Medinipur,Hooghly,0.2123619515104214
2015-11-03,Purba Medinipur,Howrah,0.25516706925375043
2015-11-03,Purba Medinipur,Paschim Medinipur,0.28701845260123243
2015-11-03,Purba Medinipur,South 24 Parganas,0.24545251992191405
2015-11-03,Purulia,Bankura,0.2734166100256246
2015-11-03,Purulia,Bardhaman,0.19311566376248254
2015-11-03,Purulia,Birbhum,0.341308939529729
2015-11-03,Purulia,Paschim Medinipur,0.19215877896195496
2015-11-03,South 24 Parganas,Hooghly,0.21971499707324385
2015-11-03,South 24 Parganas,Howrah,0.255493070894813
2015-11-03,South 24 Parganas,North 24 Parganas,0.20525199000829616
2015-11-03,South 24 Parganas,Paschim Medinipur,0.14941196167852858
2015-11-03,South 24 Parganas,Purba Medinipur,0.1701279756924266
2015-11-03,Uttar Dinajpur,Dakshin Dinajpur,0.28392563846798746
2015-11-03,Uttar Dinajpur,"Darjeeling, Jalpaiguri",0.212022328279448
2015-11-03,Uttar Dinajpur,Jalpaiguri,0.2519237454218101
2015-11-03,Uttar Dinajpur,Malda,0.25212828033710827
2015-12-08,Bankura,Bardhaman,0.18772145196659026
2015-12-08,Bankura,Birbhum,0.1573894087464993
2015-12-08,Bankura,Burdwan,0.19127620502980944
2015-12-08,Bankura,Paschim Medinipur,0.2922952120393377
2015-12-08,Bankura,Purulia,0.17131771738042528
2015-12-08,Bardhaman,Bankura,0.17013964033613224
2015-12-08,Bardhaman,Birbhum,0.17157388290719797
2015-12-08,Bardhaman,Burdwan,0.22975946405304234
2015-12-08,Bardhaman,Murshidabad,0.14956463322964195
2015-12-08,Bardhaman,Nadia,0.16929271642234764
2015-12-08,Bardhaman,Purulia,0.10966965866736031
2015-12-08,Birbhum,Bankura,0.16212325386292975
2015-12-08,Birbhum,Bardhaman,0.19499765196947846
2015-12-08,Birbhum,Burdwan,0.17672467415333593
2015-12-08,Birbhum,Malda,0.1439612450167808
2015-12-08,Birbhum,Murshidabad,0.1929359721494484
2015-12-08,Birbhum,Purulia,0.1292571978651946
2015-12-08,Burdwan,Bankura,0.19185264976856645
2015-12-08,Burdwan,Bardhaman,0.25426621543749783
2015-12-08,Burdwan,Birbhum,0.17208152139158026
2015-12-08,Burdwan,Hooghly,0.19644401939778422
2015-12-08,Burdwan,Nadia,0.1853555891526549
2015-12-08,Dakshin Dinajpur,"Darjeeling, Jalpaiguri",0.14430313266579106
2015-12-08,Dakshin Dinajpur,Jalpaiguri,0.18391716855299528
2015-12-08,Dakshin Dinajpur,Malda,0.2654300951929456
2015-12-08,Dakshin Dinajpur,Murshidabad,0.16937499061937314
2015-12-08,Dakshin Dinajpur,Uttar Dinajpur,0.23697460671442683
2015-12-08,"Darjeeling, Jalpaiguri",Dakshin Dinajpur,0.20196852756760716
2015-12-08,"Darjeeling, Jalpaiguri",Jalpaiguri,0.39516547976253746
2015-12-08,"Darjeeling, Jalpaiguri",Malda,0.15518837891219384
2015-12-08,"Darjeeling, Jalpaiguri",Uttar Dinajpur,0.2476776050038271
2015-12-08,Hooghly,Burdwan,0.16337724687849428
2015-12-08,Hooghly,Howrah,0.19017176574417452
2015-12-08,Hooghly,Nadia,0.1611455739618548
2015-12-08,Hooghly,North 24 Parganas,0.16709230955276136
2015-12-08,Hooghly,Purba Medinipur,0.127657610227335
2015-12-08,Hooghly,South 24 Parganas,0.1905554896001709
2015-12-08,Howrah,Hooghly,0.19672147967776737
2015-12-08,Howrah,North 24 Parganas,0.17448091075118236
2015-12-08,Howrah,Paschim Medinipur,0.2409086787842784
2015-12-08,Howrah,Purba Medinipur,0.15867202758843083
2015-12-08,Howrah,South 24 Parganas,0.22921689902415507
2015-12-08,Jalpaiguri,Dakshin Dinajpur,0.2254153998823911
2015-12-08,Jalpaiguri,"Darjeeling, Jalpaiguri",0.3460448335733828
2015-12-08,Jalpaiguri,Malda,0.170831928248643
2015-12-08,Jalpaiguri,Uttar Dinajpur,0.25770783062988534
2015-12-08,Malda,Birbhum,0.16097692543753453
2015-12-08,Malda,Dakshin Dinajpur,0.23645802225247897
2015-12-08,Malda,"Darjeeling, Jalpaiguri",0.09877684411167222
2015-12-08,Malda,Jalpaiguri,0.12416855367043937
2015-12-08,Malda,Murshidabad,0.1921535889873598
2015-12-08,Malda,Uttar Dinajpur,0.18746605996873095
2015-12-08,Murshidabad,Bardhaman,0.19933281923480856
2015-12-08,Murshidabad,Birbhum,0.2262480811602845
2015-12-08,Murshidabad,Dakshin Dinajpur,0.15823656131421798
2015-12-08,Murshidabad,Malda,0.20151257977939158
2015-12-08,Murshidabad,Nadia,0.21466995266813516
2015-12-08,Nadia,Bardhaman,0.20672813555487243
2015-12-08,Nadia,Burdwan,0.2045275193303007
2015-12-08,Nadia,Hooghly,0.21380196118235514
2015-12-08,Nadia,Murshidabad,0.19669017914283707
2015-12-08,Nadia,North 24 Parganas,0.17825219943586906
2015-12-08,North 24 Parganas,Hooghly,0.25780791472945747
2015-12-08,North 24 Parganas,Howrah,0.2602447399130593
2015-12-08,North 24 Parganas,Nadia,0.20729144478441722
2015-12-08,North 24 Parganas,South 24 Parganas,0.2746558943471131
2015-12-08,Paschim Medinipur,Bankura,0.20969249791251784
2015-12-08,Paschim Medinipur,Howrah,0.20028493193087257
2015-12-08,Paschim Medinipur,Purba Medinipur,0.25288409347401003
2015-12-08,Paschim Medinipur,Purulia,0.14721054617245763
2015-12-08,Paschim Medinipur,South 24 Parganas,0.1899279245957821
2015-12-08,Purba Medinipur,Hooghly,0.17665319951215216
2015-12-08,Purba Medinipur,Howrah,0.21226061859580284
2015-12-08,Purba Medinipur,Paschim Medinipur,0.4069066014636968
2015-12-08,Purba Medinipur,South 24 Parganas,0.20417957484440685
2015-12-08,Purulia,Bankura,0.27498673842281507
2015-12-08,Purulia,Bardhaman,0.19422465413284562
2015-12-08,Purulia,Birbhum,0.2014162007353483
2015-12-08,Purulia,Paschim Medinipur,0.3293723989444479
2015-12-08,South 24 Parganas,Hooghly,0.19879619629311196
2015-12-08,South 24 Parganas,Howrah,0.23116788271036223
2015-12-08,South 24 Parganas,North 24 Parganas,0.18571019474669256
2015-12-08,South 24 Parganas,Paschim Medinipur,0.23039542642435337
2015-12-08,South 24 Parganas,Purba Medinipur,0.15393029561576524
2015-12-08,Uttar Dinajpur,Dakshin Dinajpur,0.2839256384679874
2015-12-08,Uttar Dinajpur,"Darjeeling, Jalpaiguri",0.21202232827944797
2015-12-08,Uttar Dinajpur,Jalpaiguri,0.2519237454218101
2015-12-08,Uttar Dinajpur,Malda,0.2521282803371082
2016-02-23,Bankura,Bardhaman,0.2135110981817883
2016-02-23,Bankura,Birbhum,0.17901196241348144
2016-02-23,Bankura,Burdwan,0.2175542121804382
2016-02-23,Bankura,Paschim Medinipur,0.19506894452913587
2016-02-23,Bankura,Purulia,0.19485377719325253
2016-02-23,Bardhaman,Bankura,0.17013964033613227
2016-02-23,Bardhaman,Birbhum,0.171573882907198
2016-02-23,Bardhaman,Burdwan,0.22975946405304232
2016-02-23,Bardhaman,Murshidabad,0.14956463322964192
2016-02-23,Bardhaman,Nadia,0.16929271642234764
2016-02-23,Bardhaman,Purulia,0.10966965866736032
2016-02-23,Birbhum,Bankura,0.16212325386292978
2016-02-23,Birbhum,Bardhaman,0.1949976519694785
2016-02-23,Birbhum,Burdwan,0.17672467415333593
2016-02-23,Birbhum,Malda,0.1439612450167808
2016-02-23,Birbhum,Murshidabad,0.19293597214944844
2016-02-23,Birbhum,Purulia,0.12925719786519463
2016-02-23,Burdwan,Bankura,0.1918526497685665
2016-02-23,Burdwan,Bardhaman,0.2542662154374979
2016-02-23,Burdwan,Birbhum,0.17208152139158028
2016-02-23,Burdwan,Hooghly,0.19644401939778428
2016-02-23,Burdwan,Nadia,0.18535558915265493
2016-02-23,Dakshin Dinajpur,"Darjeeling, Jalpaiguri",0.14430313266579106
2016-02-23,Dakshin Dinajpur,Jalpaiguri,0.18391716855299528
2016-02-23,Dakshin Dinajpur,Malda,0.2654300951929456
2016-02-23,Dakshin Dinajpur,Murshidabad,0.16937499061937314
2016-02-23,Dakshin Dinajpur,Uttar Dinajpur,0.23697460671442686
2016-02-23,"Darjeeling, Jalpaiguri",Dakshin Dinajpur,0.3013462502161761
2016-02-23,"Darjeeling, Jalpaiguri",Jalpaiguri,0.34595608539061684
2016-02-23,"Darjeeling, Jalpaiguri",Malda,0.13586299111663475
2016-02-23,"Darjeeling, Jalpaiguri",Uttar Dinajpur,0.21683466561284045
2016-02-23,Hooghly,Burdwan,0.16337724687849428
2016-02-23,Hooghly,Howrah,0.19017176574417452
2016-02-23,Hooghly,Nadia,0.1611455739618548
2016-02-23,Hooghly,North 24 Parganas,0.16709230955276136
2016-02-23,Hooghly,Purba Medinipur,0.12765761022733502
2016-02-23,Hooghly,South 24 Parganas,0.1905554896001709
2016-02-23,Howrah,Hooghly,0.2184709882060173
2016-02-23,Howrah,North 24 Parganas,0.19377150404387064
2016-02-23,Howrah,Paschim Medinipur,0.15698361278972994
2016-02-23,Howrah,Purba Medinipur,0.17621479222644662
2016-02-23,Howrah,South 24 Parganas,0.25455909809825183
2016-02-23,Jalpaiguri,Dakshin Dinajpur,0.33153710824087584
2016-02-23,Jalpaiguri,"Darjeeling, Jalpaiguri",0.29863507497263203
2016-02-23,Jalpaiguri,Malda,0.14742715610991536
2016-02-23,Jalpaiguri,Uttar Dinajpur,0.2224006540611154
2016-02-23,Malda,Birbhum,0.13799616404130116
2016-02-23,Malda,Dakshin Dinajpur,0.3454598307969761
2016-02-23,Malda,"Darjeeling, Jalpaiguri",0.0846756486773979
2016-02-23,Malda,Jalpaiguri,0.10644248580661357
2016-02-23,Malda,Murshidabad,0.16472210607174198
2016-02-23,Malda,Uttar Dinajpur,0.16070375982960264
2016-02-23,Murshidabad,Bardhaman,0.17934607480403678
2016-02-23,Murshidabad,Birbhum,0.20356259166857985
2016-02-23,Murshidabad,Dakshin Dinajpur,0.24263867223987554
2016-02-23,Murshidabad,Malda,0.18130727466658006
2016-02-23,Murshidabad,Nadia,0.19314538136364898
2016-02-23,Nadia,Bardhaman,0.20672813555487243
2016-02-23,Nadia,Burdwan,0.20452751933030067
2016-02-23,Nadia,Hooghly,0.21380196118235517
2016-02-23,Nadia,Murshidabad,0.1966901791428371
2016-02-23,Nadia,North 24 Parganas,0.17825219943586906
2016-02-23,North 24 Parganas,Hooghly,0.2578079147294574
2016-02-23,North 24 Parganas,Howrah,0.2602447399130593
2016-02-23,North 24 Parganas,Nadia,0.2072914447844172
2016-02-23,North 24 Parganas,South 24 Parganas,0.2746558943471131
2016-02-23,Paschim Medinipur,Bankura,0.20969249791251787
2016-02-23,Paschim Medinipur,Howrah,0.2002849319308726
2016-02-23,Paschim Medinipur,Purba Medinipur,0.25288409347401003
2016-02-23,Paschim Medinipur,Purulia,0.14721054617245763
2016-02-23,Paschim Medinipur,South 24 Parganas,0.1899279245957821
2016-02-23,Purba Medinipur,Hooghly,0.21236195151042142
2016-02-23,Purba Medinipur,Howrah,0.25516706925375043
2016-02-23,Purba Medinipur,Paschim Medinipur,0.28701845260123243
2016-02-23,Purba Medinipur,South 24 Parganas,0.24545251992191408
2016-02-23,Purulia,Bankura,0.3183122597754093
2016-02-23,Purulia,Bardhaman,0.2248257094713553
2016-02-23,Purulia,Birbhum,0.23315031982693915
2016-02-23,Purulia,Paschim Medinipur,0.22371170193841086
2016-02-23,South 24 Parganas,Hooghly,0.21971499707324382
2016-02-23,South 24 Parganas,Howrah,0.25549307089481293
2016-02-23,South 24 Parganas,North 24 Parganas,0.20525199000829614
2016-02-23,South 24 Parganas,Paschim Medinipur,0.14941196167852858
2016-02-23,South 24 Parganas,Purba Medinipur,0.17012797569242658
2016-02-23,Uttar Dinajpur,Dakshin Dinajpur,0.4032525796073506
2016-02-23,Uttar Dinajpur,"Darjeeling, Jalpaiguri",0.17669083584519274
2016-02-23,Uttar Dinajpur,Jalpaiguri,0.20994306358697754
2016-02-23,Uttar Dinajpur,Malda,0.21011351471557715
2016-06-09,Bankura,Bardhaman,0.3163171092506696
2016-06-09,Bankura,Birbhum,0.1556123877382417
2016-06-09,Bankura,Burdwan,0.18911658172716891
2016-06-09,Bankura,Paschim Medinipur,0.16957047910375514
2016-06-09,Bankura,Purulia,0.16938343739744313
2016-06-09,Bardhaman,Bankura,0.17013964033613224
2016-06-09,Bardhaman,Birbhum,0.17157388290719797
2016-06-09,Bardhaman,Burdwan,0.2297594640530423
2016-06-09,Bardhaman,Murshidabad,0.1495646332296419
2016-06-09,Bardhaman,Nadia,0.16929271642234764
2016-06-09,Bardhaman,Purulia,0.1096696586673603
2016-06-09,Birbhum,Bankura,0.14254695173150664
2016-06-09,Birbhum,Bardhaman,0.2922012844284854
2016-06-09,Birbhum,Burdwan,0.15538525779651888
2016-06-09,Birbhum,Malda,0.12657799640491257
2016-06-09,Birbhum,Murshidabad,0.16963904963634147
2016-06-09,Birbhum,Purulia,0.1136494556210774
2016-06-09,Burdwan,Bankura,0.16271471132337048
2016-06-09,Burdwan,Bardhaman,0.36752576716793933
2016-06-09,Burdwan,Birbhum,0.14594635576362522
2016-06-09,Burdwan,Hooghly,0.16660875909752568
2016-06-09,Burdwan,Nadia,0.15720440253251586
2016-06-09,Dakshin Dinajpur,"Darjeeling, Jalpaiguri",0.14430313266579106
2016-06-09,Dakshin Dinajpur,Jalpaiguri,0.18391716855299528
2016-06-09,Dakshin Dinajpur,Malda,0.2654300951929456
2016-06-09,Dakshin Dinajpur,Murshidabad,0.1693749906193731
2016-06-09,Dakshin Dinajpur,Uttar Dinajpur,0.23697460671442683
2016-06-09,"Darjeeling, Jalpaiguri",Dakshin Dinajpur,0.20196852756760716
2016-06-09,"Darjeeling, Jalpaiguri",Jalpaiguri,0.3951654797625375
2016-06-09,"Darjeeling, Jalpaiguri",Malda,0.15518837891219384
2016-06-09,"Darjeeling, Jalpaiguri",Uttar Dinajpur,0.2476776050038271
2016-06-09,Hooghly,Burdwan,0.16337724687849428
2016-06-09,Hooghly,Howrah,0.19017176574417452
2016-06-09,Hooghly,Nadia,0.1611455739618548
2016-06-09,Hooghly,North 24 Parganas,0.16709230955276136
2016-06-09,Hooghly,Purba Medinipur,0.12765761022733502
2016-06-09,Hooghly,South 24 Parganas,0.1905554896001709
2016-06-09,Howrah,Hooghly,0.21847098820601732
2016-06-09,Howrah,North 24 Parganas,0.1937715040438707
2016-06-09,Howrah,Paschim Medinipur,0.15698361278972997
2016-06-09,Howrah,Purba Medinipur,0.17621479222644665
2016-06-09,Howrah,South 24 Parganas,0.25455909809825183
2016-06-09,Jalpaiguri,Dakshin Dinajpur,0.2254153998823911
2016-06-09,Jalpaiguri,"Darjeeling, Jalpaiguri",0.34604483357338284
2016-06-09,Jalpaiguri,Malda,0.17083192824864296
2016-06-09,Jalpaiguri,Uttar Dinajpur,0.25770783062988534
2016-06-09,Malda,Birbhum,0.16097692543753456
2016-06-09,Malda,Dakshin Dinajpur,0.236458022252479
2016-06-09,Malda,"Darjeeling, Jalpaiguri",0.0987768441116722
2016-06-09,Malda,Jalpaiguri,0.12416855367043939
2016-06-09,Malda,Murshidabad,0.1921535889873598
2016-06-09,Malda,Uttar Dinajpur,0.187466059968731
2016-06-09,Murshidabad,Bardhaman,0.29789776897109776
2016-06-09,Murshidabad,Birbhum,0.1983961455705389
2016-06-09,Murshidabad,Dakshin Dinajpur,0.1387570833400195
2016-06-09,Murshidabad,Malda,0.17670567152295016
2016-06-09,Murshidabad,Nadia,0.18824332547154532
2016-06-09,Nadia,Bardhaman,0.30754526337969335
2016-06-09,Nadia,Burdwan,0.17853406363848745
2016-06-09,Nadia,Hooghly,0.18662981426044709
2016-06-09,Nadia,Murshidabad,0.17169277305633643
2016-06-09,Nadia,North 24 Parganas,0.1555980809916814
2016-06-09,North 24 Parganas,Hooghly,0.2578079147294574
2016-06-09,North 24 Parganas,Howrah,0.2602447399130593
2016-06-09,North 24 Parganas,Nadia,0.20729144478441722
2016-06-09,North 24 Parganas,South 24 Parganas,0.2746558943471131
2016-06-09,Paschim Medinipur,Bankura,0.20969249791251784
2016-06-09,Paschim Medinipur,Howrah,0.20028493193087263
2016-06-09,Paschim Medinipur,Purba Medinipur,0.25288409347401003
2016-06-09,Paschim Medinipur,Purulia,0.14721054617245763
2016-06-09,Paschim Medinipur,South 24 Parganas,0.1899279245957821
2016-06-09,Purba Medinipur,Hooghly,0.21236195151042142
2016-06-09,Purba Medinipur,Howrah,0.25516706925375043
2016-06-09,Purba Medinipur,Paschim Medinipur,0.28701845260123243
2016-06-09,Purba Medinipur,South 24 Parganas,0.24545251992191408
2016-06-09,Purulia,Bankura,0.2748004839494073
2016-06-09,Purulia,Bardhaman,0.33078835753071933
2016-06-09,Purulia,Birbhum,0.2012797771804565
2016-06-09,Purulia,Paschim Medinipur,0.19313137358013285
2016-06-09,South 24 Parganas,Hooghly,0.21971499707324385
2016-06-09,South 24 Parganas,Howrah,0.255493070894813
2016-06-09,South 24 Parganas,North 24 Parganas,0.2052519900082962
2016-06-09,South 24 Parganas,Paschim Medinipur,0.14941196167852858
2016-06-09,South 24 Parganas,Purba Medinipur,0.17012797569242663
2016-06-09,Uttar Dinajpur,Dakshin Dinajpur,0.2839256384679874
2016-06-09,Uttar Dinajpur,"Darjeeling, Jalpaiguri",0.21202232827944797
2016-06-09,Uttar Dinajpur,Jalpaiguri,0.25192374542181006
2016-06-09,Uttar Dinajpur,Malda,0.2521282803371082
2016-06-10,Bankura,Bardhaman,0.21351109818178826
2016-06-10,Bankura,Birbhum,0.1790119624134814
2016-06-10,Bankura,Burdwan,0.21755421218043813
2016-06-10,Bankura,Paschim Medinipur,0.19506894452913584
2016-06-10,Bankura,Purulia,0.19485377719325248
2016-06-10,Bardhaman,Bankura,0.17013964033613227
2016-06-10,Bardhaman,Birbhum,0.171573882907198
2016-06-10,Bardhaman,Burdwan,0.22975946405304234
2016-06-10,Bardhaman,Murshidabad,0.14956463322964195
2016-06-10,Bardhaman,Nadia,0.16929271642234767
2016-06-10,Bardhaman,Purulia,0.10966965866736032
2016-06-10,Birbhum,Bankura,0.16212325386292975
2016-06-10,Birbhum,Bardhaman,0.19499765196947846
2016-06-10,Birbhum,Burdwan,0.1767246741533359
2016-06-10,Birbhum,Malda,0.1439612450167808
2016-06-10,Birbhum,Murshidabad,0.19293597214944838
2016-06-10,Birbhum,Purulia,0.12925719786519463
2016-06-10,Burdwan,Bankura,0.19185264976856647
2016-06-10,Burdwan,Bardhaman,0.2542662154374979
2016-06-10,Burdwan,Birbhum,0.17208152139158028
2016-06-10,Burdwan,Hooghly,0.19644401939778428
2016-06-10,Burdwan,Nadia,0.18535558915265496
2016-06-10,Dakshin Dinajpur,"Darjeeling, Jalpaiguri",0.12366412190574662
2016-06-10,Dakshin Dinajpur,Jalpaiguri,0.15761234515381456
2016-06-10,Dakshin Dinajpur,Malda,0.22746685427416052
2016-06-10,Dakshin Dinajpur,Murshidabad,0.14515006778300024
2016-06-10,Dakshin Dinajpur,Uttar Dinajpur,0.3461066055233576
2016-06-10,"Darjeeling, Jalpaiguri",Dakshin Dinajpur,0.17197100922005412
2016-06-10,"Darjeeling, Jalpaiguri",Jalpaiguri,0.336473247501111
2016-06-10,"Darjeeling, Jalpaiguri",Malda,0.13213891521697904
2016-06-10,"Darjeeling, Jalpaiguri",Uttar Dinajpur,0.3594168206081908
2016-06-10,Hooghly,Burdwan,0.16337724687849428
2016-06-10,Hooghly,Howrah,0.19017176574417455
2016-06-10,Hooghly,Nadia,0.1611455739618548
2016-06-10,Hooghly,North 24 Parganas,0.16709230955276136
2016-06-10,Hooghly,Purba Medinipur,0.12765761022733502
2016-06-10,Hooghly,South 24 Parganas,0.1905554896001709
2016-06-10,Howrah,Hooghly,0.2184709882060173
2016-06-10,Howrah,North 24 Parganas,0.19377150404387067
2016-06-10,Howrah,Paschim Medinipur,0.15698361278972994
2016-06-10,Howrah,Purba Medinipur,0.17621479222644662
2016-06-10,Howrah,South 24 Parganas,0.25455909809825183
2016-06-10,Jalpaiguri,Dakshin Dinajpur,0.19078785582536611
2016-06-10,Jalpaiguri,"Darjeeling, Jalpaiguri",0.2928866077976813
2016-06-10,Jalpaiguri,Malda,0.1445893107306616
2016-06-10,Jalpaiguri,Uttar Dinajpur,0.3717362191581714
2016-06-10,Malda,Birbhum,0.14220224885068045
2016-06-10,Malda,Dakshin Dinajpur,0.20888001452192312
2016-06-10,Malda,"Darjeeling, Jalpaiguri",0.08725653896591161
2016-06-10,Malda,Jalpaiguri,0.10968682325420936
2016-06-10,Malda,Murshidabad,0.1697427901822797
2016-06-10,Malda,Uttar Dinajpur,0.2822315793030468
2016-06-10,Murshidabad,Bardhaman,0.19933281923480858
2016-06-10,Murshidabad,Birbhum,0.2262480811602845
2016-06-10,Murshidabad,Dakshin Dinajpur,0.15823656131421798
2016-06-10,Murshidabad,Malda,0.2015125797793916
2016-06-10,Murshidabad,Nadia,0.21466995266813516
2016-06-10,Nadia,Bardhaman,0.20672813555487246
2016-06-10,Nadia,Burdwan,0.2045275193303007
2016-06-10,Nadia,Hooghly,0.21380196118235514
2016-06-10,Nadia,Murshidabad,0.19669017914283707
2016-06-10,Nadia,North 24 Parganas,0.1782521994358691
2016-06-10,North 24 Parganas,Hooghly,0.2578079147294574
2016-06-10,North 24 Parganas,Howrah,0.26024473991305924
2016-06-10,North 24 Parganas,Nadia,0.2072914447844172
2016-06-10,North 24 Parganas,South 24 Parganas,0.27465589434711307
2016-06-10,Paschim Medinipur,Bankura,0.20969249791251784
2016-06-10,Paschim Medinipur,Howrah,0.20028493193087257
2016-06-10,Paschim Medinipur,Purba Medinipur,0.25288409347401003
2016-06-10,Paschim Medinipur,Purulia,0.14721054617245763
2016-06-10,Paschim Medinipur,South 24 Parganas,0.1899279245957821
2016-06-10,Purba Medinipur,Hooghly,0.2123619515104214
2016-06-10,Purba Medinipur,Howrah,0.25516706925375043
2016-06-10,Purba Medinipur,Paschim Medinipur,0.28701845260123243
2016-06-10,Purba Medinipur,South 24 Parganas,0.24545251992191405
2016-06-10,Purulia,Bankura,0.31831225977540933
2016-06-10,Purulia,Bardhaman,0.22482570947135533
2016-06-10,Purulia,Birbhum,0.2331503198269392
2016-06-10,Purulia,Paschim Medinipur,0.22371170193841092
2016-06-10,South 24 Parganas,Hooghly,0.21971499707324385
2016-06-10,South 24 Parganas,Howrah,0.255493070894813
2016-06-10,South 24 Parganas,North 24 Parganas,0.20525199000829616
2016-06-10,South 24 Parganas,Paschim Medinipur,0.1494119616785286
2016-06-10,South 24 Parganas,Purba Medinipur,0.1701279756924266
2016-06-10,Uttar Dinajpur,Dakshin Dinajpur,0.28392563846798746
2016-06-10,Uttar Dinajpur,"Darjeeling, Jalpaiguri",0.212022328279448
2016-06-10,Uttar Dinajpur,Jalpaiguri,0.2519237454218101
2016-06-10,Uttar Dinajpur,Malda,0.25212828033710827
2016-07-11,Bankura,Bardhaman,0.2135110981817883
2016-07-11,Bankura,Birbhum,0.17901196241348144
2016-07-11,Bankura,Burdwan,0.2175542121804382
2016-07-11,Bankura,Paschim Medinipur,0.19506894452913587
2016-07-11,Bankura,Purulia,0.19485377719325253
2016-07-11,Bardhaman,Bankura,0.17013964033613224
2016-07-11,Bardhaman,Birbhum,0.17157388290719797
2016-07-11,Bardhaman,Burdwan,0.22975946405304232
2016-07-11,Bardhaman,Murshidabad,0.14956463322964192
2016-07-11,Bardhaman,Nadia,0.16929271642234764
2016-07-11,Bardhaman,Purulia,0.1096696586673603
2016-07-11,Birbhum,Bankura,0.16212325386292975
2016-07-11,Birbhum,Bardhaman,0.19499765196947846
2016-07-11,Birbhum,Burdwan,0.17672467415333593
2016-07-11,Birbhum,Malda,0.1439612450167808
2016-07-11,Birbhum,Murshidabad,0.1929359721494484
2016-07-11,Birbhum,Purulia,0.12925719786519463
2016-07-11,Burdwan,Bankura,0.19185264976856647
2016-07-11,Burdwan,Bardhaman,0.2542662154374979
2016-07-11,Burdwan,Birbhum,0.17208152139158028
2016-07-11,Burdwan,Hooghly,0.19644401939778428
2016-07-11,Burdwan,Nadia,0.18535558915265496
2016-07-11,Dakshin Dinajpur,"Darjeeling, Jalpaiguri",0.14430313266579106
2016-07-11,Dakshin Dinajpur,Jalpaiguri,0.18391716855299525
2016-07-11,Dakshin Dinajpur,Malda,0.2654300951929455
2016-07-11,Dakshin Dinajpur,Murshidabad,0.1693749906193731
2016-07-11,Dakshin Dinajpur,Uttar Dinajpur,0.2369746067144268
2016-07-11,"Darjeeling, Jalpaiguri",Dakshin Dinajpur,0.20196852756760714
2016-07-11,"Darjeeling, Jalpaiguri",Jalpaiguri,0.39516547976253746
2016-07-11,"Darjeeling, Jalpaiguri",Malda,0.1551883789121938
2016-07-11,"Darjeeling, Jalpaiguri",Uttar Dinajpur,0.24767760500382713
2016-07-11,Hooghly,Burdwan,0.14404575893657232
2016-07-11,Hooghly,Howrah,0.1676698368243438
2016-07-11,Hooghly,Nadia,0.1420781470131409
2016-07-11,Hooghly,North 24 Parganas,0.14732123965764068
2016-07-11,Hooghly,Purba Medinipur,0.11255262100787752
2016-07-11,Hooghly,South 24 Parganas,0.2863323930026787
2016-07-11,Howrah,Hooghly,0.18525793607672358
2016-07-11,Howrah,North 24 Parganas,0.1643133910109775
2016-07-11,Howrah,Paschim Medinipur,0.1331181789495467
2016-07-11,Howrah,Purba Medinipur,0.14942573831943254
2016-07-11,Howrah,South 24 Parganas,0.36788475171237595
2016-07-11,Jalpaiguri,Dakshin Dinajpur,0.22541539988239107
2016-07-11,Jalpaiguri,"Darjeeling, Jalpaiguri",0.3460448335733828
2016-07-11,Jalpaiguri,Malda,0.17083192824864296
2016-07-11,Jalpaiguri,Uttar Dinajpur,0.25770783062988534
2016-07-11,Malda,Birbhum,0.16097692543753456
2016-07-11,Malda,Dakshin Dinajpur,0.236458022252479
2016-07-11,Malda,"Darjeeling, Jalpaiguri",0.09877684411167222
2016-07-11,Malda,Jalpaiguri,0.1241685536704394
2016-07-11,Malda,Murshidabad,0.19215358898735982
2016-07-11,Malda,Uttar Dinajpur,0.187466059968731
2016-07-11,Murshidabad,Bardhaman,0.19933281923480856
2016-07-11,Murshidabad,Birbhum,0.2262480811602845
2016-07-11,Murshidabad,Dakshin Dinajpur,0.15823656131421796
2016-07-11,Murshidabad,Malda,0.20151257977939158
2016-07-11,Murshidabad,Nadia,0.21466995266813518
2016-07-11,Nadia,Bardhaman,0.20672813555487243
2016-07-11,Nadia,Burdwan,0.20452751933030067
2016-07-11,Nadia,Hooghly,0.21380196118235514
2016-07-11,Nadia,Murshidabad,0.19669017914283707
2016-07-11,Nadia,North 24 Parganas,0.17825219943586906
2016-07-11,North 24 Parganas,Hooghly,0.21602197300229684
2016-07-11,North 24 Parganas,Howrah,0.21806383344935007
2016-07-11,North 24 Parganas,Nadia,0.17369329772446246
2016-07-11,North 24 Parganas,South 24 Parganas,0.3922208906070506
2016-07-11,Paschim Medinipur,Bankura,0.18495286617487006
2016-07-11,Paschim Medinipur,Howrah,0.17665520980015134
2016-07-11,Paschim Medinipur,Purba Medinipur,0.223048694462902
2016-07-11,Paschim Medinipur,Purulia,0.12984256812622352
2016-07-11,Paschim Medinipur,South 24 Parganas,0.2855006562192726
2016-07-11,Purba Medinipur,Hooghly,0.18106233883660883
2016-07-11,Purba Medinipur,Howrah,0.2175584939983928
2016-07-11,Purba Medinipur,Paschim Medinipur,0.2447153642524952
2016-07-11,Purba Medinipur,South 24 Parganas,0.35666379718919045
2016-07-11,Purulia,Bankura,0.3183122597754094
2016-07-11,Purulia,Bardhaman,0.22482570947135533
2016-07-11,Purulia,Birbhum,0.2331503198269392
2016-07-11,Purulia,Paschim Medinipur,0.22371170193841092
2016-07-11,South 24 Parganas,Hooghly,0.21971499707324382
2016-07-11,South 24 Parganas,Howrah,0.255493070894813
2016-07-11,South 24 Parganas,North 24 Parganas,0.20525199000829616
2016-07-11,South 24 Parganas,Paschim Medinipur,0.1494119616785286
2016-07-11,South 24 Parganas,Purba Medinipur,0.1701279756924266
2016-07-11,Uttar Dinajpur,Dakshin Dinajpur,0.2839256384679874
2016-07-11,Uttar Dinajpur,"Darjeeling, Jalpaiguri",0.21202232827944803
2016-07-11,Uttar Dinajpur,Jalpaiguri,0.2519237454218101
2016-07-11,Uttar Dinajpur,Malda,0.25212828033710827
2016-07-15,Bankura,Bardhaman,0.21351109818178826
2016-07-15,Bankura,Birbhum,0.1790119624134814
2016-07-15,Bankura,Burdwan,0.21755421218043816
2016-07-15,Bankura,Paschim Medinipur,0.19506894452913584
2016-07-15,Bankura,Purulia,0.1948537771932525
2016-07-15,Bardhaman,Bankura,0.17013964033613227
2016-07-15,Bardhaman,Birbhum,0.171573882907198
2016-07-15,Bardhaman,Burdwan,0.22975946405304237
2016-07-15,Bardhaman,Murshidabad,0.14956463322964192
2016-07-15,Bardhaman,Nadia,0.16929271642234767
2016-07-15,Bardhaman,Purulia,0.10966965866736031
2016-07-15,Birbhum,Bankura,0.16212325386292975
2016-07-15,Birbhum,Bardhaman,0.19499765196947846
2016-07-15,Birbhum,Burdwan,0.1767246741533359
2016-07-15,Birbhum,Malda,0.1439612450167808
2016-07-15,Birbhum,Murshidabad,0.1929359721494484
2016-07-15,Birbhum,Purulia,0.1292571978651946
2016-07-15,Burdwan,Bankura,0.19185264976856645
2016-07-15,Burdwan,Bardhaman,0.2542662154374979
2016-07-15,Burdwan,Birbhum,0.17208152139158026
2016-07-15,Burdwan,Hooghly,0.19644401939778425
2016-07-15,Burdwan,Nadia,0.18535558915265493
2016-07-15,Dakshin Dinajpur,"Darjeeling, Jalpaiguri",0.14430313266579106
2016-07-15,Dakshin Dinajpur,Jalpaiguri,0.18391716855299528
2016-07-15,Dakshin Dinajpur,Malda,0.2654300951929456
2016-07-15,Dakshin Dinajpur,Murshidabad,0.16937499061937314
2016-07-15,Dakshin Dinajpur,Uttar Dinajpur,0.23697460671442686
2016-07-15,"Darjeeling, Jalpaiguri",Dakshin Dinajpur,0.20196852756760716
2016-07-15,"Darjeeling, Jalpaiguri",Jalpaiguri,0.39516547976253746
2016-07-15,"Darjeeling, Jalpaiguri",Malda,0.1551883789121938
2016-07-15,"Darjeeling, Jalpaiguri",Uttar Dinajpur,0.2476776050038271
2016-07-15,Hooghly,Burdwan,0.1461754344918448
2016-07-15,Hooghly,Howrah,0.1701487876485646
2016-07-15,Hooghly,Nadia,0.14417873198604197
2016-07-15,Hooghly,North 24 Parganas,0.25478825314475045
2016-07-15,Hooghly,Purba Medinipur,0.11421667948076787
2016-07-15,Hooghly,South 24 Parganas,0.17049210963768388
2016-07-15,Howrah,Hooghly,0.1922366851749342
2016-07-15,Howrah,North 24 Parganas,0.2905845539086991
2016-07-15,Howrah,Paschim Medinipur,0.13813280013648926
2016-07-15,Howrah,Purba Medinipur,0.15505467254287292
2016-07-15,Howrah,South 24 Parganas,0.22399128415798047
2016-07-15,Jalpaiguri,Dakshin Dinajpur,0.22541539988239107
2016-07-15,Jalpaiguri,"Darjeeling, Jalpaiguri",0.3460448335733828
2016-07-15,Jalpaiguri,Malda,0.17083192824864296
2016-07-15,Jalpaiguri,Uttar Dinajpur,0.25770783062988534
2016-07-15,Malda,Birbhum,0.16097692543753456
2016-07-15,Malda,Dakshin Dinajpur,0.23645802225247903
2016-07-15,Malda,"Darjeeling, Jalpaiguri",0.09877684411167222
2016-07-15,Malda,Jalpaiguri,0.12416855367043939
2016-07-15,Malda,Murshidabad,0.19215358898735982
2016-07-15,Malda,Uttar Dinajpur,0.187466059968731
2016-07-15,Murshidabad,Bardhaman,0.19933281923480853
2016-07-15,Murshidabad,Birbhum,0.2262480811602845
2016-07-15,Murshidabad,Dakshin Dinajpur,0.15823656131421798
2016-07-15,Murshidabad,Malda,0.20151257977939158
2016-07-15,Murshidabad,Nadia,0.21466995266813518
2016-07-15,Nadia,Bardhaman,0.18367036384687271
2016-07-15,Nadia,Burdwan,0.1817151970691646
2016-07-15,Nadia,Hooghly,0.1899551983871824
2016-07-15,Nadia,Murshidabad,0.17475200785469472
2016-07-15,Nadia,North 24 Parganas,0.2699072280854612
2016-07-15,North 24 Parganas,Hooghly,0.2578079147294574
2016-07-15,North 24 Parganas,Howrah,0.26024473991305924
2016-07-15,North 24 Parganas,Nadia,0.2072914447844172
2016-07-15,North 24 Parganas,South 24 Parganas,0.27465589434711307
2016-07-15,Paschim Medinipur,Bankura,0.20969249791251782
2016-07-15,Paschim Medinipur,Howrah,0.20028493193087257
2016-07-15,Paschim Medinipur,Purba Medinipur,0.25288409347401
2016-07-15,Paschim Medinipur,Purulia,0.14721054617245763
2016-07-15,Paschim Medinipur,South 24 Parganas,0.18992792459578206
2016-07-15,Purba Medinipur,Hooghly,0.21236195151042142
2016-07-15,Purba Medinipur,Howrah,0.2551670692537505
2016-07-15,Purba Medinipur,Paschim Medinipur,0.28701845260123243
2016-07-15,Purba Medinipur,South 24 Parganas,0.24545251992191408
2016-07-15,Purulia,Bankura,0.3183122597754093
2016-07-15,Purulia,Bardhaman,0.22482570947135527
2016-07-15,Purulia,Birbhum,0.23315031982693915
2016-07-15,Purulia,Paschim Medinipur,0.2237117019384109
2016-07-15,South 24 Parganas,Hooghly,0.19196556722445246
2016-07-15,South 24 Parganas,Howrah,0.22322496383753976
2016-07-15,South 24 Parganas,North 24 Parganas,0.30562658639226314
2016-07-15,South 24 Parganas,Paschim Medinipur,0.1305416214450556
2016-07-15,South 24 Parganas,Purba Medinipur,0.14864125703562
2016-07-15,Uttar Dinajpur,Dakshin Dinajpur,0.2839256384679874
2016-07-15,Uttar Dinajpur,"Darjeeling, Jalpaiguri",0.21202232827944797
2016-07-15,Uttar Dinajpur,Jalpaiguri,0.2519237454218101
2016-07-15,Uttar Dinajpur,Malda,0.2521282803371082
2016-08-10,Bankura,Bardhaman,0.2135110981817883
2016-08-10,Bankura,Birbhum,0.17901196241348144
2016-08-10,Bankura,Burdwan,0.21755421218043822
2016-08-10,Bankura,Paschim Medinipur,0.19506894452913587
2016-08-10,Bankura,Purulia,0.19485377719325253
2016-08-10,Bardhaman,Bankura,0.17013964033613224
2016-08-10,Bardhaman,Birbhum,0.17157388290719797
2016-08-10,Bardhaman,Burdwan,0.22975946405304234
2016-08-10,Bardhaman,Murshidabad,0.14956463322964192
2016-08-10,Bardhaman,Nadia,0.16929271642234764
2016-08-10,Bardhaman,Purulia,0.1096696586673603
2016-08-10,Birbhum,Bankura,0.16212325386292972
2016-08-10,Birbhum,Bardhaman,0.19499765196947844
2016-08-10,Birbhum,Burdwan,0.1767246741533359
2016-08-10,Birbhum,Malda,0.1439612450167808
2016-08-10,Birbhum,Murshidabad,0.19293597214944838
2016-08-10,Birbhum,Purulia,0.1292571978651946
2016-08-10,Burdwan,Bankura,0.16853558982856626
2016-08-10,Burdwan,Bardhaman,0.22336364206556356
2016-08-10,Burdwan,Birbhum,0.15116737111169545
2016-08-10,Burdwan,Hooghly,0.29410523485375833
2016-08-10,Burdwan,Nadia,0.16282815787818405
2016-08-10,Dakshin Dinajpur,"Darjeeling, Jalpaiguri",0.14430313266579103
2016-08-10,Dakshin Dinajpur,Jalpaiguri,0.18391716855299522
2016-08-10,Dakshin Dinajpur,Malda,0.2654300951929455
2016-08-10,Dakshin Dinajpur,Murshidabad,0.1693749906193731
2016-08-10,Dakshin Dinajpur,Uttar Dinajpur,0.2369746067144268
2016-08-10,"Darjeeling, Jalpaiguri",Dakshin Dinajpur,0.20196852756760714
2016-08-10,"Darjeeling, Jalpaiguri",Jalpaiguri,0.3951654797625374
2016-08-10,"Darjeeling, Jalpaiguri",Malda,0.1551883789121938
2016-08-10,"Darjeeling, Jalpaiguri",Uttar Dinajpur,0.2476776050038271
2016-08-10,Hooghly,Burdwan,0.16337724687849428
2016-08-10,Hooghly,Howrah,0.19017176574417452
2016-08-10,Hooghly,Nadia,0.1611455739618548
2016-08-10,Hooghly,North 24 Parganas,0.16709230955276136
2016-08-10,Hooghly,Purba Medinipur,0.127657610227335
2016-08-10,Hooghly,South 24 Parganas,0.19055548960017088
2016-08-10,Howrah,Hooghly,0.3226853544573114
2016-08-10,Howrah,North 24 Parganas,0.16793270063830332
2016-08-10,Howrah,Paschim Medinipur,0.13605035571055082
2016-08-10,Howrah,Purba Medinipur,0.1527171195631783
2016-08-10,Howrah,South 24 Parganas,0.22061446561312598
2016-08-10,Jalpaiguri,Dakshin Dinajpur,0.22541539988239107
2016-08-10,Jalpaiguri,"Darjeeling, Jalpaiguri",0.3460448335733827
2016-08-10,Jalpaiguri,Malda,0.17083192824864296
2016-08-10,Jalpaiguri,Uttar Dinajpur,0.25770783062988534
2016-08-10,Malda,Birbhum,0.16097692543753456
2016-08-10,Malda,Dakshin Dinajpur,0.23645802225247903
2016-08-10,Malda,"Darjeeling, Jalpaiguri",0.09877684411167222
2016-08-10,Malda,Jalpaiguri,0.1241685536704394
2016-08-10,Malda,Murshidabad,0.19215358898735982
2016-08-10,Malda,Uttar Dinajpur,0.187466059968731
2016-08-10,Murshidabad,Bardhaman,0.19933281923480853
2016-08-10,Murshidabad,Birbhum,0.2262480811602845
2016-08-10,Murshidabad,Dakshin Dinajpur,0.15823656131421798
2016-08-10,Murshidabad,Malda,0.20151257977939155
2016-08-10,Murshidabad,Nadia,0.21466995266813516
2016-08-10,Nadia,Bardhaman,0.17967364203275388
2016-08-10,Nadia,Burdwan,0.17776102026637494
2016-08-10,Nadia,Hooghly,0.31669163167255543
2016-08-10,Nadia,Murshidabad,0.1709493521228412
2016-08-10,Nadia,North 24 Parganas,0.15492434925235568
2016-08-10,North 24 Parganas,Hooghly,0.3718584038508051
2016-08-10,North 24 Parganas,Howrah,0.22025369114362514
2016-08-10,North 24 Parganas,Nadia,0.17543757415237488
2016-08-10,North 24 Parganas,South 24 Parganas,0.232450325583966
2016-08-10,Paschim Medinipur,Bankura,0.20969249791251782
2016-08-10,Paschim Medinipur,Howrah,0.20028493193087257
2016-08-10,Paschim Medinipur,Purba Medinipur,0.25288409347401003
2016-08-10,Paschim Medinipur,Purulia,0.14721054617245763
2016-08-10,Paschim Medinipur,South 24 Parganas,0.1899279245957821
2016-08-10,Purba Medinipur,Hooghly,0.3148361440166211
2016-08-10,Purba Medinipur,Howrah,0.22196902933415208
2016-08-10,Purba Medinipur,Paschim Medinipur,0.2496764473221675
2016-08-10,Purba Medinipur,South 24 Parganas,0.21351837348771874
2016-08-10,Purulia,Bankura,0.31831225977540933
2016-08-10,Purulia,Bardhaman,0.2248257094713553
2016-08-10,Purulia,Birbhum,0.23315031982693918
2016-08-10,Purulia,Paschim Medinipur,0.22371170193841092
2016-08-10,South 24 Parganas,Hooghly,0.3242765541486035
2016-08-10,South 24 Parganas,Howrah,0.22125589702305706
2016-08-10,South 24 Parganas,North 24 Parganas,0.17774733774971857
2016-08-10,South 24 Parganas,Paschim Medinipur,0.12939011414821358
2016-08-10,South 24 Parganas,Purba Medinipur,0.14733009290119617
2016-08-10,Uttar Dinajpur,Dakshin Dinajpur,0.2839256384679874
2016-08-10,Uttar Dinajpur,"Darjeeling, Jalpaiguri",0.212022328279448
2016-08-10,Uttar Dinajpur,Jalpaiguri,0.2519237454218101
2016-08-10,Uttar Dinajpur,Malda,0.2521282803371082
2016-08-17,Bankura,Bardhaman,0.18772145162771384
2016-08-17,Bankura,Birbhum,0.15738940846237853
2016-08-17,Bankura,Burdwan,0.19127620468451595
2016-08-17,Bankura,Paschim Medinipur,0.2922952133168926
2016-08-17,Bankura,Purulia,0.171317717071161
2016-08-17,Bardhaman,Bankura,0.17013964033613224
2016-08-17,Bardhaman,Birbhum,0.17157388290719797
2016-08-17,Bardhaman,Burdwan,0.22975946405304232
2016-08-17,Bardhaman,Murshidabad,0.1495646332296419
2016-08-17,Bardhaman,Nadia,0.16929271642234764
2016-08-17,Bardhaman,Purulia,0.1096696586673603
2016-08-17,Birbhum,Bankura,0.16212325386292978
2016-08-17,Birbhum,Bardhaman,0.1949976519694785
2016-08-17,Birbhum,Burdwan,0.17672467415333593
2016-08-17,Birbhum,Malda,0.14396124501678081
2016-08-17,Birbhum,Murshidabad,0.19293597214944844
2016-08-17,Birbhum,Purulia,0.12925719786519463
2016-08-17,Burdwan,Bankura,0.19185264976856645
2016-08-17,Burdwan,Bardhaman,0.2542662154374979
2016-08-17,Burdwan,Birbhum,0.17208152139158026
2016-08-17,Burdwan,Hooghly,0.19644401939778425
2016-08-17,Burdwan,Nadia,0.18535558915265493
2016-08-17,Dakshin Dinajpur,"Darjeeling, Jalpaiguri",0.14430313266579103
2016-08-17,Dakshin Dinajpur,Jalpaiguri,0.18391716855299525
2016-08-17,Dakshin Dinajpur,Malda,0.2654300951929455
2016-08-17,Dakshin Dinajpur,Murshidabad,0.1693749906193731
2016-08-17,Dakshin Dinajpur,Uttar Dinajpur,0.2369746067144268
2016-08-17,"Darjeeling, Jalpaiguri",Dakshin Dinajpur,0.20196852756760714
2016-08-17,"Darjeeling, Jalpaiguri",Jalpaiguri,0.3951654797625374
2016-08-17,"Darjeeling, Jalpaiguri",Malda,0.1551883789121938
2016-08-17,"Darjeeling, Jalpaiguri",Uttar Dinajpur,0.2476776050038271
2016-08-17,Hooghly,Burdwan,0.1633772468784943
2016-08-17,Hooghly,Howrah,0.19017176574417455
2016-08-17,Hooghly,Nadia,0.16114557396185483
2016-08-17,Hooghly,North 24 Parganas,0.16709230955276136
2016-08-17,Hooghly,Purba Medinipur,0.12765761022733502
2016-08-17,Hooghly,South 24 Parganas,0.1905554896001709
2016-08-17,Howrah,Hooghly,0.19672147938507598
2016-08-17,Howrah,North 24 Parganas,0.17448091049158154
2016-08-17,Howrah,Paschim Medinipur,0.2409086799136899
2016-08-17,Howrah,Purba Medinipur,0.15867202735235117
2016-08-17,Howrah,South 24 Parganas,0.22921689868311546
2016-08-17,Jalpaiguri,Dakshin Dinajpur,0.2254153998823911
2016-08-17,Jalpaiguri,"Darjeeling, Jalpaiguri",0.3460448335733828
2016-08-17,Jalpaiguri,Malda,0.17083192824864296
2016-08-17,Jalpaiguri,Uttar Dinajpur,0.25770783062988534
2016-08-17,Malda,Birbhum,0.16097692543753456
2016-08-17,Malda,Dakshin Dinajpur,0.23645802225247897
2016-08-17,Malda,"Darjeeling, Jalpaiguri",0.0987768441116722
2016-08-17,Malda,Jalpaiguri,0.12416855367043937
2016-08-17,Malda,Murshidabad,0.1921535889873598
2016-08-17,Malda,Uttar Dinajpur,0.18746605996873095
2016-08-17,Murshidabad,Bardhaman,0.19933281923480853
2016-08-17,Murshidabad,Birbhum,0.2262480811602845
2016-08-17,Murshidabad,Dakshin Dinajpur,0.15823656131421798
2016-08-17,Murshidabad,Malda,0.20151257977939158
2016-08-17,Murshidabad,Nadia,0.21466995266813516
2016-08-17,Nadia,Bardhaman,0.20672813555487243
2016-08-17,Nadia,Burdwan,0.20452751933030067
2016-08-17,Nadia,Hooghly,0.21380196118235512
2016-08-17,Nadia,Murshidabad,0.19669017914283707
2016-08-17,Nadia,North 24 Parganas,0.17825219943586904
2016-08-17,North 24 Parganas,Hooghly,0.25780791472945747
2016-08-17,North 24 Parganas,Howrah,0.2602447399130593
2016-08-17,North 24 Parganas,Nadia,0.2072914447844172
2016-08-17,North 24 Parganas,South 24 Parganas,0.2746558943471131
2016-08-17,Paschim Medinipur,Bankura,0.20969249791251784
2016-08-17,Paschim Medinipur,Howrah,0.20028493193087257
2016-08-17,Paschim Medinipur,Purba Medinipur,0.25288409347401003
2016-08-17,Paschim Medinipur,Purulia,0.14721054617245763
2016-08-17,Paschim Medinipur,South 24 Parganas,0.1899279245957821
2016-08-17,Purba Medinipur,Hooghly,0.17665319906821453
2016-08-17,Purba Medinipur,Howrah,0.21226061806238208
2016-08-17,Purba Medinipur,Paschim Medinipur,0.40690660295416786
2016-08-17,Purba Medinipur,South 24 Parganas,0.20417957433129416
2016-08-17,Purulia,Bankura,0.2749867378634379
2016-08-17,Purulia,Bardhaman,0.1942246537377545
2016-08-17,Purulia,Birbhum,0.20141620032562818
2016-08-17,Purulia,Paschim Medinipur,0.3293724003086363
2016-08-17,South 24 Parganas,Hooghly,0.19879619601024145
2016-08-17,South 24 Parganas,Howrah,0.2311678823814295
2016-08-17,South 24 Parganas,North 24 Parganas,0.18571019448244236
2016-08-17,South 24 Parganas,Paschim Medinipur,0.23039542751943684
2016-08-17,South 24 Parganas,Purba Medinipur,0.1539302953967352
2016-08-17,Uttar Dinajpur,Dakshin Dinajpur,0.2839256384679874
2016-08-17,Uttar Dinajpur,"Darjeeling, Jalpaiguri",0.212022328279448
2016-08-17,Uttar Dinajpur,Jalpaiguri,0.2519237454218101
2016-08-17,Uttar Dinajpur,Malda,0.2521282803371082
2016-08-18,Bankura,Bardhaman,0.2135110981817883
2016-08-18,Bankura,Birbhum,0.17901196241348144
2016-08-18,Bankura,Burdwan,0.2175542121804382
2016-08-18,Bankura,Paschim Medinipur,0.19506894452913587
2016-08-18,Bankura,Purulia,0.19485377719325253
2016-08-18,Bardhaman,Bankura,0.17013964033613224
2016-08-18,Bardhaman,Birbhum,0.171573882907198
2016-08-18,Bardhaman,Burdwan,0.22975946405304237
2016-08-18,Bardhaman,Murshidabad,0.14956463322964192
2016-08-18,Bardhaman,Nadia,0.16929271642234767
2016-08-18,Bardhaman,Purulia,0.10966965866736032
2016-08-18,Birbhum,Bankura,0.16212325386292978
2016-08-18,Birbhum,Bardhaman,0.19499765196947846
2016-08-18,Birbhum,Burdwan,0.17672467415333593
2016-08-18,Birbhum,Malda,0.1439612450167808
2016-08-18,Birbhum,Murshidabad,0.1929359721494484
2016-08-18,Birbhum,Purulia,0.1292571978651946
2016-08-18,Burdwan,Bankura,0.19185264976856647
2016-08-18,Burdwan,Bardhaman,0.25426621543749794
2016-08-18,Burdwan,Birbhum,0.17208152139158028
2016-08-18,Burdwan,Hooghly,0.19644401939778428
2016-08-18,Burdwan,Nadia,0.18535558915265496
2016-08-18,Dakshin Dinajpur,"Darjeeling, Jalpaiguri",0.14430313266579106
2016-08-18,Dakshin Dinajpur,Jalpaiguri,0.18391716855299525
2016-08-18,Dakshin Dinajpur,Malda,0.2654300951929455
2016-08-18,Dakshin Dinajpur,Murshidabad,0.16937499061937314
2016-08-18,Dakshin Dinajpur,Uttar Dinajpur,0.23697460671442683
2016-08-18,"Darjeeling, Jalpaiguri",Dakshin Dinajpur,0.20196852756760716
2016-08-18,"Darjeeling, Jalpaiguri",Jalpaiguri,0.39516547976253746
2016-08-18,"Darjeeling, Jalpaiguri",Malda,0.15518837891219384
2016-08-18,"Darjeeling, Jalpaiguri",Uttar Dinajpur,0.24767760500382713
2016-08-18,Hooghly,Burdwan,0.14617543448291417
2016-08-18,Hooghly,Howrah,0.17014878763816932
2016-08-18,Hooghly,Nadia,0.14417873197723333
2016-08-18,Hooghly,North 24 Parganas,0.2547882531902795
2016-08-18,Hooghly,Purba Medinipur,0.11421667947378977
2016-08-18,Hooghly,South 24 Parganas,0.1704921096272676
2016-08-18,Howrah,Hooghly,0.19223668516153933
2016-08-18,Howrah,North 24 Parganas,0.2905845539581303
2016-08-18,Howrah,Paschim Medinipur,0.1381328001268643
2016-08-18,Howrah,Purba Medinipur,0.15505467253206884
2016-08-18,Howrah,South 24 Parganas,0.223991284142373
2016-08-18,Jalpaiguri,Dakshin Dinajpur,0.22541539988239107
2016-08-18,Jalpaiguri,"Darjeeling, Jalpaiguri",0.3460448335733828
2016-08-18,Jalpaiguri,Malda,0.17083192824864296
2016-08-18,Jalpaiguri,Uttar Dinajpur,0.25770783062988534
2016-08-18,Malda,Birbhum,0.16097692543753453
2016-08-18,Malda,Dakshin Dinajpur,0.23645802225247897
2016-08-18,Malda,"Darjeeling, Jalpaiguri",0.0987768441116722
2016-08-18,Malda,Jalpaiguri,0.12416855367043939
2016-08-18,Malda,Murshidabad,0.19215358898735982
2016-08-18,Malda,Uttar Dinajpur,0.18746605996873097
2016-08-18,Murshidabad,Bardhaman,0.19933281923480856
2016-08-18,Murshidabad,Birbhum,0.2262480811602845
2016-08-18,Murshidabad,Dakshin Dinajpur,0.15823656131421798
2016-08-18,Murshidabad,Malda,0.20151257977939158
2016-08-18,Murshidabad,Nadia,0.21466995266813516
2016-08-18,Nadia,Bardhaman,0.18367036383498545
2016-08-18,Nadia,Burdwan,0.18171519705740385
2016-08-18,Nadia,Hooghly,0.18995519837488833
2016-08-18,Nadia,Murshidabad,0.17475200784338463
2016-08-18,Nadia,North 24 Parganas,0.2699072281327134
2016-08-18,North 24 Parganas,Hooghly,0.2578079147294574
2016-08-18,North 24 Parganas,Howrah,0.2602447399130593
2016-08-18,North 24 Parganas,Nadia,0.20729144478441722
2016-08-18,North 24 Parganas,South 24 Parganas,0.2746558943471131
2016-08-18,Paschim Medinipur,Bankura,0.20969249791251784
2016-08-18,Paschim Medinipur,Howrah,0.20028493193087257
2016-08-18,Paschim Medinipur,Purba Medinipur,0.25288409347401003
2016-08-18,Paschim Medinipur,Purulia,0.14721054617245763
2016-08-18,Paschim Medinipur,South 24 Parganas,0.1899279245957821
2016-08-18,Purba Medinipur,Hooghly,0.21236195151042142
2016-08-18,Purba Medinipur,Howrah,0.25516706925375043
2016-08-18,Purba Medinipur,Paschim Medinipur,0.2870184526012324
2016-08-18,Purba Medinipur,South 24 Parganas,0.24545251992191405
2016-08-18,Purulia,Bankura,0.3183122597754093
2016-08-18,Purulia,Bardhaman,0.2248257094713553
2016-08-18,Purulia,Birbhum,0.23315031982693915
2016-08-18,Purulia,Paschim Medinipur,0.2237117019384109
2016-08-18,South 24 Parganas,Hooghly,0.1919655672103841
2016-08-18,South 24 Parganas,Howrah,0.22322496382118057
2016-08-18,South 24 Parganas,North 24 Parganas,0.3056265864431509
2016-08-18,South 24 Parganas,Paschim Medinipur,0.13054162143548875
2016-08-18,South 24 Parganas,Purba Medinipur,0.1486412570247267
2016-08-18,Uttar Dinajpur,Dakshin Dinajpur,0.2839256384679874
2016-08-18,Uttar Dinajpur,"Darjeeling, Jalpaiguri",0.21202232827944797
2016-08-18,Uttar Dinajpur,Jalpaiguri,0.25192374542181006
2016-08-18,Uttar Dinajpur,Malda,0.2521282803371082
2016-08-23,Bankura,Bardhaman,0.2135110981817883
2016-08-23,Bankura,Birbhum,0.1790119624134814
2016-08-23,Bankura,Burdwan,0.2175542121804382
2016-08-23,Bankura,Paschim Medinipur,0.19506894452913587
2016-08-23,Bankura,Purulia,0.19485377719325253
2016-08-23,Bardhaman,Bankura,0.15392587467759178
2016-08-23,Bardhaman,Birbhum,0.15522343850113682
2016-08-23,Bardhaman,Burdwan,0.2078641191432485
2016-08-23,Bardhaman,Murshidabad,0.23060841419278527
2016-08-23,Bardhaman,Nadia,0.15315965991448827
2016-08-23,Bardhaman,Purulia,0.0992184896042794
2016-08-23,Birbhum,Bankura,0.14272916881835068
2016-08-23,Birbhum,Bardhaman,0.17167094863926594
2016-08-23,Birbhum,Burdwan,0.15558388602862253
2016-08-23,Birbhum,Malda,0.1267398004525144
2016-08-23,Birbhum,Murshidabad,0.28948145849767876
2016-08-23,Birbhum,Purulia,0.11379473317680999
2016-08-23,Burdwan,Bankura,0.19185264976856647
2016-08-23,Burdwan,Bardhaman,0.25426621543749783
2016-08-23,Burdwan,Birbhum,0.17208152139158026
2016-08-23,Burdwan,Hooghly,0.19644401939778422
2016-08-23,Burdwan,Nadia,0.18535558915265493
2016-08-23,Dakshin Dinajpur,"Darjeeling, Jalpaiguri",0.12892417199329545
2016-08-23,Dakshin Dinajpur,Jalpaiguri,0.16431638200095264
2016-08-23,Dakshin Dinajpur,Malda,0.23714215078134945
2016-08-23,Dakshin Dinajpur,Murshidabad,0.2578980123783058
2016-08-23,Dakshin Dinajpur,Uttar Dinajpur,0.21171927725819223
2016-08-23,"Darjeeling, Jalpaiguri",Dakshin Dinajpur,0.20196852756760716
2016-08-23,"Darjeeling, Jalpaiguri",Jalpaiguri,0.39516547976253746
2016-08-23,"Darjeeling, Jalpaiguri",Malda,0.15518837891219384
2016-08-23,"Darjeeling, Jalpaiguri",Uttar Dinajpur,0.24767760500382713
2016-08-23,Hooghly,Burdwan,0.16337724687849428
2016-08-23,Hooghly,Howrah,0.19017176574417455
2016-08-23,Hooghly,Nadia,0.1611455739618548
2016-08-23,Hooghly,North 24 Parganas,0.1670923095527614
2016-08-23,Hooghly,Purba Medinipur,0.12765761022733502
2016-08-23,Hooghly,South 24 Parganas,0.19055548960017088
2016-08-23,Howrah,Hooghly,0.21847098820601732
2016-08-23,Howrah,North 24 Parganas,0.1937715040438707
2016-08-23,Howrah,Paschim Medinipur,0.15698361278972997
2016-08-23,Howrah,Purba Medinipur,0.17621479222644665
2016-08-23,Howrah,South 24 Parganas,0.25455909809825183
2016-08-23,Jalpaiguri,Dakshin Dinajpur,0.22541539988239104
2016-08-23,Jalpaiguri,"Darjeeling, Jalpaiguri",0.3460448335733827
2016-08-23,Jalpaiguri,Malda,0.17083192824864296
2016-08-23,Jalpaiguri,Uttar Dinajpur,0.25770783062988534
2016-08-23,Malda,Birbhum,0.14178875213770045
2016-08-23,Malda,Dakshin Dinajpur,0.2082726317265728
2016-08-23,Malda,"Darjeeling, Jalpaiguri",0.08700281377984721
2016-08-23,Malda,Jalpaiguri,0.10936787512758404
2016-08-23,Malda,Murshidabad,0.28844749503648826
2016-08-23,Malda,Uttar Dinajpur,0.16512042728417006
2016-08-23,Murshidabad,Bardhaman,0.19933281923480858
2016-08-23,Murshidabad,Birbhum,0.2262480811602845
2016-08-23,Murshidabad,Dakshin Dinajpur,0.15823656131421798
2016-08-23,Murshidabad,Malda,0.20151257977939158
2016-08-23,Murshidabad,Nadia,0.21466995266813516
2016-08-23,Nadia,Bardhaman,0.1815755113071005
2016-08-23,Nadia,Burdwan,0.1796426441862569
2016-08-23,Nadia,Hooghly,0.18778866416004883
2016-08-23,Nadia,Murshidabad,0.29442893165629
2016-08-23,Nadia,North 24 Parganas,0.15656424398793128
2016-08-23,North 24 Parganas,Hooghly,0.25780791472945747
2016-08-23,North 24 Parganas,Howrah,0.2602447399130593
2016-08-23,North 24 Parganas,Nadia,0.20729144478441724
2016-08-23,North 24 Parganas,South 24 Parganas,0.2746558943471131
2016-08-23,Paschim Medinipur,Bankura,0.20969249791251784
2016-08-23,Paschim Medinipur,Howrah,0.20028493193087257
2016-08-23,Paschim Medinipur,Purba Medinipur,0.25288409347401
2016-08-23,Paschim Medinipur,Purulia,0.14721054617245763
2016-08-23,Paschim Medinipur,South 24 Parganas,0.1899279245957821
2016-08-23,Purba Medinipur,Hooghly,0.21236195151042142
2016-08-23,Purba Medinipur,Howrah,0.25516706925375043
2016-08-23,Purba Medinipur,Paschim Medinipur,0.28701845260123243
2016-08-23,Purba Medinipur,South 24 Parganas,0.24545251992191408
2016-08-23,Purulia,Bankura,0.3183122597754093
2016-08-23,Purulia,Bardhaman,0.22482570947135533
2016-08-23,Purulia,Birbhum,0.23315031982693918
2016-08-23,Purulia,Paschim Medinipur,0.22371170193841092
2016-08-23,South 24 Parganas,Hooghly,0.21971499707324382
2016-08-23,South 24 Parganas,Howrah,0.25549307089481293
2016-08-23,South 24 Parganas,North 24 Parganas,0.20525199000829616
2016-08-23,South 24 Parganas,Paschim Medinipur,0.1494119616785286
2016-08-23,South 24 Parganas,Purba Medinipur,0.1701279756924266
2016-08-23,Uttar Dinajpur,Dakshin Dinajpur,0.28392563846798746
2016-08-23,Uttar Dinajpur,"Darjeeling, Jalpaiguri",0.212022328279448
2016-08-23,Uttar Dinajpur,Jalpaiguri,0.2519237454218101
2016-08-23,Uttar Dinajpur,Malda,0.25212828033710827
2016-08-24,Bankura,Bardhaman,0.2135110981817883
2016-08-24,Bankura,Birbhum,0.1790119624134814
2016-08-24,Bankura,Burdwan,0.21755421218043816
2016-08-24,Bankura,Paschim Medinipur,0.19506894452913584
2016-08-24,Bankura,Purulia,0.19485377719325253
2016-08-24,Bardhaman,Bankura,0.15201504963006401
2016-08-24,Bardhaman,Birbhum,0.15329650558701424
2016-08-24,Bardhaman,Burdwan,0.20528370849966338
2016-08-24,Bardhaman,Murshidabad,0.1336318514508927
2016-08-24,Bardhaman,Nadia,0.25778608270459225
2016-08-24,Bardhaman,Purulia,0.09798679821054303
2016-08-24,Birbhum,Bankura,0.16212325386292978
2016-08-24,Birbhum,Bardhaman,0.1949976519694785
2016-08-24,Birbhum,Burdwan,0.17672467415333595
2016-08-24,Birbhum,Malda,0.1439612450167808
2016-08-24,Birbhum,Murshidabad,0.19293597214944844
2016-08-24,Birbhum,Purulia,0.12925719786519463
2016-08-24,Burdwan,Bankura,0.16969976557034103
2016-08-24,Burdwan,Bardhaman,0.2249065478337262
2016-08-24,Burdwan,Birbhum,0.1522115742178472
2016-08-24,Burdwan,Hooghly,0.17376097791567452
2016-08-24,Burdwan,Nadia,0.27942113017073694
2016-08-24,Dakshin Dinajpur,"Darjeeling, Jalpaiguri",0.14430313266579106
2016-08-24,Dakshin Dinajpur,Jalpaiguri,0.18391716855299525
2016-08-24,Dakshin Dinajpur,Malda,0.2654300951929455
2016-08-24,Dakshin Dinajpur,Murshidabad,0.16937499061937314
2016-08-24,Dakshin Dinajpur,Uttar Dinajpur,0.23697460671442686
2016-08-24,"Darjeeling, Jalpaiguri",Dakshin Dinajpur,0.20196852756760716
2016-08-24,"Darjeeling, Jalpaiguri",Jalpaiguri,0.3951654797625375
2016-08-24,"Darjeeling, Jalpaiguri",Malda,0.15518837891219384
2016-08-24,"Darjeeling, Jalpaiguri",Uttar Dinajpur,0.24767760500382713
2016-08-24,Hooghly,Burdwan,0.14672524077922178
2016-08-24,Hooghly,Howrah,0.17078876435575865
2016-08-24,Hooghly,Nadia,0.24664468283824295
2016-08-24,Hooghly,North 24 Parganas,0.15006165068822905
2016-08-24,Hooghly,Purba Medinipur,0.11464628004067146
2016-08-24,Hooghly,South 24 Parganas,0.1711333776739502
2016-08-24,Howrah,Hooghly,0.21847098820601726
2016-08-24,Howrah,North 24 Parganas,0.19377150404387067
2016-08-24,Howrah,Paschim Medinipur,0.15698361278972994
2016-08-24,Howrah,Purba Medinipur,0.17621479222644662
2016-08-24,Howrah,South 24 Parganas,0.25455909809825183
2016-08-24,Jalpaiguri,Dakshin Dinajpur,0.22541539988239104
2016-08-24,Jalpaiguri,"Darjeeling, Jalpaiguri",0.3460448335733828
2016-08-24,Jalpaiguri,Malda,0.17083192824864296
2016-08-24,Jalpaiguri,Uttar Dinajpur,0.25770783062988534
2016-08-24,Malda,Birbhum,0.16097692543753453
2016-08-24,Malda,Dakshin Dinajpur,0.23645802225247903
2016-08-24,Malda,"Darjeeling, Jalpaiguri",0.09877684411167223
2016-08-24,Malda,Jalpaiguri,0.1241685536704394
2016-08-24,Malda,Murshidabad,0.19215358898735982
2016-08-24,Malda,Uttar Dinajpur,0.187466059968731
2016-08-24,Murshidabad,Bardhaman,0.1731541527114166
2016-08-24,Murshidabad,Birbhum,0.19653459448514032
2016-08-24,Murshidabad,Dakshin Dinajpur,0.1374551255910142
2016-08-24,Murshidabad,Malda,0.17504764216117166
2016-08-24,Murshidabad,Nadia,0.3178084799754859
2016-08-24,Nadia,Bardhaman,0.20672813555487246
2016-08-24,Nadia,Burdwan,0.2045275193303007
2016-08-24,Nadia,Hooghly,0.21380196118235514
2016-08-24,Nadia,Murshidabad,0.1966901791428371
2016-08-24,Nadia,North 24 Parganas,0.17825219943586906
2016-08-24,North 24 Parganas,Hooghly,0.22496513260799564
2016-08-24,North 24 Parganas,Howrah,0.2270915246590185
2016-08-24,North 24 Parganas,Nadia,0.3082765304909011
2016-08-24,North 24 Parganas,South 24 Parganas,0.23966680680927122
2016-08-24,Paschim Medinipur,Bankura,0.20969249791251782
2016-08-24,Paschim Medinipur,Howrah,0.20028493193087257
2016-08-24,Paschim Medinipur,Purba Medinipur,0.25288409347401003
2016-08-24,Paschim Medinipur,Purulia,0.14721054617245763
2016-08-24,Paschim Medinipur,South 24 Parganas,0.1899279245957821
2016-08-24,Purba Medinipur,Hooghly,0.2123619515104214
2016-08-24,Purba Medinipur,Howrah,0.25516706925375043
2016-08-24,Purba Medinipur,Paschim Medinipur,0.28701845260123243
2016-08-24,Purba Medinipur,South 24 Parganas,0.24545251992191405
2016-08-24,Purulia,Bankura,0.31831225977540933
2016-08-24,Purulia,Bardhaman,0.22482570947135527
2016-08-24,Purulia,Birbhum,0.23315031982693918
2016-08-24,Purulia,Paschim Medinipur,0.2237117019384109
2016-08-24,South 24 Parganas,Hooghly,0.21971499707324385
2016-08-24,South 24 Parganas,Howrah,0.255493070894813
2016-08-24,South 24 Parganas,North 24 Parganas,0.2052519900082962
2016-08-24,South 24 Parganas,Paschim Medinipur,0.1494119616785286
2016-08-24,South 24 Parganas,Purba Medinipur,0.17012797569242663
2016-08-24,Uttar Dinajpur,Dakshin Dinajpur,0.2839256384679874
2016-08-24,Uttar Dinajpur,"Darjeeling, Jalpaiguri",0.21202232827944797
2016-08-24,Uttar Dinajpur,Jalpaiguri,0.2519237454218101
2016-08-24,Uttar Dinajpur,Malda,0.2521282803371082
2016-08-26,Bankura,Bardhaman,0.2135110981772294
2016-08-26,Bankura,Birbhum,0.17901196240965914
2016-08-26,Bankura,Burdwan,0.21755421217579296
2016-08-26,Bankura,Paschim Medinipur,0.19506894452497073
2016-08-26,Bankura,Purulia,0.194853777189092
2016-08-26,Bardhaman,Bankura,0.17013964033323736
2016-08-26,Bardhaman,Birbhum,0.17157388290427866
2016-08-26,Bardhaman,Burdwan,0.22975946404913303
2016-08-26,Bardhaman,Murshidabad,0.1495646332270971
2016-08-26,Bardhaman,Nadia,0.16929271641946717
2016-08-26,Bardhaman,Purulia,0.1096696586654943
2016-08-26,Birbhum,Bankura,0.16212325385979467
2016-08-26,Birbhum,Bardhaman,0.19499765196570767
2016-08-26,Birbhum,Burdwan,0.1767246741499185
2016-08-26,Birbhum,Malda,0.1439612450139969
2016-08-26,Birbhum,Murshidabad,0.1929359721457175
2016-08-26,Birbhum,Purulia,0.1292571978626951
2016-08-26,Burdwan,Bankura,0.16834629495387882
2016-08-26,Burdwan,Bardhaman,0.22311276572141844
2016-08-26,Burdwan,Birbhum,0.15099758377715963
2016-08-26,Burdwan,Hooghly,0.29489807782812466
2016-08-26,Burdwan,Nadia,0.16264527344545096
2016-08-26,Dakshin Dinajpur,"Darjeeling, Jalpaiguri",0.14430313266228842
2016-08-26,Dakshin Dinajpur,Jalpaiguri,0.18391716854853107
2016-08-26,Dakshin Dinajpur,Malda,0.26543009518650285
2016-08-26,Dakshin Dinajpur,Murshidabad,0.16937499061526193
2016-08-26,Dakshin Dinajpur,Uttar Dinajpur,0.23697460670867482
2016-08-26,"Darjeeling, Jalpaiguri",Dakshin Dinajpur,0.21279878475713476
2016-08-26,"Darjeeling, Jalpaiguri",Jalpaiguri,0.3898026038117316
2016-08-26,"Darjeeling, Jalpaiguri",Malda,0.15308228395265214
2016-08-26,"Darjeeling, Jalpaiguri",Uttar Dinajpur,0.24431631880993585
2016-08-26,Hooghly,Burdwan,0.16337724687593577
2016-08-26,Hooghly,Howrah,0.19017176574119643
2016-08-26,Hooghly,Nadia,0.16114557395933124
2016-08-26,Hooghly,North 24 Parganas,0.16709230955014467
2016-08-26,Hooghly,Purba Medinipur,0.1276576102253359
2016-08-26,Hooghly,South 24 Parganas,0.19055548959718677
2016-08-26,Howrah,Hooghly,0.3235199321810067
2016-08-26,Howrah,North 24 Parganas,0.1677257762870138
2016-08-26,Howrah,Paschim Medinipur,0.13588271634376214
2016-08-26,Howrah,Purba Medinipur,0.15252894364046457
2016-08-26,Howrah,South 24 Parganas,0.2203426275196006
2016-08-26,Jalpaiguri,Dakshin Dinajpur,0.23712936152765973
2016-08-26,Jalpaiguri,"Darjeeling, Jalpaiguri",0.34081163384601215
2016-08-26,Jalpaiguri,Malda,0.16824845491339546
2016-08-26,Jalpaiguri,Uttar Dinajpur,0.2538105421338628
2016-08-26,Malda,Birbhum,0.15842512083953558
2016-08-26,Malda,Dakshin Dinajpur,0.24856168195935852
2016-08-26,Malda,"Darjeeling, Jalpaiguri",0.09721103457533715
2016-08-26,Malda,Jalpaiguri,0.12220023501034635
2016-08-26,Malda,Murshidabad,0.1891075722332989
2016-08-26,Malda,Uttar Dinajpur,0.18449434987738264
2016-08-26,Murshidabad,Bardhaman,0.1972071348796684
2016-08-26,Murshidabad,Birbhum,0.22383537256393257
2016-08-26,Murshidabad,Dakshin Dinajpur,0.16721312310038114
2016-08-26,Murshidabad,Malda,0.19936365046687132
2016-08-26,Murshidabad,Nadia,0.21238071318586108
2016-08-26,Nadia,Bardhaman,0.17945635791896627
2016-08-26,Nadia,Burdwan,0.17754604913695624
2016-08-26,Nadia,Hooghly,0.31751797463714004
2016-08-26,Nadia,Murshidabad,0.1707426185248669
2016-08-26,Nadia,North 24 Parganas,0.1547369951165427
2016-08-26,North 24 Parganas,Hooghly,0.3727501693808947
2016-08-26,North 24 Parganas,Howrah,0.2199409994585996
2016-08-26,North 24 Parganas,Nadia,0.17518850740396463
2016-08-26,North 24 Parganas,South 24 Parganas,0.23212031847437262
2016-08-26,Paschim Medinipur,Bankura,0.2096924979077048
2016-08-26,Paschim Medinipur,Howrah,0.20028493192627547
2016-08-26,Paschim Medinipur,Purba Medinipur,0.2528840934682056
2016-08-26,Paschim Medinipur,Purulia,0.14721054616907875
2016-08-26,Paschim Medinipur,South 24 Parganas,0.1899279245914227
2016-08-26,Purba Medinipur,Hooghly,0.3156598820389667
2016-08-26,Purba Medinipur,Howrah,0.22170216713371182
2016-08-26,Purba Medinipur,Paschim Medinipur,0.2493762738865744
2016-08-26,Purba Medinipur,South 24 Parganas,0.2132616710857923
2016-08-26,Purulia,Bankura,0.3183122597643063
2016-08-26,Purulia,Bardhaman,0.22482570946351318
2016-08-26,Purulia,Birbhum,0.23315031981880668
2016-08-26,Purulia,Paschim Medinipur,0.22371170193060766
2016-08-26,South 24 Parganas,Hooghly,0.3251132718674692
2016-08-26,South 24 Parganas,Howrah,0.22098192586809007
2016-08-26,South 24 Parganas,North 24 Parganas,0.1775272412728752
2016-08-26,South 24 Parganas,Paschim Medinipur,0.12922989623089948
2016-08-26,South 24 Parganas,Purba Medinipur,0.14714766072082663
2016-08-26,Uttar Dinajpur,Dakshin Dinajpur,0.2975122967463437
2016-08-26,Uttar Dinajpur,"Darjeeling, Jalpaiguri",0.20799945707707698
2016-08-26,Uttar Dinajpur,Jalpaiguri,0.24714379234387251
2016-08-26,Uttar Dinajpur,Malda,0.24734444645271356
2016-08-27,Bankura,Bardhaman,0.2135110981817883
2016-08-27,Bankura,Birbhum,0.17901196241348144
2016-08-27,Bankura,Burdwan,0.2175542121804382
2016-08-27,Bankura,Paschim Medinipur,0.19506894452913587
2016-08-27,Bankura,Purulia,0.19485377719325253
2016-08-27,Bardhaman,Bankura,0.17013964033613224
2016-08-27,Bardhaman,Birbhum,0.17157388290719797
2016-08-27,Bardhaman,Burdwan,0.22975946405304234
2016-08-27,Bardhaman,Murshidabad,0.14956463322964192
2016-08-27,Bardhaman,Nadia,0.16929271642234764
2016-08-27,Bardhaman,Purulia,0.10966965866736031
2016-08-27,Birbhum,Bankura,0.16212325386292978
2016-08-27,Birbhum,Bardhaman,0.1949976519694785
2016-08-27,Birbhum,Burdwan,0.17672467415333595
2016-08-27,Birbhum,Malda,0.14396124501678081
2016-08-27,Birbhum,Murshidabad,0.19293597214944844
2016-08-27,Birbhum,Purulia,0.12925719786519463
2016-08-27,Burdwan,Bankura,0.16853559004578922
2016-08-27,Burdwan,Bardhaman,0.22336364235345357
2016-08-27,Burdwan,Birbhum,0.1511673713065328
2016-08-27,Burdwan,Hooghly,0.2941052339439413
2016-08-27,Burdwan,Nadia,0.16282815808805082
2016-08-27,Dakshin Dinajpur,"Darjeeling, Jalpaiguri",0.1443031326657911
2016-08-27,Dakshin Dinajpur,Jalpaiguri,0.18391716855299528
2016-08-27,Dakshin Dinajpur,Malda,0.2654300951929456
2016-08-27,Dakshin Dinajpur,Murshidabad,0.16937499061937314
2016-08-27,Dakshin Dinajpur,Uttar Dinajpur,0.23697460671442686
2016-08-27,"Darjeeling, Jalpaiguri",Dakshin Dinajpur,0.2019685275676072
2016-08-27,"Darjeeling, Jalpaiguri",Jalpaiguri,0.3951654797625375
2016-08-27,"Darjeeling, Jalpaiguri",Malda,0.15518837891219384
2016-08-27,"Darjeeling, Jalpaiguri",Uttar Dinajpur,0.24767760500382716
2016-08-27,Hooghly,Burdwan,0.16337724687849428
2016-08-27,Hooghly,Howrah,0.19017176574417452
2016-08-27,Hooghly,Nadia,0.16114557396185483
2016-08-27,Hooghly,North 24 Parganas,0.16709230955276136
2016-08-27,Hooghly,Purba Medinipur,0.12765761022733502
2016-08-27,Hooghly,South 24 Parganas,0.19055548960017088
2016-08-27,Howrah,Hooghly,0.3226853534994975
2016-08-27,Howrah,North 24 Parganas,0.16793270087578266
2016-08-27,Howrah,Paschim Medinipur,0.13605035590294426
2016-08-27,Howrah,Purba Medinipur,0.15271711977914076
2016-08-27,Howrah,South 24 Parganas,0.22061446592510445
2016-08-27,Jalpaiguri,Dakshin Dinajpur,0.22541539988239104
2016-08-27,Jalpaiguri,"Darjeeling, Jalpaiguri",0.3460448335733828
2016-08-27,Jalpaiguri,Malda,0.17083192824864296
2016-08-27,Jalpaiguri,Uttar Dinajpur,0.25770783062988534
2016-08-27,Malda,Birbhum,0.16097692543753453
2016-08-27,Malda,Dakshin Dinajpur,0.236458022252479
2016-08-27,Malda,"Darjeeling, Jalpaiguri",0.09877684411167222
2016-08-27,Malda,Jalpaiguri,0.12416855367043939
2016-08-27,Malda,Murshidabad,0.1921535889873598
2016-08-27,Malda,Uttar Dinajpur,0.18746605996873097
2016-08-27,Murshidabad,Bardhaman,0.19933281923480856
2016-08-27,Murshidabad,Birbhum,0.22624808116028453
2016-08-27,Murshidabad,Dakshin Dinajpur,0.15823656131421798
2016-08-27,Murshidabad,Malda,0.2015125797793916
2016-08-27,Murshidabad,Nadia,0.21466995266813518
2016-08-27,Nadia,Bardhaman,0.17967364228211707
2016-08-27,Nadia,Burdwan,0.1777610205130837
2016-08-27,Nadia,Hooghly,0.3166916307242141
2016-08-27,Nadia,Murshidabad,0.17094935236009626
2016-08-27,Nadia,North 24 Parganas,0.15492434946737016
2016-08-27,North 24 Parganas,Hooghly,0.37185840282716676
2016-08-27,North 24 Parganas,Howrah,0.2202536915025571
2016-08-27,North 24 Parganas,Nadia,0.17543757443827318
2016-08-27,North 24 Parganas,South 24 Parganas,0.23245032596277398
2016-08-27,Paschim Medinipur,Bankura,0.20969249791251784
2016-08-27,Paschim Medinipur,Howrah,0.20028493193087255
2016-08-27,Paschim Medinipur,Purba Medinipur,0.25288409347401003
2016-08-27,Paschim Medinipur,Purulia,0.14721054617245763
2016-08-27,Paschim Medinipur,South 24 Parganas,0.1899279245957821
2016-08-27,Purba Medinipur,Hooghly,0.3148361430712759
2016-08-27,Purba Medinipur,Howrah,0.2219690296404107
2016-08-27,Purba Medinipur,Paschim Medinipur,0.24967644766665506
2016-08-27,Purba Medinipur,South 24 Parganas,0.21351837378231772
2016-08-27,Purulia,Bankura,0.3183122597754093
2016-08-27,Purulia,Bardhaman,0.22482570947135527
2016-08-27,Purulia,Birbhum,0.23315031982693912
2016-08-27,Purulia,Paschim Medinipur,0.2237117019384109
2016-08-27,South 24 Parganas,Hooghly,0.3242765531883279
2016-08-27,South 24 Parganas,Howrah,0.22125589733748555
2016-08-27,South 24 Parganas,North 24 Parganas,0.17774733800231668
2016-08-27,South 24 Parganas,Paschim Medinipur,0.12939011433209086
2016-08-27,South 24 Parganas,Purba Medinipur,0.1473300931105681
2016-08-27,Uttar Dinajpur,Dakshin Dinajpur,0.2839256384679874
2016-08-27,Uttar Dinajpur,"Darjeeling, Jalpaiguri",0.21202232827944797
2016-08-27,Uttar Dinajpur,Jalpaiguri,0.25192374542181006
2016-08-27,Uttar Dinajpur,Malda,0.2521282803371082
2016-09-17,Bankura,Bardhaman,0.21351109818178832
2016-09-17,Bankura,Birbhum,0.17901196241348144
2016-09-17,Bankura,Burdwan,0.2175542121804382
2016-09-17,Bankura,Paschim Medinipur,0.19506894452913587
2016-09-17,Bankura,Purulia,0.19485377719325256
2016-09-17,Bardhaman,Bankura,0.17013964033613224
2016-09-17,Bardhaman,Birbhum,0.17157388290719797
2016-09-17,Bardhaman,Burdwan,0.22975946405304232
2016-09-17,Bardhaman,Murshidabad,0.14956463322964192
2016-09-17,Bardhaman,Nadia,0.16929271642234764
2016-09-17,Bardhaman,Purulia,0.10966965866736031
2016-09-17,Birbhum,Bankura,0.16212325386292978
2016-09-17,Birbhum,Bardhaman,0.1949976519694785
2016-09-17,Birbhum,Burdwan,0.17672467415333593
2016-09-17,Birbhum,Malda,0.1439612450167808
2016-09-17,Birbhum,Murshidabad,0.19293597214944844
2016-09-17,Birbhum,Purulia,0.12925719786519463
2016-09-17,Burdwan,Bankura,0.19185264976856647
2016-09-17,Burdwan,Bardhaman,0.2542662154374979
2016-09-17,Burdwan,Birbhum,0.17208152139158028
2016-09-17,Burdwan,Hooghly,0.19644401939778425
2016-09-17,Burdwan,Nadia,0.1853555891526549
2016-09-17,Dakshin Dinajpur,"Darjeeling, Jalpaiguri",0.14430313266579106
2016-09-17,Dakshin Dinajpur,Jalpaiguri,0.18391716855299525
2016-09-17,Dakshin Dinajpur,Malda,0.2654300951929456
2016-09-17,Dakshin Dinajpur,Murshidabad,0.1693749906193731
2016-09-17,Dakshin Dinajpur,Uttar Dinajpur,0.23697460671442683
2016-09-17,"Darjeeling, Jalpaiguri",Dakshin Dinajpur,0.30134624861208603
2016-09-17,"Darjeeling, Jalpaiguri",Jalpaiguri,0.3459560861849226
2016-09-17,"Darjeeling, Jalpaiguri",Malda,0.13586299142857244
2016-09-17,"Darjeeling, Jalpaiguri",Uttar Dinajpur,0.21683466611068694
2016-09-17,Hooghly,Burdwan,0.16337724687849428
2016-09-17,Hooghly,Howrah,0.19017176574417452
2016-09-17,Hooghly,Nadia,0.1611455739618548
2016-09-17,Hooghly,North 24 Parganas,0.16709230955276136
2016-09-17,Hooghly,Purba Medinipur,0.12765761022733502
2016-09-17,Hooghly,South 24 Parganas,0.1905554896001709
2016-09-17,Howrah,Hooghly,0.21847098820601732
2016-09-17,Howrah,North 24 Parganas,0.19377150404387067
2016-09-17,Howrah,Paschim Medinipur,0.15698361278972994
2016-09-17,Howrah,Purba Medinipur,0.17621479222644665
2016-09-17,Howrah,South 24 Parganas,0.25455909809825183
2016-09-17,Jalpaiguri,Dakshin Dinajpur,0.33153710655233953
2016-09-17,Jalpaiguri,"Darjeeling, Jalpaiguri",0.2986350757269838
2016-09-17,Jalpaiguri,Malda,0.14742715648231614
2016-09-17,Jalpaiguri,Uttar Dinajpur,0.22240065462289912
2016-09-17,Malda,Birbhum,0.13799616440451762
2016-09-17,Malda,Dakshin Dinajpur,0.3454598290741763
2016-09-17,Malda,"Darjeeling, Jalpaiguri",0.08467564890027068
2016-09-17,Malda,Jalpaiguri,0.10644248608677834
2016-09-17,Malda,Murshidabad,0.16472210650530317
2016-09-17,Malda,Uttar Dinajpur,0.16070376025258723
2016-09-17,Murshidabad,Bardhaman,0.1793460751355897
2016-09-17,Murshidabad,Birbhum,0.20356259204490126
2016-09-17,Murshidabad,Dakshin Dinajpur,0.24263867083975926
2016-09-17,Murshidabad,Malda,0.1813072750017586
2016-09-17,Murshidabad,Nadia,0.19314538172071236
2016-09-17,Nadia,Bardhaman,0.20672813555487243
2016-09-17,Nadia,Burdwan,0.20452751933030067
2016-09-17,Nadia,Hooghly,0.21380196118235514
2016-09-17,Nadia,Murshidabad,0.19669017914283707
2016-09-17,Nadia,North 24 Parganas,0.17825219943586904
2016-09-17,North 24 Parganas,Hooghly,0.2578079147294574
2016-09-17,North 24 Parganas,Howrah,0.2602447399130593
2016-09-17,North 24 Parganas,Nadia,0.2072914447844172
2016-09-17,North 24 Parganas,South 24 Parganas,0.27465589434711307
2016-09-17,Paschim Medinipur,Bankura,0.20969249791251782
2016-09-17,Paschim Medinipur,Howrah,0.20028493193087255
2016-09-17,Paschim Medinipur,Purba Medinipur,0.25288409347401003
2016-09-17,Paschim Medinipur,Purulia,0.14721054617245763
2016-09-17,Paschim Medinipur,South 24 Parganas,0.18992792459578206
2016-09-17,Purba Medinipur,Hooghly,0.21236195151042142
2016-09-17,Purba Medinipur,Howrah,0.2551670692537505
2016-09-17,Purba Medinipur,Paschim Medinipur,0.28701845260123243
2016-09-17,Purba Medinipur,South 24 Parganas,0.24545251992191405
2016-09-17,Purulia,Bankura,0.31831225977540933
2016-09-17,Purulia,Bardhaman,0.2248257094713553
2016-09-17,Purulia,Birbhum,0.23315031982693915
2016-09-17,Purulia,Paschim Medinipur,0.2237117019384109
2016-09-17,South 24 Parganas,Hooghly,0.21971499707324385
2016-09-17,South 24 Parganas,Howrah,0.255493070894813
2016-09-17,South 24 Parganas,North 24 Parganas,0.20525199000829616
2016-09-17,South 24 Parganas,Paschim Medinipur,0.1494119616785286
2016-09-17,South 24 Parganas,Purba Medinipur,0.1701279756924266
2016-09-17,Uttar Dinajpur,Dakshin Dinajpur,0.40325257777390244
2016-09-17,Uttar Dinajpur,"Darjeeling, Jalpaiguri",0.17669083638805813
2016-09-17,Uttar Dinajpur,Jalpaiguri,0.20994306423200715
2016-09-17,Uttar Dinajpur,Malda,0.21011351536113046
2016-10-15,Bankura,Bardhaman,0.21351109818178826
2016-10-15,Bankura,Birbhum,0.1790119624134814
2016-10-15,Bankura,Burdwan,0.2175542121804382
2016-10-15,Bankura,Paschim Medinipur,0.19506894452913584
2016-10-15,Bankura,Purulia,0.19485377719325253
2016-10-15,Bardhaman,Bankura,0.15201504970057153
2016-10-15,Bardhaman,Birbhum,0.15329650565811614
2016-10-15,Bardhaman,Burdwan,0.20528370859487796
2016-10-15,Bardhaman,Murshidabad,0.13363185151287374
2016-10-15,Bardhaman,Nadia,0.2577860823603391
2016-10-15,Bardhaman,Purulia,0.0979867982559912
2016-10-15,Birbhum,Bankura,0.16212325386292975
2016-10-15,Birbhum,Bardhaman,0.19499765196947844
2016-10-15,Birbhum,Burdwan,0.17672467415333593
2016-10-15,Birbhum,Malda,0.1439612450167808
2016-10-15,Birbhum,Murshidabad,0.1929359721494484
2016-10-15,Birbhum,Purulia,0.1292571978651946
2016-10-15,Burdwan,Bankura,0.16969976565565692
2016-10-15,Burdwan,Bardhaman,0.2249065479467971
2016-10-15,Burdwan,Birbhum,0.15221157429437096
2016-10-15,Burdwan,Hooghly,0.1737609780030321
2016-10-15,Burdwan,Nadia,0.27942112980846884
2016-10-15,Dakshin Dinajpur,"Darjeeling, Jalpaiguri",0.14430313266579106
2016-10-15,Dakshin Dinajpur,Jalpaiguri,0.18391716855299525
2016-10-15,Dakshin Dinajpur,Malda,0.2654300951929455
2016-10-15,Dakshin Dinajpur,Murshidabad,0.1693749906193731
2016-10-15,Dakshin Dinajpur,Uttar Dinajpur,0.23697460671442683
2016-10-15,"Darjeeling, Jalpaiguri",Dakshin Dinajpur,0.20196852756760716
2016-10-15,"Darjeeling, Jalpaiguri",Jalpaiguri,0.39516547976253746
2016-10-15,"Darjeeling, Jalpaiguri",Malda,0.15518837891219384
2016-10-15,"Darjeeling, Jalpaiguri",Uttar Dinajpur,0.2476776050038271
2016-10-15,Hooghly,Burdwan,0.1467252408443345
2016-10-15,Hooghly,Howrah,0.17078876443155014
2016-10-15,Hooghly,Nadia,0.24664468250392405
2016-10-15,Hooghly,North 24 Parganas,0.1500616507548224
2016-10-15,Hooghly,Purba Medinipur,0.11464628009154842
2016-10-15,Hooghly,South 24 Parganas,0.17113337774989462
2016-10-15,Howrah,Hooghly,0.2184709882060173
2016-10-15,Howrah,North 24 Parganas,0.19377150404387067
2016-10-15,Howrah,Paschim Medinipur,0.15698361278972994
2016-10-15,Howrah,Purba Medinipur,0.17621479222644662
2016-10-15,Howrah,South 24 Parganas,0.25455909809825183
2016-10-15,Jalpaiguri,Dakshin Dinajpur,0.22541539988239107
2016-10-15,Jalpaiguri,"Darjeeling, Jalpaiguri",0.3460448335733828
2016-10-15,Jalpaiguri,Malda,0.17083192824864296
2016-10-15,Jalpaiguri,Uttar Dinajpur,0.25770783062988534
2016-10-15,Malda,Birbhum,0.16097692543753456
2016-10-15,Malda,Dakshin Dinajpur,0.236458022252479
2016-10-15,Malda,"Darjeeling, Jalpaiguri",0.09877684411167222
2016-10-15,Malda,Jalpaiguri,0.12416855367043939
2016-10-15,Malda,Murshidabad,0.19215358898735982
2016-10-15,Malda,Uttar Dinajpur,0.187466059968731
2016-10-15,Murshidabad,Bardhaman,0.1731541528104286
2016-10-15,Murshidabad,Birbhum,0.1965345945975216
2016-10-15,Murshidabad,Dakshin Dinajpur,0.13745512566961296
2016-10-15,Murshidabad,Malda,0.17504764226126643
2016-10-15,Murshidabad,Nadia,0.3178084795853992
2016-10-15,Nadia,Bardhaman,0.20672813555487246
2016-10-15,Nadia,Burdwan,0.20452751933030067
2016-10-15,Nadia,Hooghly,0.21380196118235514
2016-10-15,Nadia,Murshidabad,0.19669017914283707
2016-10-15,Nadia,North 24 Parganas,0.17825219943586906
2016-10-15,North 24 Parganas,Hooghly,0.22496513273277566
2016-10-15,North 24 Parganas,Howrah,0.22709152478497793
2016-10-15,North 24 Parganas,Nadia,0.30827653010722716
2016-10-15,North 24 Parganas,South 24 Parganas,0.2396668069422057
2016-10-15,Paschim Medinipur,Bankura,0.20969249791251784
2016-10-15,Paschim Medinipur,Howrah,0.20028493193087257
2016-10-15,Paschim Medinipur,Purba Medinipur,0.25288409347401003
2016-10-15,Paschim Medinipur,Purulia,0.14721054617245763
2016-10-15,Paschim Medinipur,South 24 Parganas,0.1899279245957821
2016-10-15,Purba Medinipur,Hooghly,0.21236195151042142
2016-10-15,Purba Medinipur,Howrah,0.25516706925375043
2016-10-15,Purba Medinipur,Paschim Medinipur,0.28701845260123243
2016-10-15,Purba Medinipur,South 24 Parganas,0.24545251992191408
2016-10-15,Purulia,Bankura,0.3183122597754094
2016-10-15,Purulia,Bardhaman,0.2248257094713553
2016-10-15,Purulia,Birbhum,0.23315031982693918
2016-10-15,Purulia,Paschim Medinipur,0.22371170193841092
2016-10-15,South 24 Parganas,Hooghly,0.21971499707324385
2016-10-15,South 24 Parganas,Howrah,0.255493070894813
2016-10-15,South 24 Parganas,North 24 Parganas,0.20525199000829616
2016-10-15,South 24 Parganas,Paschim Medinipur,0.1494119616785286
2016-10-15,South 24 Parganas,Purba Medinipur,0.17012797569242663
2016-10-15,Uttar Dinajpur,Dakshin Dinajpur,0.2839256384679874
2016-10-15,Uttar Dinajpur,"Darjeeling, Jalpaiguri",0.21202232827944797
2016-10-15,Uttar Dinajpur,Jalpaiguri,0.2519237454218101
2016-10-15,Uttar Dinajpur,Malda,0.2521282803371082
2016-10-17,Bankura,Bardhaman,0.21351109818178826
2016-10-17,Bankura,Birbhum,0.1790119624134814
2016-10-17,Bankura,Burdwan,0.21755421218043816
2016-10-17,Bankura,Paschim Medinipur,0.19506894452913587
2016-10-17,Bankura,Purulia,0.1948537771932525
2016-10-17,Bardhaman,Bankura,0.17013964033613224
2016-10-17,Bardhaman,Birbhum,0.17157388290719797
2016-10-17,Bardhaman,Burdwan,0.22975946405304232
2016-10-17,Bardhaman,Murshidabad,0.14956463322964192
2016-10-17,Bardhaman,Nadia,0.1692927164223476
2016-10-17,Bardhaman,Purulia,0.1096696586673603
2016-10-17,Birbhum,Bankura,0.16212325386292978
2016-10-17,Birbhum,Bardhaman,0.1949976519694785
2016-10-17,Birbhum,Burdwan,0.17672467415333593
2016-10-17,Birbhum,Malda,0.14396124501678081
2016-10-17,Birbhum,Murshidabad,0.19293597214944844
2016-10-17,Birbhum,Purulia,0.12925719786519463
2016-10-17,Burdwan,Bankura,0.19185264976856647
2016-10-17,Burdwan,Bardhaman,0.2542662154374979
2016-10-17,Burdwan,Birbhum,0.17208152139158026
2016-10-17,Burdwan,Hooghly,0.19644401939778425
2016-10-17,Burdwan,Nadia,0.18535558915265493
2016-10-17,Dakshin Dinajpur,"Darjeeling, Jalpaiguri",0.14430313266579106
2016-10-17,Dakshin Dinajpur,Jalpaiguri,0.18391716855299525
2016-10-17,Dakshin Dinajpur,Malda,0.2654300951929455
2016-10-17,Dakshin Dinajpur,Murshidabad,0.16937499061937314
2016-10-17,Dakshin Dinajpur,Uttar Dinajpur,0.2369746067144268
2016-10-17,"Darjeeling, Jalpaiguri",Dakshin Dinajpur,0.20196852756760714
2016-10-17,"Darjeeling, Jalpaiguri",Jalpaiguri,0.3951654797625374
2016-10-17,"Darjeeling, Jalpaiguri",Malda,0.15518837891219384
2016-10-17,"Darjeeling, Jalpaiguri",Uttar Dinajpur,0.24767760500382707
2016-10-17,Hooghly,Burdwan,0.1440457587165267
2016-10-17,Hooghly,Howrah,0.1676698365682098
2016-10-17,Hooghly,Nadia,0.142078146796101
2016-10-17,Hooghly,North 24 Parganas,0.1473212394325914
2016-10-17,Hooghly,Purba Medinipur,0.11255262083594111
2016-10-17,Hooghly,South 24 Parganas,0.28633239409288375
2016-10-17,Howrah,Hooghly,0.18525793571311813
2016-10-17,Howrah,North 24 Parganas,0.1643133906884799
2016-10-17,Howrah,Paschim Medinipur,0.13311817868827586
2016-10-17,Howrah,Purba Medinipur,0.14942573802615491
2016-10-17,Howrah,South 24 Parganas,0.3678847529530274
2016-10-17,Jalpaiguri,Dakshin Dinajpur,0.22541539988239104
2016-10-17,Jalpaiguri,"Darjeeling, Jalpaiguri",0.3460448335733827
2016-10-17,Jalpaiguri,Malda,0.17083192824864293
2016-10-17,Jalpaiguri,Uttar Dinajpur,0.2577078306298853
2016-10-17,Malda,Birbhum,0.16097692543753453
2016-10-17,Malda,Dakshin Dinajpur,0.236458022252479
2016-10-17,Malda,"Darjeeling, Jalpaiguri",0.09877684411167222
2016-10-17,Malda,Jalpaiguri,0.12416855367043939
2016-10-17,Malda,Murshidabad,0.19215358898735982
2016-10-17,Malda,Uttar Dinajpur,0.187466059968731
2016-10-17,Murshidabad,Bardhaman,0.19933281923480856
2016-10-17,Murshidabad,Birbhum,0.2262480811602845
2016-10-17,Murshidabad,Dakshin Dinajpur,0.15823656131421798
2016-10-17,Murshidabad,Malda,0.20151257977939158
2016-10-17,Murshidabad,Nadia,0.21466995266813516
2016-10-17,Nadia,Bardhaman,0.20672813555487243
2016-10-17,Nadia,Burdwan,0.20452751933030067
2016-10-17,Nadia,Hooghly,0.21380196118235512
2016-10-17,Nadia,Murshidabad,0.19669017914283707
2016-10-17,Nadia,North 24 Parganas,0.17825219943586906
2016-10-17,North 24 Parganas,Hooghly,0.2160219725502636
2016-10-17,North 24 Parganas,Howrah,0.21806383299304416
2016-10-17,North 24 Parganas,Nadia,0.1736932973610034
2016-10-17,North 24 Parganas,South 24 Parganas,0.39222089187884895
2016-10-17,Paschim Medinipur,Bankura,0.18495286589315507
2016-10-17,Paschim Medinipur,Howrah,0.17665520953107508
2016-10-17,Paschim Medinipur,Purba Medinipur,0.2230486941231605
2016-10-17,Paschim Medinipur,Purulia,0.129842567928451
2016-10-17,Paschim Medinipur,South 24 Parganas,0.28550065730757773
2016-10-17,Purba Medinipur,Hooghly,0.18106233849207737
2016-10-17,Purba Medinipur,Howrah,0.21755849358441523
2016-10-17,Purba Medinipur,Paschim Medinipur,0.24471536378684264
2016-10-17,Purba Medinipur,South 24 Parganas,0.35666379841335205
2016-10-17,Purulia,Bankura,0.31831225977540933
2016-10-17,Purulia,Bardhaman,0.2248257094713553
2016-10-17,Purulia,Birbhum,0.23315031982693915
2016-10-17,Purulia,Paschim Medinipur,0.2237117019384109
2016-10-17,South 24 Parganas,Hooghly,0.21971499707324385
2016-10-17,South 24 Parganas,Howrah,0.255493070894813
2016-10-17,South 24 Parganas,North 24 Parganas,0.20525199000829616
2016-10-17,South 24 Parganas,Paschim Medinipur,0.14941196167852858
2016-10-17,South 24 Parganas,Purba Medinipur,0.1701279756924266
2016-10-17,Uttar Dinajpur,Dakshin Dinajpur,0.2839256384679874
2016-10-17,Uttar Dinajpur,"Darjeeling, Jalpaiguri",0.21202232827944797
2016-10-17,Uttar Dinajpur,Jalpaiguri,0.25192374542181006
2016-10-17,Uttar Dinajpur,Malda,0.2521282803371082
2016-10-29,Bankura,Bardhaman,0.21351109818178832
2016-10-29,Bankura,Birbhum,0.17901196241348144
2016-10-29,Bankura,Burdwan,0.2175542121804382
2016-10-29,Bankura,Paschim Medinipur,0.19506894452913584
2016-10-29,Bankura,Purulia,0.19485377719325253
2016-10-29,Bardhaman,Bankura,0.2589377187692292
2016-10-29,Bardhaman,Birbhum,0.15321485306073632
2016-10-29,Bardhaman,Burdwan,0.20517436528053054
2016-10-29,Bardhaman,Murshidabad,0.1335606731926514
2016-10-29,Bardhaman,Nadia,0.15117777969116955
2016-10-29,Bardhaman,Purulia,0.09793460609053914
2016-10-29,Birbhum,Bankura,0.2479877410228727
2016-10-29,Birbhum,Bardhaman,0.17501455366660085
2016-10-29,Birbhum,Burdwan,0.15861416615243504
2016-10-29,Birbhum,Malda,0.1292082893687545
2016-10-29,Birbhum,Murshidabad,0.1731641520342649
2016-10-29,Birbhum,Purulia,0.11601109328287391
2016-10-29,Burdwan,Bankura,0.28804951901729653
2016-10-29,Burdwan,Bardhaman,0.22399993556439582
2016-10-29,Burdwan,Birbhum,0.1515979999042082
2016-10-29,Burdwan,Hooghly,0.1730605366167148
2016-10-29,Burdwan,Nadia,0.1632920046230107
2016-10-29,Dakshin Dinajpur,"Darjeeling, Jalpaiguri",0.1443031326657911
2016-10-29,Dakshin Dinajpur,Jalpaiguri,0.18391716855299525
2016-10-29,Dakshin Dinajpur,Malda,0.2654300951929456
2016-10-29,Dakshin Dinajpur,Murshidabad,0.16937499061937314
2016-10-29,Dakshin Dinajpur,Uttar Dinajpur,0.23697460671442686
2016-10-29,"Darjeeling, Jalpaiguri",Dakshin Dinajpur,0.20196852756760714
2016-10-29,"Darjeeling, Jalpaiguri",Jalpaiguri,0.39516547976253746
2016-10-29,"Darjeeling, Jalpaiguri",Malda,0.1551883789121938
2016-10-29,"Darjeeling, Jalpaiguri",Uttar Dinajpur,0.24767760500382713
2016-10-29,Hooghly,Burdwan,0.16337724687849428
2016-10-29,Hooghly,Howrah,0.19017176574417455
2016-10-29,Hooghly,Nadia,0.1611455739618548
2016-10-29,Hooghly,North 24 Parganas,0.16709230955276136
2016-10-29,Hooghly,Purba Medinipur,0.12765761022733502
2016-10-29,Hooghly,South 24 Parganas,0.1905554896001709
2016-10-29,Howrah,Hooghly,0.2184709882060173
2016-10-29,Howrah,North 24 Parganas,0.19377150404387067
2016-10-29,Howrah,Paschim Medinipur,0.15698361278972994
2016-10-29,Howrah,Purba Medinipur,0.17621479222644662
2016-10-29,Howrah,South 24 Parganas,0.25455909809825183
2016-10-29,Jalpaiguri,Dakshin Dinajpur,0.22541539988239107
2016-10-29,Jalpaiguri,"Darjeeling, Jalpaiguri",0.3460448335733828
2016-10-29,Jalpaiguri,Malda,0.17083192824864296
2016-10-29,Jalpaiguri,Uttar Dinajpur,0.25770783062988534
2016-10-29,Malda,Birbhum,0.16097692543753453
2016-10-29,Malda,Dakshin Dinajpur,0.23645802225247903
2016-10-29,Malda,"Darjeeling, Jalpaiguri",0.09877684411167222
2016-10-29,Malda,Jalpaiguri,0.12416855367043939
2016-10-29,Malda,Murshidabad,0.1921535889873598
2016-10-29,Malda,Uttar Dinajpur,0.18746605996873097
2016-10-29,Murshidabad,Bardhaman,0.19933281923480858
2016-10-29,Murshidabad,Birbhum,0.22624808116028453
2016-10-29,Murshidabad,Dakshin Dinajpur,0.15823656131421798
2016-10-29,Murshidabad,Malda,0.20151257977939158
2016-10-29,Murshidabad,Nadia,0.21466995266813518
2016-10-29,Nadia,Bardhaman,0.2067281355548724
2016-10-29,Nadia,Burdwan,0.20452751933030067
2016-10-29,Nadia,Hooghly,0.21380196118235512
2016-10-29,Nadia,Murshidabad,0.19669017914283704
2016-10-29,Nadia,North 24 Parganas,0.17825219943586906
2016-10-29,North 24 Parganas,Hooghly,0.2578079147294574
2016-10-29,North 24 Parganas,Howrah,0.26024473991305924
2016-10-29,North 24 Parganas,Nadia,0.2072914447844172
2016-10-29,North 24 Parganas,South 24 Parganas,0.27465589434711307
2016-10-29,Paschim Medinipur,Bankura,0.3113878129816092
2016-10-29,Paschim Medinipur,Howrah,0.17451263544817136
2016-10-29,Paschim Medinipur,Purba Medinipur,0.22034343367529502
2016-10-29,Paschim Medinipur,Purulia,0.12826776398329914
2016-10-29,Paschim Medinipur,South 24 Parganas,0.1654883487583144
2016-10-29,Purba Medinipur,Hooghly,0.21236195151042142
2016-10-29,Purba Medinipur,Howrah,0.25516706925375043
2016-10-29,Purba Medinipur,Paschim Medinipur,0.28701845260123243
2016-10-29,Purba Medinipur,South 24 Parganas,0.24545251992191408
2016-10-29,Purulia,Bankura,0.4431474264288218
2016-10-29,Purulia,Bardhaman,0.1836541388918674
2016-10-29,Purulia,Birbhum,0.19045429155261043
2016-10-29,Purulia,Paschim Medinipur,0.182744135784736
2016-10-29,South 24 Parganas,Hooghly,0.21971499707324382
2016-10-29,South 24 Parganas,Howrah,0.25549307089481293
2016-10-29,South 24 Parganas,North 24 Parganas,0.20525199000829614
2016-10-29,South 24 Parganas,Paschim Medinipur,0.14941196167852858
2016-10-29,South 24 Parganas,Purba Medinipur,0.1701279756924266
2016-10-29,Uttar Dinajpur,Dakshin Dinajpur,0.28392563846798746
2016-10-29,Uttar Dinajpur,"Darjeeling, Jalpaiguri",0.21202232827944803
2016-10-29,Uttar Dinajpur,Jalpaiguri,0.2519237454218101
2016-10-29,Uttar Dinajpur,Malda,0.2521282803371082
2017-07-23,Bankura,Bardhaman,0.21351109818178826
2017-07-23,Bankura,Birbhum,0.1790119624134814
2017-07-23,Bankura,Burdwan,0.21755421218043813
2017-07-23,Bankura,Paschim Medinipur,0.19506894452913584
2017-07-23,Bankura,Purulia,0.1948537771932525
2017-07-23,Bardhaman,Bankura,0.17013964033613224
2017-07-23,Bardhaman,Birbhum,0.17157388290719797
2017-07-23,Bardhaman,Burdwan,0.22975946405304232
2017-07-23,Bardhaman,Murshidabad,0.14956463322964192
2017-07-23,Bardhaman,Nadia,0.1692927164223476
2017-07-23,Bardhaman,Purulia,0.10966965866736031
2017-07-23,Birbhum,Bankura,0.16212325386292978
2017-07-23,Birbhum,Bardhaman,0.1949976519694785
2017-07-23,Birbhum,Burdwan,0.17672467415333595
2017-07-23,Birbhum,Malda,0.1439612450167808
2017-07-23,Birbhum,Murshidabad,0.1929359721494484
2017-07-23,Birbhum,Purulia,0.12925719786519463
2017-07-23,Burdwan,Bankura,0.19185264976856647
2017-07-23,Burdwan,Bardhaman,0.2542662154374979
2017-07-23,Burdwan,Birbhum,0.1720815213915803
2017-07-23,Burdwan,Hooghly,0.19644401939778428
2017-07-23,Burdwan,Nadia,0.18535558915265493
2017-07-23,Dakshin Dinajpur,"Darjeeling, Jalpaiguri",0.12775518431464217
2017-07-23,Dakshin Dinajpur,Jalpaiguri,0.27750139153948483
2017-07-23,Dakshin Dinajpur,Malda,0.23499192365119456
2017-07-23,Dakshin Dinajpur,Murshidabad,0.14995192928336543
2017-07-23,Dakshin Dinajpur,Uttar Dinajpur,0.20979956567407534
2017-07-23,"Darjeeling, Jalpaiguri",Dakshin Dinajpur,0.15799702864758744
2017-07-23,"Darjeeling, Jalpaiguri",Jalpaiguri,0.5268467905772118
2017-07-23,"Darjeeling, Jalpaiguri",Malda,0.12140160174488039
2017-07-23,"Darjeeling, Jalpaiguri",Uttar Dinajpur,0.1937545721823234
2017-07-23,Hooghly,Burdwan,0.16337724687849428
2017-07-23,Hooghly,Howrah,0.19017176574417452
2017-07-23,Hooghly,Nadia,0.1611455739618548
2017-07-23,Hooghly,North 24 Parganas,0.16709230955276133
2017-07-23,Hooghly,Purba Medinipur,0.12765761022733502
2017-07-23,Hooghly,South 24 Parganas,0.19055548960017088
2017-07-23,Howrah,Hooghly,0.2184709882060173
2017-07-23,Howrah,North 24 Parganas,0.19377150404387064
2017-07-23,Howrah,Paschim Medinipur,0.15698361278972994
2017-07-23,Howrah,Purba Medinipur,0.17621479222644662
2017-07-23,Howrah,South 24 Parganas,0.25455909809825183
2017-07-23,Jalpaiguri,Dakshin Dinajpur,0.22541539988239107
2017-07-23,Jalpaiguri,"Darjeeling, Jalpaiguri",0.3460448335733828
2017-07-23,Jalpaiguri,Malda,0.17083192824864296
2017-07-23,Jalpaiguri,Uttar Dinajpur,0.25770783062988534
2017-07-23,Malda,Birbhum,0.14803169773299493
2017-07-23,Malda,Dakshin Dinajpur,0.21744285636889885
2017-07-23,Malda,"Darjeeling, Jalpaiguri",0.09083353959466806
2017-07-23,Malda,Jalpaiguri,0.19459999887736107
2017-07-23,Malda,Murshidabad,0.17670123793192158
2017-07-23,Malda,Uttar Dinajpur,0.1723906643704358
2017-07-23,Murshidabad,Bardhaman,0.19933281923480858
2017-07-23,Murshidabad,Birbhum,0.22624808116028453
2017-07-23,Murshidabad,Dakshin Dinajpur,0.15823656131421798
2017-07-23,Murshidabad,Malda,0.2015125797793916
2017-07-23,Murshidabad,Nadia,0.21466995266813518
2017-07-23,Nadia,Bardhaman,0.20672813555487246
2017-07-23,Nadia,Burdwan,0.20452751933030067
2017-07-23,Nadia,Hooghly,0.21380196118235514
2017-07-23,Nadia,Murshidabad,0.19669017914283707
2017-07-23,Nadia,North 24 Parganas,0.17825219943586906
2017-07-23,North 24 Parganas,Hooghly,0.2578079147294574
2017-07-23,North 24 Parganas,Howrah,0.26024473991305924
2017-07-23,North 24 Parganas,Nadia,0.2072914447844172
2017-07-23,North 24 Parganas,South 24 Parganas,0.27465589434711307
2017-07-23,Paschim Medinipur,Bankura,0.20969249791251782
2017-07-23,Paschim Medinipur,Howrah,0.20028493193087255
2017-07-23,Paschim Medinipur,Purba Medinipur,0.25288409347401
2017-07-23,Paschim Medinipur,Purulia,0.1472105461724576
2017-07-23,Paschim Medinipur,South 24 Parganas,0.18992792459578206
2017-07-23,Purba Medinipur,Hooghly,0.21236195151042142
2017-07-23,Purba Medinipur,Howrah,0.2551670692537505
2017-07-23,Purba Medinipur,Paschim Medinipur,0.28701845260123243
2017-07-23,Purba Medinipur,South 24 Parganas,0.24545251992191405
2017-07-23,Purulia,Bankura,0.3183122597754093
2017-07-23,Purulia,Bardhaman,0.22482570947135527
2017-07-23,Purulia,Birbhum,0.23315031982693912
2017-07-23,Purulia,Paschim Medinipur,0.2237117019384109
2017-07-23,South 24 Parganas,Hooghly,0.21971499707324385
2017-07-23,South 24 Parganas,Howrah,0.255493070894813
2017-07-23,South 24 Parganas,North 24 Parganas,0.20525199000829616
2017-07-23,South 24 Parganas,Paschim Medinipur,0.1494119616785286
2017-07-23,South 24 Parganas,Purba Medinipur,0.1701279756924266
2017-07-23,Uttar Dinajpur,Dakshin Dinajpur,0.2411413642056092
2017-07-23,Uttar Dinajpur,"Darjeeling, Jalpaiguri",0.18007304222059606
2017-07-23,Uttar Dinajpur,Jalpaiguri,0.36465009101618523
2017-07-23,Uttar Dinajpur,Malda,0.2141354961931681
2017-07-31,Bankura,Bardhaman,0.2135110981817883
2017-07-31,Bankura,Birbhum,0.17901196241348144
2017-07-31,Bankura,Burdwan,0.21755421218043816
2017-07-31,Bankura,Paschim Medinipur,0.19506894452913584
2017-07-31,Bankura,Purulia,0.19485377719325253
2017-07-31,Bardhaman,Bankura,0.17013964033613227
2017-07-31,Bardhaman,Birbhum,0.171573882907198
2017-07-31,Bardhaman,Burdwan,0.22975946405304237
2017-07-31,Bardhaman,Murshidabad,0.14956463322964192
2017-07-31,Bardhaman,Nadia,0.16929271642234767
2017-07-31,Bardhaman,Purulia,0.10966965866736032
2017-07-31,Birbhum,Bankura,0.16212325386292975
2017-07-31,Birbhum,Bardhaman,0.19499765196947846
2017-07-31,Birbhum,Burdwan,0.17672467415333593
2017-07-31,Birbhum,Malda,0.1439612450167808
2017-07-31,Birbhum,Murshidabad,0.19293597214944838
2017-07-31,Birbhum,Purulia,0.12925719786519463
2017-07-31,Burdwan,Bankura,0.19185264976856645
2017-07-31,Burdwan,Bardhaman,0.2542662154374979
2017-07-31,Burdwan,Birbhum,0.17208152139158028
2017-07-31,Burdwan,Hooghly,0.19644401939778425
2017-07-31,Burdwan,Nadia,0.1853555891526549
2017-07-31,Dakshin Dinajpur,"Darjeeling, Jalpaiguri",0.14430313266579106
2017-07-31,Dakshin Dinajpur,Jalpaiguri,0.18391716855299528
2017-07-31,Dakshin Dinajpur,Malda,0.2654300951929456
2017-07-31,Dakshin Dinajpur,Murshidabad,0.1693749906193731
2017-07-31,Dakshin Dinajpur,Uttar Dinajpur,0.23697460671442683
2017-07-31,"Darjeeling, Jalpaiguri",Dakshin Dinajpur,0.20196852756760716
2017-07-31,"Darjeeling, Jalpaiguri",Jalpaiguri,0.39516547976253746
2017-07-31,"Darjeeling, Jalpaiguri",Malda,0.15518837891219384
2017-07-31,"Darjeeling, Jalpaiguri",Uttar Dinajpur,0.24767760500382713
2017-07-31,Hooghly,Burdwan,0.14404575881151369
2017-07-31,Hooghly,Howrah,0.16766983667877505
2017-07-31,Hooghly,Nadia,0.1420781468897905
2017-07-31,Hooghly,North 24 Parganas,0.14732123952973833
2017-07-31,Hooghly,Purba Medinipur,0.11255262091016083
2017-07-31,Hooghly,South 24 Parganas,0.2863323936222754
2017-07-31,Howrah,Hooghly,0.18525793587007555
2017-07-31,Howrah,North 24 Parganas,0.1643133908276923
2017-07-31,Howrah,Paschim Medinipur,0.13311817880105856
2017-07-31,Howrah,Purba Medinipur,0.14942573815275395
2017-07-31,Howrah,South 24 Parganas,0.367884752417476
2017-07-31,Jalpaiguri,Dakshin Dinajpur,0.22541539988239107
2017-07-31,Jalpaiguri,"Darjeeling, Jalpaiguri",0.3460448335733828
2017-07-31,Jalpaiguri,Malda,0.17083192824864296
2017-07-31,Jalpaiguri,Uttar Dinajpur,0.25770783062988534
2017-07-31,Malda,Birbhum,0.16097692543753453
2017-07-31,Malda,Dakshin Dinajpur,0.23645802225247897
2017-07-31,Malda,"Darjeeling, Jalpaiguri",0.0987768441116722
2017-07-31,Malda,Jalpaiguri,0.12416855367043937
2017-07-31,Malda,Murshidabad,0.19215358898735976
2017-07-31,Malda,Uttar Dinajpur,0.18746605996873097
2017-07-31,Murshidabad,Bardhaman,0.19933281923480856
2017-07-31,Murshidabad,Birbhum,0.2262480811602845
2017-07-31,Murshidabad,Dakshin Dinajpur,0.15823656131421798
2017-07-31,Murshidabad,Malda,0.20151257977939158
2017-07-31,Murshidabad,Nadia,0.21466995266813516
2017-07-31,Nadia,Bardhaman,0.20672813555487246
2017-07-31,Nadia,Burdwan,0.2045275193303007
2017-07-31,Nadia,Hooghly,0.21380196118235514
2017-07-31,Nadia,Murshidabad,0.19669017914283707
2017-07-31,Nadia,North 24 Parganas,0.17825219943586906
2017-07-31,North 24 Parganas,Hooghly,0.21602197274539256
2017-07-31,North 24 Parganas,Howrah,0.21806383319001754
2017-07-31,North 24 Parganas,Nadia,0.17369329751789758
2017-07-31,North 24 Parganas,South 24 Parganas,0.3922208913298523
2017-07-31,Paschim Medinipur,Bankura,0.18495286601476285
2017-07-31,Paschim Medinipur,Howrah,0.17665520964722714
2017-07-31,Paschim Medinipur,Purba Medinipur,0.22304869426981658
2017-07-31,Paschim Medinipur,Purulia,0.1298425680138234
2017-07-31,Paschim Medinipur,South 24 Parganas,0.2855006568377896
2017-07-31,Purba Medinipur,Hooghly,0.18106233864080112
2017-07-31,Purba Medinipur,Howrah,0.21755849376311673
2017-07-31,Purba Medinipur,Paschim Medinipur,0.24471536398785068
2017-07-31,Purba Medinipur,South 24 Parganas,0.3566637978849188
2017-07-31,Purulia,Bankura,0.31831225977540933
2017-07-31,Purulia,Bardhaman,0.22482570947135527
2017-07-31,Purulia,Birbhum,0.23315031982693918
2017-07-31,Purulia,Paschim Medinipur,0.2237117019384109
2017-07-31,South 24 Parganas,Hooghly,0.21971499707324385
2017-07-31,South 24 Parganas,Howrah,0.25549307089481293
2017-07-31,South 24 Parganas,North 24 Parganas,0.20525199000829616
2017-07-31,South 24 Parganas,Paschim Medinipur,0.14941196167852858
2017-07-31,South 24 Parganas,Purba Medinipur,0.17012797569242658
2017-07-31,Uttar Dinajpur,Dakshin Dinajpur,0.2839256384679874
2017-07-31,Uttar Dinajpur,"Darjeeling, Jalpaiguri",0.212022328279448
2017-07-31,Uttar Dinajpur,Jalpaiguri,0.2519237454218101
2017-07-31,Uttar Dinajpur,Malda,0.2521282803371082
2017-08-01,Bankura,Bardhaman,0.18960663789164028
2017-08-01,Bankura,Birbhum,0.2709288515602181
2017-08-01,Bankura,Burdwan,0.19319708943455696
2017-08-01,Bankura,Paschim Medinipur,0.17322924683638358
2017-08-01,Bankura,Purulia,0.17303816939128416
2017-08-01,Bardhaman,Bankura,0.15179715563089893
2017-08-01,Bardhaman,Birbhum,0.26088518832767577
2017-08-01,Bardhaman,Burdwan,0.20498946073723928
2017-08-01,Bardhaman,Murshidabad,0.13344030739917329
2017-08-01,Bardhaman,Nadia,0.15104153724065017
2017-08-01,Bardhaman,Purulia,0.09784634675274702
2017-08-01,Birbhum,Bankura,0.16212325386292978
2017-08-01,Birbhum,Bardhaman,0.1949976519694785
2017-08-01,Birbhum,Burdwan,0.17672467415333595
2017-08-01,Birbhum,Malda,0.14396124501678081
2017-08-01,Birbhum,Murshidabad,0.19293597214944844
2017-08-01,Birbhum,Purulia,0.12925719786519463
2017-08-01,Burdwan,Bankura,0.1711147387188517
2017-08-01,Burdwan,Bardhaman,0.22678184050157044
2017-08-01,Burdwan,Birbhum,0.2615736383183368
2017-08-01,Burdwan,Hooghly,0.17520981384767065
2017-08-01,Burdwan,Nadia,0.165319964286112
2017-08-01,Dakshin Dinajpur,"Darjeeling, Jalpaiguri",0.14430313266579103
2017-08-01,Dakshin Dinajpur,Jalpaiguri,0.18391716855299522
2017-08-01,Dakshin Dinajpur,Malda,0.2654300951929455
2017-08-01,Dakshin Dinajpur,Murshidabad,0.1693749906193731
2017-08-01,Dakshin Dinajpur,Uttar Dinajpur,0.2369746067144268
2017-08-01,"Darjeeling, Jalpaiguri",Dakshin Dinajpur,0.20196852756760716
2017-08-01,"Darjeeling, Jalpaiguri",Jalpaiguri,0.39516547976253746
2017-08-01,"Darjeeling, Jalpaiguri",Malda,0.15518837891219384
2017-08-01,"Darjeeling, Jalpaiguri",Uttar Dinajpur,0.24767760500382713
2017-08-01,Hooghly,Burdwan,0.16337724687849428
2017-08-01,Hooghly,Howrah,0.19017176574417452
2017-08-01,Hooghly,Nadia,0.1611455739618548
2017-08-01,Hooghly,North 24 Parganas,0.16709230955276136
2017-08-01,Hooghly,Purba Medinipur,0.127657610227335
2017-08-01,Hooghly,South 24 Parganas,0.19055548960017088
2017-08-01,Howrah,Hooghly,0.2184709882060173
2017-08-01,Howrah,North 24 Parganas,0.19377150404387067
2017-08-01,Howrah,Paschim Medinipur,0.15698361278972994
2017-08-01,Howrah,Purba Medinipur,0.17621479222644662
2017-08-01,Howrah,South 24 Parganas,0.25455909809825183
2017-08-01,Jalpaiguri,Dakshin Dinajpur,0.22541539988239107
2017-08-01,Jalpaiguri,"Darjeeling, Jalpaiguri",0.3460448335733827
2017-08-01,Jalpaiguri,Malda,0.17083192824864296
2017-08-01,Jalpaiguri,Uttar Dinajpur,0.25770783062988534
2017-08-01,Malda,Birbhum,0.24641283956701926
2017-08-01,Malda,Dakshin Dinajpur,0.21238001069728363
2017-08-01,Malda,"Darjeeling, Jalpaiguri",0.08871861064067124
2017-08-01,Malda,Jalpaiguri,0.11152473705728831
2017-08-01,Malda,Murshidabad,0.17258700252970197
2017-08-01,Malda,Uttar Dinajpur,0.16837679450361423
2017-08-01,Murshidabad,Bardhaman,0.17193627581609652
2017-08-01,Murshidabad,Birbhum,0.33259347938009887
2017-08-01,Murshidabad,Dakshin Dinajpur,0.13648833721788395
2017-08-01,Murshidabad,Malda,0.17381644743883867
2017-08-01,Murshidabad,Nadia,0.18516545510701096
2017-08-01,Nadia,Bardhaman,0.20672813555487246
2017-08-01,Nadia,Burdwan,0.2045275193303007
2017-08-01,Nadia,Hooghly,0.21380196118235517
2017-08-01,Nadia,Murshidabad,0.19669017914283707
2017-08-01,Nadia,North 24 Parganas,0.17825219943586906
2017-08-01,North 24 Parganas,Hooghly,0.2578079147294574
2017-08-01,North 24 Parganas,Howrah,0.26024473991305924
2017-08-01,North 24 Parganas,Nadia,0.2072914447844172
2017-08-01,North 24 Parganas,South 24 Parganas,0.27465589434711307
2017-08-01,Paschim Medinipur,Bankura,0.20969249791251782
2017-08-01,Paschim Medinipur,Howrah,0.20028493193087257
2017-08-01,Paschim Medinipur,Purba Medinipur,0.25288409347401003
2017-08-01,Paschim Medinipur,Purulia,0.1472105461724576
2017-08-01,Paschim Medinipur,South 24 Parganas,0.18992792459578206
2017-08-01,Purba Medinipur,Hooghly,0.2123619515104214
2017-08-01,Purba Medinipur,Howrah,0.25516706925375043
2017-08-01,Purba Medinipur,Paschim Medinipur,0.28701845260123243
2017-08-01,Purba Medinipur,South 24 Parganas,0.24545251992191405
2017-08-01,Purulia,Bankura,0.27341660998184925
2017-08-01,Purulia,Bardhaman,0.19311566373156377
2017-08-01,Purulia,Birbhum,0.3413089396351886
2017-08-01,Purulia,Paschim Medinipur,0.19215877893118938
2017-08-01,South 24 Parganas,Hooghly,0.21971499707324388
2017-08-01,South 24 Parganas,Howrah,0.255493070894813
2017-08-01,South 24 Parganas,North 24 Parganas,0.2052519900082962
2017-08-01,South 24 Parganas,Paschim Medinipur,0.1494119616785286
2017-08-01,South 24 Parganas,Purba Medinipur,0.17012797569242663
2017-08-01,Uttar Dinajpur,Dakshin Dinajpur,0.2839256384679874
2017-08-01,Uttar Dinajpur,"Darjeeling, Jalpaiguri",0.21202232827944797
2017-08-01,Uttar Dinajpur,Jalpaiguri,0.25192374542181006
2017-08-01,Uttar Dinajpur,Malda,0.25212828033710816
2017-08-04,Bankura,Bardhaman,0.21351109818178832
2017-08-04,Bankura,Birbhum,0.17901196241348144
2017-08-04,Bankura,Burdwan,0.2175542121804382
2017-08-04,Bankura,Paschim Medinipur,0.19506894452913587
2017-08-04,Bankura,Purulia,0.19485377719325253
2017-08-04,Bardhaman,Bankura,0.17013964033613221
2017-08-04,Bardhaman,Birbhum,0.17157388290719794
2017-08-04,Bardhaman,Burdwan,0.2297594640530423
2017-08-04,Bardhaman,Murshidabad,0.1495646332296419
2017-08-04,Bardhaman,Nadia,0.1692927164223476
2017-08-04,Bardhaman,Purulia,0.1096696586673603
2017-08-04,Birbhum,Bankura,0.16212325386292972
2017-08-04,Birbhum,Bardhaman,0.19499765196947846
2017-08-04,Birbhum,Burdwan,0.1767246741533359
2017-08-04,Birbhum,Malda,0.14396124501678076
2017-08-04,Birbhum,Murshidabad,0.19293597214944838
2017-08-04,Birbhum,Purulia,0.12925719786519463
2017-08-04,Burdwan,Bankura,0.19185264976856647
2017-08-04,Burdwan,Bardhaman,0.2542662154374979
2017-08-04,Burdwan,Birbhum,0.1720815213915803
2017-08-04,Burdwan,Hooghly,0.19644401939778428
2017-08-04,Burdwan,Nadia,0.18535558915265496
2017-08-04,Dakshin Dinajpur,"Darjeeling, Jalpaiguri",0.14430313266579106
2017-08-04,Dakshin Dinajpur,Jalpaiguri,0.18391716855299525
2017-08-04,Dakshin Dinajpur,Malda,0.2654300951929456
2017-08-04,Dakshin Dinajpur,Murshidabad,0.1693749906193731
2017-08-04,Dakshin Dinajpur,Uttar Dinajpur,0.23697460671442683
2017-08-04,"Darjeeling, Jalpaiguri",Dakshin Dinajpur,0.20196852756760716
2017-08-04,"Darjeeling, Jalpaiguri",Jalpaiguri,0.39516547976253746
2017-08-04,"Darjeeling, Jalpaiguri",Malda,0.15518837891219384
2017-08-04,"Darjeeling, Jalpaiguri",Uttar Dinajpur,0.24767760500382713
2017-08-04,Hooghly,Burdwan,0.14990027020210867
2017-08-04,Hooghly,Howrah,0.17448451124326228
2017-08-04,Hooghly,Nadia,0.147852687814729
2017-08-04,Hooghly,North 24 Parganas,0.15330887763876458
2017-08-04,Hooghly,Purba Medinipur,0.19961706765124526
2017-08-04,Hooghly,South 24 Parganas,0.1748365817475451
2017-08-04,Howrah,Hooghly,0.19435122719170586
2017-08-04,Howrah,North 24 Parganas,0.1723786298352616
2017-08-04,Howrah,Paschim Medinipur,0.13965221673232334
2017-08-04,Howrah,Purba Medinipur,0.267162805515452
2017-08-04,Howrah,South 24 Parganas,0.22645511660136497
2017-08-04,Jalpaiguri,Dakshin Dinajpur,0.22541539988239107
2017-08-04,Jalpaiguri,"Darjeeling, Jalpaiguri",0.3460448335733828
2017-08-04,Jalpaiguri,Malda,0.17083192824864296
2017-08-04,Jalpaiguri,Uttar Dinajpur,0.25770783062988534
2017-08-04,Malda,Birbhum,0.16097692543753453
2017-08-04,Malda,Dakshin Dinajpur,0.23645802225247903
2017-08-04,Malda,"Darjeeling, Jalpaiguri",0.09877684411167222
2017-08-04,Malda,Jalpaiguri,0.12416855367043939
2017-08-04,Malda,Murshidabad,0.1921535889873598
2017-08-04,Malda,Uttar Dinajpur,0.18746605996873097
2017-08-04,Murshidabad,Bardhaman,0.19933281923480858
2017-08-04,Murshidabad,Birbhum,0.22624808116028453
2017-08-04,Murshidabad,Dakshin Dinajpur,0.15823656131421798
2017-08-04,Murshidabad,Malda,0.20151257977939158
2017-08-04,Murshidabad,Nadia,0.21466995266813518
2017-08-04,Nadia,Bardhaman,0.20672813555487243
2017-08-04,Nadia,Burdwan,0.20452751933030067
2017-08-04,Nadia,Hooghly,0.21380196118235512
2017-08-04,Nadia,Murshidabad,0.19669017914283707
2017-08-04,Nadia,North 24 Parganas,0.17825219943586904
2017-08-04,North 24 Parganas,Hooghly,0.25780791472945747
2017-08-04,North 24 Parganas,Howrah,0.2602447399130593
2017-08-04,North 24 Parganas,Nadia,0.20729144478441722
2017-08-04,North 24 Parganas,South 24 Parganas,0.2746558943471131
2017-08-04,Paschim Medinipur,Bankura,0.17799204564821905
2017-08-04,Paschim Medinipur,Howrah,0.17000667692824598
2017-08-04,Paschim Medinipur,Purba Medinipur,0.3658300136499727
2017-08-04,Paschim Medinipur,Purulia,0.12495585924661333
2017-08-04,Paschim Medinipur,South 24 Parganas,0.16121539950669775
2017-08-04,Purba Medinipur,Hooghly,0.21236195151042137
2017-08-04,Purba Medinipur,Howrah,0.25516706925375043
2017-08-04,Purba Medinipur,Paschim Medinipur,0.2870184526012324
2017-08-04,Purba Medinipur,South 24 Parganas,0.24545251992191403
2017-08-04,Purulia,Bankura,0.3183122597754093
2017-08-04,Purulia,Bardhaman,0.2248257094713553
2017-08-04,Purulia,Birbhum,0.23315031982693918
2017-08-04,Purulia,Paschim Medinipur,0.2237117019384109
2017-08-04,South 24 Parganas,Hooghly,0.19620613208398702
2017-08-04,South 24 Parganas,Howrah,0.2281560561740813
2017-08-04,South 24 Parganas,North 24 Parganas,0.18329062466611704
2017-08-04,South 24 Parganas,Paschim Medinipur,0.13342531679006145
2017-08-04,South 24 Parganas,Purba Medinipur,0.25892186613088575
2017-08-04,Uttar Dinajpur,Dakshin Dinajpur,0.28392563846798746
2017-08-04,Uttar Dinajpur,"Darjeeling, Jalpaiguri",0.21202232827944803
2017-08-04,Uttar Dinajpur,Jalpaiguri,0.2519237454218101
2017-08-04,Uttar Dinajpur,Malda,0.25212828033710827
2017-08-18,Bankura,Bardhaman,0.21351109818178826
2017-08-18,Bankura,Birbhum,0.1790119624134814
2017-08-18,Bankura,Burdwan,0.2175542121804382
2017-08-18,Bankura,Paschim Medinipur,0.19506894452913584
2017-08-18,Bankura,Purulia,0.19485377719325253
2017-08-18,Bardhaman,Bankura,0.17013964033613227
2017-08-18,Bardhaman,Birbhum,0.171573882907198
2017-08-18,Bardhaman,Burdwan,0.22975946405304237
2017-08-18,Bardhaman,Murshidabad,0.14956463322964195
2017-08-18,Bardhaman,Nadia,0.16929271642234767
2017-08-18,Bardhaman,Purulia,0.10966965866736032
2017-08-18,Birbhum,Bankura,0.16212325386292975
2017-08-18,Birbhum,Bardhaman,0.1949976519694785
2017-08-18,Birbhum,Burdwan,0.17672467415333593
2017-08-18,Birbhum,Malda,0.1439612450167808
2017-08-18,Birbhum,Murshidabad,0.1929359721494484
2017-08-18,Birbhum,Purulia,0.1292571978651946
2017-08-18,Burdwan,Bankura,0.19185264976856647
2017-08-18,Burdwan,Bardhaman,0.2542662154374979
2017-08-18,Burdwan,Birbhum,0.17208152139158028
2017-08-18,Burdwan,Hooghly,0.19644401939778422
2017-08-18,Burdwan,Nadia,0.18535558915265493
2017-08-18,Dakshin Dinajpur,"Darjeeling, Jalpaiguri",0.14430313266579106
2017-08-18,Dakshin Dinajpur,Jalpaiguri,0.18391716855299525
2017-08-18,Dakshin Dinajpur,Malda,0.2654300951929455
2017-08-18,Dakshin Dinajpur,Murshidabad,0.1693749906193731
2017-08-18,Dakshin Dinajpur,Uttar Dinajpur,0.23697460671442683
2017-08-18,"Darjeeling, Jalpaiguri",Dakshin Dinajpur,0.20196852756760716
2017-08-18,"Darjeeling, Jalpaiguri",Jalpaiguri,0.39516547976253746
2017-08-18,"Darjeeling, Jalpaiguri",Malda,0.15518837891219384
2017-08-18,"Darjeeling, Jalpaiguri",Uttar Dinajpur,0.24767760500382713
2017-08-18,Hooghly,Burdwan,0.14617543446874862
2017-08-18,Hooghly,Howrah,0.17014878762168056
2017-08-18,Hooghly,Nadia,0.14417873196326128
2017-08-18,Hooghly,North 24 Parganas,0.2547882532624963
2017-08-18,Hooghly,Purba Medinipur,0.11421667946272128
2017-08-18,Hooghly,South 24 Parganas,0.1704921096107456
2017-08-18,Howrah,Hooghly,0.1922366851402928
2017-08-18,Howrah,North 24 Parganas,0.29058455403653694
2017-08-18,Howrah,Paschim Medinipur,0.13813280011159745
2017-08-18,Howrah,Purba Medinipur,0.15505467251493177
2017-08-18,Howrah,South 24 Parganas,0.22399128411761682
2017-08-18,Jalpaiguri,Dakshin Dinajpur,0.2254153998823911
2017-08-18,Jalpaiguri,"Darjeeling, Jalpaiguri",0.3460448335733828
2017-08-18,Jalpaiguri,Malda,0.170831928248643
2017-08-18,Jalpaiguri,Uttar Dinajpur,0.2577078306298854
2017-08-18,Malda,Birbhum,0.16097692543753456
2017-08-18,Malda,Dakshin Dinajpur,0.236458022252479
2017-08-18,Malda,"Darjeeling, Jalpaiguri",0.09877684411167222
2017-08-18,Malda,Jalpaiguri,0.12416855367043939
2017-08-18,Malda,Murshidabad,0.19215358898735982
2017-08-18,Malda,Uttar Dinajpur,0.187466059968731
2017-08-18,Murshidabad,Bardhaman,0.19933281923480856
2017-08-18,Murshidabad,Birbhum,0.22624808116028447
2017-08-18,Murshidabad,Dakshin Dinajpur,0.15823656131421796
2017-08-18,Murshidabad,Malda,0.20151257977939158
2017-08-18,Murshidabad,Nadia,0.21466995266813516
2017-08-18,Nadia,Bardhaman,0.18367036381613017
2017-08-18,Nadia,Burdwan,0.1817151970387493
2017-08-18,Nadia,Hooghly,0.18995519835538788
2017-08-18,Nadia,Murshidabad,0.1747520078254449
2017-08-18,Nadia,North 24 Parganas,0.26990722820766344
2017-08-18,North 24 Parganas,Hooghly,0.2578079147294574
2017-08-18,North 24 Parganas,Howrah,0.2602447399130593
2017-08-18,North 24 Parganas,Nadia,0.20729144478441722
2017-08-18,North 24 Parganas,South 24 Parganas,0.2746558943471131
2017-08-18,Paschim Medinipur,Bankura,0.20969249791251782
2017-08-18,Paschim Medinipur,Howrah,0.20028493193087257
2017-08-18,Paschim Medinipur,Purba Medinipur,0.25288409347401003
2017-08-18,Paschim Medinipur,Purulia,0.14721054617245763
2017-08-18,Paschim Medinipur,South 24 Parganas,0.1899279245957821
2017-08-18,Purba Medinipur,Hooghly,0.2123619515104214
2017-08-18,Purba Medinipur,Howrah,0.25516706925375043
2017-08-18,Purba Medinipur,Paschim Medinipur,0.28701845260123243
2017-08-18,Purba Medinipur,South 24 Parganas,0.24545251992191405
2017-08-18,Purulia,Bankura,0.31831225977540933
2017-08-18,Purulia,Bardhaman,0.2248257094713553
2017-08-18,Purulia,Birbhum,0.23315031982693915
2017-08-18,Purulia,Paschim Medinipur,0.22371170193841092
2017-08-18,South 24 Parganas,Hooghly,0.19196556718806926
2017-08-18,South 24 Parganas,Howrah,0.22322496379523196
2017-08-18,South 24 Parganas,North 24 Parganas,0.30562658652386765
2017-08-18,South 24 Parganas,Paschim Medinipur,0.13054162142031406
2017-08-18,South 24 Parganas,Purba Medinipur,0.148641257007448
2017-08-18,Uttar Dinajpur,Dakshin Dinajpur,0.2839256384679874
2017-08-18,Uttar Dinajpur,"Darjeeling, Jalpaiguri",0.21202232827944797
2017-08-18,Uttar Dinajpur,Jalpaiguri,0.2519237454218101
2017-08-18,Uttar Dinajpur,Malda,0.2521282803371082
2017-08-21,Bankura,Bardhaman,0.2135110981817883
2017-08-21,Bankura,Birbhum,0.1790119624134814
2017-08-21,Bankura,Burdwan,0.2175542121804382
2017-08-21,Bankura,Paschim Medinipur,0.19506894452913587
2017-08-21,Bankura,Purulia,0.19485377719325253
2017-08-21,Bardhaman,Bankura,0.17013964033613221
2017-08-21,Bardhaman,Birbhum,0.17157388290719794
2017-08-21,Bardhaman,Burdwan,0.22975946405304232
2017-08-21,Bardhaman,Murshidabad,0.14956463322964192
2017-08-21,Bardhaman,Nadia,0.1692927164223476
2017-08-21,Bardhaman,Purulia,0.1096696586673603
2017-08-21,Birbhum,Bankura,0.16212325386292975
2017-08-21,Birbhum,Bardhaman,0.19499765196947846
2017-08-21,Birbhum,Burdwan,0.17672467415333593
2017-08-21,Birbhum,Malda,0.14396124501678076
2017-08-21,Birbhum,Murshidabad,0.1929359721494484
2017-08-21,Birbhum,Purulia,0.1292571978651946
2017-08-21,Burdwan,Bankura,0.19185264976856647
2017-08-21,Burdwan,Bardhaman,0.2542662154374979
2017-08-21,Burdwan,Birbhum,0.17208152139158028
2017-08-21,Burdwan,Hooghly,0.19644401939778425
2017-08-21,Burdwan,Nadia,0.18535558915265493
2017-08-21,Dakshin Dinajpur,"Darjeeling, Jalpaiguri",0.14430313266579103
2017-08-21,Dakshin Dinajpur,Jalpaiguri,0.18391716855299522
2017-08-21,Dakshin Dinajpur,Malda,0.2654300951929455
2017-08-21,Dakshin Dinajpur,Murshidabad,0.1693749906193731
2017-08-21,Dakshin Dinajpur,Uttar Dinajpur,0.2369746067144268
2017-08-21,"Darjeeling, Jalpaiguri",Dakshin Dinajpur,0.20196852756760714
2017-08-21,"Darjeeling, Jalpaiguri",Jalpaiguri,0.3951654797625374
2017-08-21,"Darjeeling, Jalpaiguri",Malda,0.1551883789121938
2017-08-21,"Darjeeling, Jalpaiguri",Uttar Dinajpur,0.24767760500382707
2017-08-21,Hooghly,Burdwan,0.1461754344659253
2017-08-21,Hooghly,Howrah,0.1701487876183942
2017-08-21,Hooghly,Nadia,0.1441787319604765
2017-08-21,Hooghly,North 24 Parganas,0.2547882532768898
2017-08-21,Hooghly,Purba Medinipur,0.11421667946051521
2017-08-21,Hooghly,South 24 Parganas,0.1704921096074526
2017-08-21,Howrah,Hooghly,0.19223668513605813
2017-08-21,Howrah,North 24 Parganas,0.2905845540521641
2017-08-21,Howrah,Paschim Medinipur,0.13813280010855464
2017-08-21,Howrah,Purba Medinipur,0.1550546725115162
2017-08-21,Howrah,South 24 Parganas,0.2239912841126827
2017-08-21,Jalpaiguri,Dakshin Dinajpur,0.22541539988239104
2017-08-21,Jalpaiguri,"Darjeeling, Jalpaiguri",0.3460448335733827
2017-08-21,Jalpaiguri,Malda,0.17083192824864296
2017-08-21,Jalpaiguri,Uttar Dinajpur,0.2577078306298853
2017-08-21,Malda,Birbhum,0.16097692543753453
2017-08-21,Malda,Dakshin Dinajpur,0.23645802225247897
2017-08-21,Malda,"Darjeeling, Jalpaiguri",0.0987768441116722
2017-08-21,Malda,Jalpaiguri,0.12416855367043939
2017-08-21,Malda,Murshidabad,0.1921535889873598
2017-08-21,Malda,Uttar Dinajpur,0.18746605996873097
2017-08-21,Murshidabad,Bardhaman,0.19933281923480858
2017-08-21,Murshidabad,Birbhum,0.22624808116028453
2017-08-21,Murshidabad,Dakshin Dinajpur,0.158236561314218
2017-08-21,Murshidabad,Malda,0.20151257977939158
2017-08-21,Murshidabad,Nadia,0.21466995266813518
2017-08-21,Nadia,Bardhaman,0.18367036381237214
2017-08-21,Nadia,Burdwan,0.18171519703503128
2017-08-21,Nadia,Hooghly,0.18995519835150124
2017-08-21,Nadia,Murshidabad,0.17475200782186934
2017-08-21,Nadia,North 24 Parganas,0.2699072282226017
2017-08-21,North 24 Parganas,Hooghly,0.2578079147294574
2017-08-21,North 24 Parganas,Howrah,0.26024473991305924
2017-08-21,North 24 Parganas,Nadia,0.2072914447844172
2017-08-21,North 24 Parganas,South 24 Parganas,0.27465589434711307
2017-08-21,Paschim Medinipur,Bankura,0.20969249791251782
2017-08-21,Paschim Medinipur,Howrah,0.20028493193087257
2017-08-21,Paschim Medinipur,Purba Medinipur,0.25288409347401003
2017-08-21,Paschim Medinipur,Purulia,0.1472105461724576
2017-08-21,Paschim Medinipur,South 24 Parganas,0.18992792459578206
2017-08-21,Purba Medinipur,Hooghly,0.21236195151042137
2017-08-21,Purba Medinipur,Howrah,0.25516706925375043
2017-08-21,Purba Medinipur,Paschim Medinipur,0.28701845260123243
2017-08-21,Purba Medinipur,South 24 Parganas,0.24545251992191403
2017-08-21,Purulia,Bankura,0.3183122597754093
2017-08-21,Purulia,Bardhaman,0.22482570947135527
2017-08-21,Purulia,Birbhum,0.23315031982693912
2017-08-21,Purulia,Paschim Medinipur,0.22371170193841086
2017-08-21,South 24 Parganas,Hooghly,0.1919655671836217
2017-08-21,South 24 Parganas,Howrah,0.2232249637900602
2017-08-21,South 24 Parganas,North 24 Parganas,0.3056265865399552
2017-08-21,South 24 Parganas,Paschim Medinipur,0.1305416214172896
2017-08-21,South 24 Parganas,Purba Medinipur,0.14864125700400424
2017-08-21,Uttar Dinajpur,Dakshin Dinajpur,0.2839256384679874
2017-08-21,Uttar Dinajpur,"Darjeeling, Jalpaiguri",0.21202232827944795
2017-08-21,Uttar Dinajpur,Jalpaiguri,0.25192374542181006
2017-08-21,Uttar Dinajpur,Malda,0.2521282803371082
2017-09-21,Bankura,Bardhaman,0.2135110981817883
2017-09-21,Bankura,Birbhum,0.17901196241348144
2017-09-21,Bankura,Burdwan,0.2175542121804382
2017-09-21,Bankura,Paschim Medinipur,0.19506894452913587
2017-09-21,Bankura,Purulia,0.1948537771932525
2017-09-21,Bardhaman,Bankura,0.17013964033613224
2017-09-21,Bardhaman,Birbhum,0.17157388290719797
2017-09-21,Bardhaman,Burdwan,0.22975946405304234
2017-09-21,Bardhaman,Murshidabad,0.14956463322964192
2017-09-21,Bardhaman,Nadia,0.16929271642234764
2017-09-21,Bardhaman,Purulia,0.1096696586673603
2017-09-21,Birbhum,Bankura,0.16212325386292978
2017-09-21,Birbhum,Bardhaman,0.1949976519694785
2017-09-21,Birbhum,Burdwan,0.17672467415333593
2017-09-21,Birbhum,Malda,0.1439612450167808
2017-09-21,Birbhum,Murshidabad,0.19293597214944844
2017-09-21,Birbhum,Purulia,0.12925719786519463
2017-09-21,Burdwan,Bankura,0.19185264976856647
2017-09-21,Burdwan,Bardhaman,0.2542662154374979
2017-09-21,Burdwan,Birbhum,0.17208152139158026
2017-09-21,Burdwan,Hooghly,0.19644401939778425
2017-09-21,Burdwan,Nadia,0.18535558915265493
2017-09-21,Dakshin Dinajpur,"Darjeeling, Jalpaiguri",0.14430313266579106
2017-09-21,Dakshin Dinajpur,Jalpaiguri,0.18391716855299525
2017-09-21,Dakshin Dinajpur,Malda,0.2654300951929455
2017-09-21,Dakshin Dinajpur,Murshidabad,0.16937499061937314
2017-09-21,Dakshin Dinajpur,Uttar Dinajpur,0.23697460671442683
2017-09-21,"Darjeeling, Jalpaiguri",Dakshin Dinajpur,0.20196852756760714
2017-09-21,"Darjeeling, Jalpaiguri",Jalpaiguri,0.39516547976253746
2017-09-21,"Darjeeling, Jalpaiguri",Malda,0.1551883789121938
2017-09-21,"Darjeeling, Jalpaiguri",Uttar Dinajpur,0.2476776050038271
2017-09-21,Hooghly,Burdwan,0.1499002702607669
2017-09-21,Hooghly,Howrah,0.17448451131154072
2017-09-21,Hooghly,Nadia,0.14785268787258599
2017-09-21,Hooghly,North 24 Parganas,0.15330887769875665
2017-09-21,Hooghly,Purba Medinipur,0.1996170673380433
2017-09-21,Hooghly,South 24 Parganas,0.1748365818159613
2017-09-21,Howrah,Hooghly,0.19435122729349283
2017-09-21,Howrah,North 24 Parganas,0.17237862992554093
2017-09-21,Howrah,Paschim Medinipur,0.13965221680546297
2017-09-21,Howrah,Purba Medinipur,0.2671628051316454
2017-09-21,Howrah,South 24 Parganas,0.2264551167199656
2017-09-21,Jalpaiguri,Dakshin Dinajpur,0.22541539988239107
2017-09-21,Jalpaiguri,"Darjeeling, Jalpaiguri",0.3460448335733827
2017-09-21,Jalpaiguri,Malda,0.17083192824864296
2017-09-21,Jalpaiguri,Uttar Dinajpur,0.25770783062988534
2017-09-21,Malda,Birbhum,0.16097692543753453
2017-09-21,Malda,Dakshin Dinajpur,0.23645802225247903
2017-09-21,Malda,"Darjeeling, Jalpaiguri",0.09877684411167222
2017-09-21,Malda,Jalpaiguri,0.12416855367043939
2017-09-21,Malda,Murshidabad,0.19215358898735982
2017-09-21,Malda,Uttar Dinajpur,0.187466059968731
2017-09-21,Murshidabad,Bardhaman,0.19933281923480858
2017-09-21,Murshidabad,Birbhum,0.22624808116028453
2017-09-21,Murshidabad,Dakshin Dinajpur,0.158236561314218
2017-09-21,Murshidabad,Malda,0.2015125797793916
2017-09-21,Murshidabad,Nadia,0.21466995266813516
2017-09-21,Nadia,Bardhaman,0.2067281355548724
2017-09-21,Nadia,Burdwan,0.20452751933030067
2017-09-21,Nadia,Hooghly,0.21380196118235512
2017-09-21,Nadia,Murshidabad,0.19669017914283704
2017-09-21,Nadia,North 24 Parganas,0.17825219943586904
2017-09-21,North 24 Parganas,Hooghly,0.2578079147294574
2017-09-21,North 24 Parganas,Howrah,0.26024473991305924
2017-09-21,North 24 Parganas,Nadia,0.2072914447844172
2017-09-21,North 24 Parganas,South 24 Parganas,0.2746558943471131
2017-09-21,Paschim Medinipur,Bankura,0.17799204577586555
2017-09-21,Paschim Medinipur,Howrah,0.17000667705016578
2017-09-21,Paschim Medinipur,Purba Medinipur,0.3658300131951795
2017-09-21,Paschim Medinipur,Purulia,0.12495585933622505
2017-09-21,Paschim Medinipur,South 24 Parganas,0.1612153996223129
2017-09-21,Purba Medinipur,Hooghly,0.21236195151042142
2017-09-21,Purba Medinipur,Howrah,0.2551670692537505
2017-09-21,Purba Medinipur,Paschim Medinipur,0.28701845260123243
2017-09-21,Purba Medinipur,South 24 Parganas,0.24545251992191408
2017-09-21,Purulia,Bankura,0.31831225977540933
2017-09-21,Purulia,Bardhaman,0.2248257094713553
2017-09-21,Purulia,Birbhum,0.2331503198269392
2017-09-21,Purulia,Paschim Medinipur,0.22371170193841092
2017-09-21,South 24 Parganas,Hooghly,0.19620613218357577
2017-09-21,South 24 Parganas,Howrah,0.22815605628988694
2017-09-21,South 24 Parganas,North 24 Parganas,0.18329062475915026
2017-09-21,South 24 Parganas,Paschim Medinipur,0.13342531685778444
2017-09-21,South 24 Parganas,Purba Medinipur,0.25892186575473525
2017-09-21,Uttar Dinajpur,Dakshin Dinajpur,0.2839256384679874
2017-09-21,Uttar Dinajpur,"Darjeeling, Jalpaiguri",0.21202232827944797
2017-09-21,Uttar Dinajpur,Jalpaiguri,0.2519237454218101
2017-09-21,Uttar Dinajpur,Malda,0.2521282803371082
2017-09-25,Bankura,Bardhaman,0.21351109818178826
2017-09-25,Bankura,Birbhum,0.1790119624134814
2017-09-25,Bankura,Burdwan,0.21755421218043813
2017-09-25,Bankura,Paschim Medinipur,0.19506894452913584
2017-09-25,Bankura,Purulia,0.1948537771932525
2017-09-25,Bardhaman,Bankura,0.1520150495187103
2017-09-25,Bardhaman,Birbhum,0.15329650547472187
2017-09-25,Bardhaman,Burdwan,0.20528370834928944
2017-09-25,Bardhaman,Murshidabad,0.133631851353005
2017-09-25,Bardhaman,Nadia,0.257786083248277
2017-09-25,Bardhaman,Purulia,0.09798679813876597
2017-09-25,Birbhum,Bankura,0.16212325386292978
2017-09-25,Birbhum,Bardhaman,0.19499765196947846
2017-09-25,Birbhum,Burdwan,0.1767246741533359
2017-09-25,Birbhum,Malda,0.1439612450167808
2017-09-25,Birbhum,Murshidabad,0.1929359721494484
2017-09-25,Birbhum,Purulia,0.12925719786519463
2017-09-25,Burdwan,Bankura,0.16969976543560025
2017-09-25,Burdwan,Bardhaman,0.22490654765515156
2017-09-25,Burdwan,Birbhum,0.15221157409699196
2017-09-25,Burdwan,Hooghly,0.17376097777770916
2017-09-25,Burdwan,Nadia,0.27942113074287306
2017-09-25,Dakshin Dinajpur,"Darjeeling, Jalpaiguri",0.14430313266579106
2017-09-25,Dakshin Dinajpur,Jalpaiguri,0.18391716855299528
2017-09-25,Dakshin Dinajpur,Malda,0.2654300951929455
2017-09-25,Dakshin Dinajpur,Murshidabad,0.16937499061937314
2017-09-25,Dakshin Dinajpur,Uttar Dinajpur,0.23697460671442683
2017-09-25,"Darjeeling, Jalpaiguri",Dakshin Dinajpur,0.20196852756760714
2017-09-25,"Darjeeling, Jalpaiguri",Jalpaiguri,0.3951654797625374
2017-09-25,"Darjeeling, Jalpaiguri",Malda,0.15518837891219384
2017-09-25,"Darjeeling, Jalpaiguri",Uttar Dinajpur,0.2476776050038271
2017-09-25,Hooghly,Burdwan,0.14672524067638815
2017-09-25,Hooghly,Howrah,0.17078876423605993
2017-09-25,Hooghly,Nadia,0.24664468336623846
2017-09-25,Hooghly,North 24 Parganas,0.15006165058305707
2017-09-25,Hooghly,Purba Medinipur,0.11464627996032065
2017-09-25,Hooghly,South 24 Parganas,0.17113337755400992
2017-09-25,Howrah,Hooghly,0.21847098820601732
2017-09-25,Howrah,North 24 Parganas,0.19377150404387067
2017-09-25,Howrah,Paschim Medinipur,0.15698361278972994
2017-09-25,Howrah,Purba Medinipur,0.17621479222644665
2017-09-25,Howrah,South 24 Parganas,0.25455909809825183
2017-09-25,Jalpaiguri,Dakshin Dinajpur,0.22541539988239107
2017-09-25,Jalpaiguri,"Darjeeling, Jalpaiguri",0.3460448335733828
2017-09-25,Jalpaiguri,Malda,0.17083192824864296
2017-09-25,Jalpaiguri,Uttar Dinajpur,0.25770783062988534
2017-09-25,Malda,Birbhum,0.16097692543753456
2017-09-25,Malda,Dakshin Dinajpur,0.236458022252479
2017-09-25,Malda,"Darjeeling, Jalpaiguri",0.09877684411167223
2017-09-25,Malda,Jalpaiguri,0.1241685536704394
2017-09-25,Malda,Murshidabad,0.19215358898735982
2017-09-25,Malda,Uttar Dinajpur,0.187466059968731
2017-09-25,Murshidabad,Bardhaman,0.17315415255504532
2017-09-25,Murshidabad,Birbhum,0.19653459430765477
2017-09-25,Murshidabad,Dakshin Dinajpur,0.13745512546688182
2017-09-25,Murshidabad,Malda,0.17504764200309045
2017-09-25,Murshidabad,Nadia,0.31780848059155636
2017-09-25,Nadia,Bardhaman,0.20672813555487243
2017-09-25,Nadia,Burdwan,0.20452751933030067
2017-09-25,Nadia,Hooghly,0.21380196118235514
2017-09-25,Nadia,Murshidabad,0.19669017914283707
2017-09-25,Nadia,North 24 Parganas,0.17825219943586906
2017-09-25,North 24 Parganas,Hooghly,0.22496513241092847
2017-09-25,North 24 Parganas,Howrah,0.22709152446008862
2017-09-25,North 24 Parganas,Nadia,0.30827653109684383
2017-09-25,North 24 Parganas,South 24 Parganas,0.23966680659932554
2017-09-25,Paschim Medinipur,Bankura,0.20969249791251787
2017-09-25,Paschim Medinipur,Howrah,0.2002849319308726
2017-09-25,Paschim Medinipur,Purba Medinipur,0.25288409347401003
2017-09-25,Paschim Medinipur,Purulia,0.14721054617245766
2017-09-25,Paschim Medinipur,South 24 Parganas,0.1899279245957821
2017-09-25,Purba Medinipur,Hooghly,0.2123619515104214
2017-09-25,Purba Medinipur,Howrah,0.2551670692537505
2017-09-25,Purba Medinipur,Paschim Medinipur,0.28701845260123243
2017-09-25,Purba Medinipur,South 24 Parganas,0.24545251992191405
2017-09-25,Purulia,Bankura,0.31831225977540933
2017-09-25,Purulia,Bardhaman,0.2248257094713553
2017-09-25,Purulia,Birbhum,0.23315031982693918
2017-09-25,Purulia,Paschim Medinipur,0.2237117019384109
2017-09-25,South 24 Parganas,Hooghly,0.21971499707324382
2017-09-25,South 24 Parganas,Howrah,0.255493070894813
2017-09-25,South 24 Parganas,North 24 Parganas,0.20525199000829616
2017-09-25,South 24 Parganas,Paschim Medinipur,0.14941196167852858
2017-09-25,South 24 Parganas,Purba Medinipur,0.1701279756924266
2017-09-25,Uttar Dinajpur,Dakshin Dinajpur,0.2839256384679874
2017-09-25,Uttar Dinajpur,"Darjeeling, Jalpaiguri",0.21202232827944797
2017-09-25,Uttar Dinajpur,Jalpaiguri,0.2519237454218101
2017-09-25,Uttar Dinajpur,Malda,0.2521282803371082
2018-05-28,Bankura,Bardhaman,0.2135110981817883
2018-05-28,Bankura,Birbhum,0.17901196241348144
2018-05-28,Bankura,Burdwan,0.2175542121804382
2018-05-28,Bankura,Paschim Medinipur,0.19506894452913587
2018-05-28,Bankura,Purulia,0.19485377719325253
2018-05-28,Bardhaman,Bankura,0.17013964033613224
2018-05-28,Bardhaman,Birbhum,0.171573882907198
2018-05-28,Bardhaman,Burdwan,0.22975946405304234
2018-05-28,Bardhaman,Murshidabad,0.14956463322964195
2018-05-28,Bardhaman,Nadia,0.16929271642234764
2018-05-28,Bardhaman,Purulia,0.10966965866736032
2018-05-28,Birbhum,Bankura,0.16212325386292975
2018-05-28,Birbhum,Bardhaman,0.19499765196947846
2018-05-28,Birbhum,Burdwan,0.17672467415333593
2018-05-28,Birbhum,Malda,0.1439612450167808
2018-05-28,Birbhum,Murshidabad,0.1929359721494484
2018-05-28,Birbhum,Purulia,0.12925719786519463
2018-05-28,Burdwan,Bankura,0.19185264976856647
2018-05-28,Burdwan,Bardhaman,0.2542662154374979
2018-05-28,Burdwan,Birbhum,0.17208152139158028
2018-05-28,Burdwan,Hooghly,0.19644401939778422
2018-05-28,Burdwan,Nadia,0.18535558915265493
2018-05-28,Dakshin Dinajpur,"Darjeeling, Jalpaiguri",0.14430313266579106
2018-05-28,Dakshin Dinajpur,Jalpaiguri,0.18391716855299525
2018-05-28,Dakshin Dinajpur,Malda,0.2654300951929456
2018-05-28,Dakshin Dinajpur,Murshidabad,0.1693749906193731
2018-05-28,Dakshin Dinajpur,Uttar Dinajpur,0.23697460671442686
2018-05-28,"Darjeeling, Jalpaiguri",Dakshin Dinajpur,0.20196852756760714
2018-05-28,"Darjeeling, Jalpaiguri",Jalpaiguri,0.3951654797625374
2018-05-28,"Darjeeling, Jalpaiguri",Malda,0.15518837891219384
2018-05-28,"Darjeeling, Jalpaiguri",Uttar Dinajpur,0.2476776050038271
2018-05-28,Hooghly,Burdwan,0.14617543446673073
2018-05-28,Hooghly,Howrah,0.17014878761933175
2018-05-28,Hooghly,Nadia,0.14417873196127096
2018-05-28,Hooghly,North 24 Parganas,0.2547882532727835
2018-05-28,Hooghly,Purba Medinipur,0.11421667946114458
2018-05-28,Hooghly,South 24 Parganas,0.17049210960839203
2018-05-28,Howrah,Hooghly,0.19223668513726624
2018-05-28,Howrah,North 24 Parganas,0.29058455404770583
2018-05-28,Howrah,Paschim Medinipur,0.13813280010942275
2018-05-28,Howrah,Purba Medinipur,0.1550546725124906
2018-05-28,Howrah,South 24 Parganas,0.22399128411409036
2018-05-28,Jalpaiguri,Dakshin Dinajpur,0.22541539988239104
2018-05-28,Jalpaiguri,"Darjeeling, Jalpaiguri",0.3460448335733827
2018-05-28,Jalpaiguri,Malda,0.17083192824864296
2018-05-28,Jalpaiguri,Uttar Dinajpur,0.2577078306298853
2018-05-28,Malda,Birbhum,0.16097692543753453
2018-05-28,Malda,Dakshin Dinajpur,0.236458022252479
2018-05-28,Malda,"Darjeeling, Jalpaiguri",0.09877684411167222
2018-05-28,Malda,Jalpaiguri,0.12416855367043939
2018-05-28,Malda,Murshidabad,0.1921535889873598
2018-05-28,Malda,Uttar Dinajpur,0.18746605996873097
2018-05-28,Murshidabad,Bardhaman,0.19933281923480853
2018-05-28,Murshidabad,Birbhum,0.22624808116028447
2018-05-28,Murshidabad,Dakshin Dinajpur,0.15823656131421796
2018-05-28,Murshidabad,Malda,0.20151257977939155
2018-05-28,Murshidabad,Nadia,0.21466995266813516
2018-05-28,Nadia,Bardhaman,0.18367036381344426
2018-05-28,Nadia,Burdwan,0.18171519703609199
2018-05-28,Nadia,Hooghly,0.18995519835261004
2018-05-28,Nadia,Murshidabad,0.1747520078228894
2018-05-28,Nadia,North 24 Parganas,0.26990722821833996
2018-05-28,North 24 Parganas,Hooghly,0.25780791472945747
2018-05-28,North 24 Parganas,Howrah,0.2602447399130593
2018-05-28,North 24 Parganas,Nadia,0.20729144478441722
2018-05-28,North 24 Parganas,South 24 Parganas,0.2746558943471131
2018-05-28,Paschim Medinipur,Bankura,0.20969249791251782
2018-05-28,Paschim Medinipur,Howrah,0.20028493193087257
2018-05-28,Paschim Medinipur,Purba Medinipur,0.25288409347401003
2018-05-28,Paschim Medinipur,Purulia,0.14721054617245763
2018-05-28,Paschim Medinipur,South 24 Parganas,0.18992792459578206
2018-05-28,Purba Medinipur,Hooghly,0.21236195151042142
2018-05-28,Purba Medinipur,Howrah,0.25516706925375043
2018-05-28,Purba Medinipur,Paschim Medinipur,0.28701845260123243
2018-05-28,Purba Medinipur,South 24 Parganas,0.24545251992191408
2018-05-28,Purulia,Bankura,0.3183122597754093
2018-05-28,Purulia,Bardhaman,0.2248257094713553
2018-05-28,Purulia,Birbhum,0.23315031982693915
2018-05-28,Purulia,Paschim Medinipur,0.22371170193841086
2018-05-28,South 24 Parganas,Hooghly,0.19196556718489052
2018-05-28,South 24 Parganas,Howrah,0.22322496379153567
2018-05-28,South 24 Parganas,North 24 Parganas,0.3056265865353656
2018-05-28,South 24 Parganas,Paschim Medinipur,0.13054162141815243
2018-05-28,South 24 Parganas,Purba Medinipur,0.14864125700498673
2018-05-28,Uttar Dinajpur,Dakshin Dinajpur,0.28392563846798746
2018-05-28,Uttar Dinajpur,"Darjeeling, Jalpaiguri",0.212022328279448
2018-05-28,Uttar Dinajpur,Jalpaiguri,0.2519237454218101
2018-05-28,Uttar Dinajpur,Malda,0.2521282803371082
2018-07-13,Bankura,Bardhaman,0.2135110981817883
2018-07-13,Bankura,Birbhum,0.17901196241348144
2018-07-13,Bankura,Burdwan,0.21755421218043822
2018-07-13,Bankura,Paschim Medinipur,0.1950689445291359
2018-07-13,Bankura,Purulia,0.19485377719325256
2018-07-13,Bardhaman,Bankura,0.17013964033613224
2018-07-13,Bardhaman,Birbhum,0.171573882907198
2018-07-13,Bardhaman,Burdwan,0.22975946405304234
2018-07-13,Bardhaman,Murshidabad,0.14956463322964192
2018-07-13,Bardhaman,Nadia,0.16929271642234764
2018-07-13,Bardhaman,Purulia,0.10966965866736032
2018-07-13,Birbhum,Bankura,0.14719896330880486
2018-07-13,Birbhum,Bardhaman,0.1770471017182165
2018-07-13,Birbhum,Burdwan,0.16045624675440553
2018-07-13,Birbhum,Malda,0.22276407434910123
2018-07-13,Birbhum,Murshidabad,0.1751752102717267
2018-07-13,Birbhum,Purulia,0.11735839907360886
2018-07-13,Burdwan,Bankura,0.19185264976856647
2018-07-13,Burdwan,Bardhaman,0.2542662154374979
2018-07-13,Burdwan,Birbhum,0.17208152139158028
2018-07-13,Burdwan,Hooghly,0.19644401939778425
2018-07-13,Burdwan,Nadia,0.18535558915265493
2018-07-13,Dakshin Dinajpur,"Darjeeling, Jalpaiguri",0.12157614476788213
2018-07-13,Dakshin Dinajpur,Jalpaiguri,0.15495117740156064
2018-07-13,Dakshin Dinajpur,Malda,0.3811210093699993
2018-07-13,Dakshin Dinajpur,Murshidabad,0.14269931635712285
2018-07-13,Dakshin Dinajpur,Uttar Dinajpur,0.19965234683401287
2018-07-13,"Darjeeling, Jalpaiguri",Dakshin Dinajpur,0.18206917399176822
2018-07-13,"Darjeeling, Jalpaiguri",Jalpaiguri,0.35623100963758936
2018-07-13,"Darjeeling, Jalpaiguri",Malda,0.23842513542801547
2018-07-13,"Darjeeling, Jalpaiguri",Uttar Dinajpur,0.2232746730512816
2018-07-13,Hooghly,Burdwan,0.16337724687849428
2018-07-13,Hooghly,Howrah,0.19017176574417452
2018-07-13,Hooghly,Nadia,0.1611455739618548
2018-07-13,Hooghly,North 24 Parganas,0.16709230955276136
2018-07-13,Hooghly,Purba Medinipur,0.127657610227335
2018-07-13,Hooghly,South 24 Parganas,0.19055548960017088
2018-07-13,Howrah,Hooghly,0.2184709882060173
2018-07-13,Howrah,North 24 Parganas,0.19377150404387067
2018-07-13,Howrah,Paschim Medinipur,0.15698361278972994
2018-07-13,Howrah,Purba Medinipur,0.17621479222644665
2018-07-13,Howrah,South 24 Parganas,0.25455909809825183
2018-07-13,Jalpaiguri,Dakshin Dinajpur,0.20120752767972042
2018-07-13,Jalpaiguri,"Darjeeling, Jalpaiguri",0.3088822922744763
2018-07-13,Jalpaiguri,Malda,0.25987817232054006
2018-07-13,Jalpaiguri,Uttar Dinajpur,0.23003200088280204
2018-07-13,Malda,Birbhum,0.16097692543753453
2018-07-13,Malda,Dakshin Dinajpur,0.236458022252479
2018-07-13,Malda,"Darjeeling, Jalpaiguri",0.09877684411167222
2018-07-13,Malda,Jalpaiguri,0.12416855367043939
2018-07-13,Malda,Murshidabad,0.1921535889873598
2018-07-13,Malda,Uttar Dinajpur,0.18746605996873097
2018-07-13,Murshidabad,Bardhaman,0.17455926005532882
2018-07-13,Murshidabad,Birbhum,0.19812942890129276
2018-07-13,Murshidabad,Dakshin Dinajpur,0.13857054328907079
2018-07-13,Murshidabad,Malda,0.3007505047474995
2018-07-13,Murshidabad,Nadia,0.1879902578898481
2018-07-13,Nadia,Bardhaman,0.2067281355548724
2018-07-13,Nadia,Burdwan,0.20452751933030067
2018-07-13,Nadia,Hooghly,0.21380196118235512
2018-07-13,Nadia,Murshidabad,0.19669017914283707
2018-07-13,Nadia,North 24 Parganas,0.17825219943586904
2018-07-13,North 24 Parganas,Hooghly,0.2578079147294574
2018-07-13,North 24 Parganas,Howrah,0.26024473991305924
2018-07-13,North 24 Parganas,Nadia,0.20729144478441716
2018-07-13,North 24 Parganas,South 24 Parganas,0.27465589434711307
2018-07-13,Paschim Medinipur,Bankura,0.20969249791251782
2018-07-13,Paschim Medinipur,Howrah,0.20028493193087255
2018-07-13,Paschim Medinipur,Purba Medinipur,0.25288409347401
2018-07-13,Paschim Medinipur,Purulia,0.1472105461724576
2018-07-13,Paschim Medinipur,South 24 Parganas,0.18992792459578203
2018-07-13,Purba Medinipur,Hooghly,0.21236195151042142
2018-07-13,Purba Medinipur,Howrah,0.2551670692537505
2018-07-13,Purba Medinipur,Paschim Medinipur,0.28701845260123243
2018-07-13,Purba Medinipur,South 24 Parganas,0.24545251992191408
2018-07-13,Purulia,Bankura,0.31831225977540933
2018-07-13,Purulia,Bardhaman,0.2248257094713553
2018-07-13,Purulia,Birbhum,0.23315031982693915
2018-07-13,Purulia,Paschim Medinipur,0.2237117019384109
2018-07-13,South 24 Parganas,Hooghly,0.21971499707324385
2018-07-13,South 24 Parganas,Howrah,0.255493070894813
2018-07-13,South 24 Parganas,North 24 Parganas,0.20525199000829616
2018-07-13,South 24 Parganas,Paschim Medinipur,0.14941196167852858
2018-07-13,South 24 Parganas,Purba Medinipur,0.1701279756924266
2018-07-13,Uttar Dinajpur,Dakshin Dinajpur,0.24111186605143367
2018-07-13,Uttar Dinajpur,"Darjeeling, Jalpaiguri",0.1800510143848501
2018-07-13,Uttar Dinajpur,Jalpaiguri,0.21393560894701513
2018-07-13,Uttar Dinajpur,Malda,0.3649015042530382
2018-07-14,Bankura,Bardhaman,0.1877214516444311
2018-07-14,Bankura,Birbhum,0.15738940847639463
2018-07-14,Bankura,Burdwan,0.1912762047015498
2018-07-14,Bankura,Paschim Medinipur,0.2922952132538689
2018-07-14,Bankura,Purulia,0.17131771708641746
2018-07-14,Bardhaman,Bankura,0.17013964033613224
2018-07-14,Bardhaman,Birbhum,0.17157388290719797
2018-07-14,Bardhaman,Burdwan,0.22975946405304234
2018-07-14,Bardhaman,Murshidabad,0.14956463322964192
2018-07-14,Bardhaman,Nadia,0.16929271642234764
2018-07-14,Bardhaman,Purulia,0.10966965866736031
2018-07-14,Birbhum,Bankura,0.16212325386292978
2018-07-14,Birbhum,Bardhaman,0.19499765196947846
2018-07-14,Birbhum,Burdwan,0.17672467415333593
2018-07-14,Birbhum,Malda,0.14396124501678081
2018-07-14,Birbhum,Murshidabad,0.19293597214944844
2018-07-14,Birbhum,Purulia,0.12925719786519463
2018-07-14,Burdwan,Bankura,0.19185264976856647
2018-07-14,Burdwan,Bardhaman,0.2542662154374979
2018-07-14,Burdwan,Birbhum,0.17208152139158028
2018-07-14,Burdwan,Hooghly,0.19644401939778425
2018-07-14,Burdwan,Nadia,0.18535558915265493
2018-07-14,Dakshin Dinajpur,"Darjeeling, Jalpaiguri",0.14430313266579106
2018-07-14,Dakshin Dinajpur,Jalpaiguri,0.18391716855299525
2018-07-14,Dakshin Dinajpur,Malda,0.2654300951929456
2018-07-14,Dakshin Dinajpur,Murshidabad,0.16937499061937314
2018-07-14,Dakshin Dinajpur,Uttar Dinajpur,0.23697460671442686
2018-07-14,"Darjeeling, Jalpaiguri",Dakshin Dinajpur,0.20196852756760716
2018-07-14,"Darjeeling, Jalpaiguri",Jalpaiguri,0.3951654797625375
2018-07-14,"Darjeeling, Jalpaiguri",Malda,0.15518837891219384
2018-07-14,"Darjeeling, Jalpaiguri",Uttar Dinajpur,0.24767760500382713
2018-07-14,Hooghly,Burdwan,0.16337724687849428
2018-07-14,Hooghly,Howrah,0.19017176574417452
2018-07-14,Hooghly,Nadia,0.1611455739618548
2018-07-14,Hooghly,North 24 Parganas,0.16709230955276136
2018-07-14,Hooghly,Purba Medinipur,0.12765761022733502
2018-07-14,Hooghly,South 24 Parganas,0.19055548960017088
2018-07-14,Howrah,Hooghly,0.19672147939951487
2018-07-14,Howrah,North 24 Parganas,0.17448091050438805
2018-07-14,Howrah,Paschim Medinipur,0.24090867985797437
2018-07-14,Howrah,Purba Medinipur,0.15867202736399735
2018-07-14,Howrah,South 24 Parganas,0.22921689869993947
2018-07-14,Jalpaiguri,Dakshin Dinajpur,0.22541539988239107
2018-07-14,Jalpaiguri,"Darjeeling, Jalpaiguri",0.34604483357338284
2018-07-14,Jalpaiguri,Malda,0.170831928248643
2018-07-14,Jalpaiguri,Uttar Dinajpur,0.25770783062988534
2018-07-14,Malda,Birbhum,0.16097692543753456
2018-07-14,Malda,Dakshin Dinajpur,0.236458022252479
2018-07-14,Malda,"Darjeeling, Jalpaiguri",0.09877684411167222
2018-07-14,Malda,Jalpaiguri,0.12416855367043939
2018-07-14,Malda,Murshidabad,0.1921535889873598
2018-07-14,Malda,Uttar Dinajpur,0.18746605996873097
2018-07-14,Murshidabad,Bardhaman,0.19933281923480856
2018-07-14,Murshidabad,Birbhum,0.2262480811602845
2018-07-14,Murshidabad,Dakshin Dinajpur,0.15823656131421796
2018-07-14,Murshidabad,Malda,0.20151257977939155
2018-07-14,Murshidabad,Nadia,0.21466995266813516
2018-07-14,Nadia,Bardhaman,0.20672813555487243
2018-07-14,Nadia,Burdwan,0.20452751933030067
2018-07-14,Nadia,Hooghly,0.21380196118235514
2018-07-14,Nadia,Murshidabad,0.19669017914283707
2018-07-14,Nadia,North 24 Parganas,0.17825219943586906
2018-07-14,North 24 Parganas,Hooghly,0.25780791472945747
2018-07-14,North 24 Parganas,Howrah,0.2602447399130593
2018-07-14,North 24 Parganas,Nadia,0.20729144478441724
2018-07-14,North 24 Parganas,South 24 Parganas,0.2746558943471131
2018-07-14,Paschim Medinipur,Bankura,0.20969249791251782
2018-07-14,Paschim Medinipur,Howrah,0.20028493193087257
2018-07-14,Paschim Medinipur,Purba Medinipur,0.25288409347401
2018-07-14,Paschim Medinipur,Purulia,0.1472105461724576
2018-07-14,Paschim Medinipur,South 24 Parganas,0.18992792459578206
2018-07-14,Purba Medinipur,Hooghly,0.17665319909011462
2018-07-14,Purba Medinipur,Howrah,0.21226061808869648
2018-07-14,Purba Medinipur,Paschim Medinipur,0.4069066028806406
2018-07-14,Purba Medinipur,South 24 Parganas,0.20417957435660675
2018-07-14,Purulia,Bankura,0.27498673789103284
2018-07-14,Purulia,Bardhaman,0.19422465375724496
2018-07-14,Purulia,Birbhum,0.2014162003458403
2018-07-14,Purulia,Paschim Medinipur,0.3293724002413389
2018-07-14,South 24 Parganas,Hooghly,0.19879619602419588
2018-07-14,South 24 Parganas,Howrah,0.23116788239765623
2018-07-14,South 24 Parganas,North 24 Parganas,0.1857101944954782
2018-07-14,South 24 Parganas,Paschim Medinipur,0.23039542746541478
2018-07-14,South 24 Parganas,Purba Medinipur,0.15393029540754027
2018-07-14,Uttar Dinajpur,Dakshin Dinajpur,0.2839256384679874
2018-07-14,Uttar Dinajpur,"Darjeeling, Jalpaiguri",0.21202232827944797
2018-07-14,Uttar Dinajpur,Jalpaiguri,0.25192374542181006
2018-07-14,Uttar Dinajpur,Malda,0.2521282803371082
2018-07-24,Bankura,Bardhaman,0.2135110981817883
2018-07-24,Bankura,Birbhum,0.1790119624134814
2018-07-24,Bankura,Burdwan,0.2175542121804382
2018-07-24,Bankura,Paschim Medinipur,0.19506894452913587
2018-07-24,Bankura,Purulia,0.19485377719325253
2018-07-24,Bardhaman,Bankura,0.15201504954820388
2018-07-24,Bardhaman,Birbhum,0.15329650550446405
2018-07-24,Bardhaman,Burdwan,0.20528370838911805
2018-07-24,Bardhaman,Murshidabad,0.13363185137893194
2018-07-24,Bardhaman,Nadia,0.25778608310427453
2018-07-24,Bardhaman,Purulia,0.09798679815777712
2018-07-24,Birbhum,Bankura,0.16212325386292978
2018-07-24,Birbhum,Bardhaman,0.19499765196947852
2018-07-24,Birbhum,Burdwan,0.17672467415333595
2018-07-24,Birbhum,Malda,0.14396124501678084
2018-07-24,Birbhum,Murshidabad,0.19293597214944846
2018-07-24,Birbhum,Purulia,0.12925719786519463
2018-07-24,Burdwan,Bankura,0.16969976547128823
2018-07-24,Burdwan,Bardhaman,0.22490654770244953
2018-07-24,Burdwan,Birbhum,0.15221157412900213
2018-07-24,Burdwan,Hooghly,0.1737609778142512
2018-07-24,Burdwan,Nadia,0.27942113059133494
2018-07-24,Dakshin Dinajpur,"Darjeeling, Jalpaiguri",0.14430313266579106
2018-07-24,Dakshin Dinajpur,Jalpaiguri,0.18391716855299528
2018-07-24,Dakshin Dinajpur,Malda,0.2654300951929456
2018-07-24,Dakshin Dinajpur,Murshidabad,0.16937499061937314
2018-07-24,Dakshin Dinajpur,Uttar Dinajpur,0.23697460671442683
2018-07-24,"Darjeeling, Jalpaiguri",Dakshin Dinajpur,0.20196852756760714
2018-07-24,"Darjeeling, Jalpaiguri",Jalpaiguri,0.3951654797625375
2018-07-24,"Darjeeling, Jalpaiguri",Malda,0.15518837891219384
2018-07-24,"Darjeeling, Jalpaiguri",Uttar Dinajpur,0.24767760500382713
2018-07-24,Hooghly,Burdwan,0.14672524070362505
2018-07-24,Hooghly,Howrah,0.17078876426776377
2018-07-24,Hooghly,Nadia,0.24664468322639152
2018-07-24,Hooghly,North 24 Parganas,0.1500616506109133
2018-07-24,Hooghly,Purba Medinipur,0.11464627998160265
2018-07-24,Hooghly,South 24 Parganas,0.17113337758577776
2018-07-24,Howrah,Hooghly,0.21847098820601732
2018-07-24,Howrah,North 24 Parganas,0.19377150404387067
2018-07-24,Howrah,Paschim Medinipur,0.15698361278972994
2018-07-24,Howrah,Purba Medinipur,0.17621479222644662
2018-07-24,Howrah,South 24 Parganas,0.25455909809825183
2018-07-24,Jalpaiguri,Dakshin Dinajpur,0.22541539988239107
2018-07-24,Jalpaiguri,"Darjeeling, Jalpaiguri",0.3460448335733828
2018-07-24,Jalpaiguri,Malda,0.17083192824864296
2018-07-24,Jalpaiguri,Uttar Dinajpur,0.25770783062988534
2018-07-24,Malda,Birbhum,0.16097692543753456
2018-07-24,Malda,Dakshin Dinajpur,0.236458022252479
2018-07-24,Malda,"Darjeeling, Jalpaiguri",0.09877684411167222
2018-07-24,Malda,Jalpaiguri,0.12416855367043939
2018-07-24,Malda,Murshidabad,0.19215358898735982
2018-07-24,Malda,Uttar Dinajpur,0.187466059968731
2018-07-24,Murshidabad,Bardhaman,0.1731541525964624
2018-07-24,Murshidabad,Birbhum,0.19653459435466428
2018-07-24,Murshidabad,Dakshin Dinajpur,0.13745512549976
2018-07-24,Murshidabad,Malda,0.17504764204496048
2018-07-24,Murshidabad,Nadia,0.3178084804283816
2018-07-24,Nadia,Bardhaman,0.20672813555487243
2018-07-24,Nadia,Burdwan,0.20452751933030067
2018-07-24,Nadia,Hooghly,0.21380196118235512
2018-07-24,Nadia,Murshidabad,0.19669017914283704
2018-07-24,Nadia,North 24 Parganas,0.17825219943586904
2018-07-24,North 24 Parganas,Hooghly,0.22496513246312447
2018-07-24,North 24 Parganas,Howrah,0.22709152451277795
2018-07-24,North 24 Parganas,Nadia,0.3082765309363515
2018-07-24,North 24 Parganas,South 24 Parganas,0.23966680665493256
2018-07-24,Paschim Medinipur,Bankura,0.20969249791251784
2018-07-24,Paschim Medinipur,Howrah,0.20028493193087257
2018-07-24,Paschim Medinipur,Purba Medinipur,0.25288409347401003
2018-07-24,Paschim Medinipur,Purulia,0.14721054617245763
2018-07-24,Paschim Medinipur,South 24 Parganas,0.1899279245957821
2018-07-24,Purba Medinipur,Hooghly,0.2123619515104214
2018-07-24,Purba Medinipur,Howrah,0.25516706925375043
2018-07-24,Purba Medinipur,Paschim Medinipur,0.28701845260123243
2018-07-24,Purba Medinipur,South 24 Parganas,0.24545251992191405
2018-07-24,Purulia,Bankura,0.3183122597754093
2018-07-24,Purulia,Bardhaman,0.2248257094713553
2018-07-24,Purulia,Birbhum,0.23315031982693912
2018-07-24,Purulia,Paschim Medinipur,0.22371170193841086
2018-07-24,South 24 Parganas,Hooghly,0.21971499707324382
2018-07-24,South 24 Parganas,Howrah,0.25549307089481293
2018-07-24,South 24 Parganas,North 24 Parganas,0.20525199000829614
2018-07-24,South 24 Parganas,Paschim Medinipur,0.14941196167852858
2018-07-24,South 24 Parganas,Purba Medinipur,0.17012797569242658
2018-07-24,Uttar Dinajpur,Dakshin Dinajpur,0.2839256384679874
2018-07-24,Uttar Dinajpur,"Darjeeling, Jalpaiguri",0.212022328279448
2018-07-24,Uttar Dinajpur,Jalpaiguri,0.2519237454218101
2018-07-24,Uttar Dinajpur,Malda,0.2521282803371082
2018-07-31,Bankura,Bardhaman,0.2135110981817883
2018-07-31,Bankura,Birbhum,0.1790119624134814
2018-07-31,Bankura,Burdwan,0.2175542121804382
2018-07-31,Bankura,Paschim Medinipur,0.19506894452913587
2018-07-31,Bankura,Purulia,0.19485377719325253
2018-07-31,Bardhaman,Bankura,0.15392587472400704
2018-07-31,Bardhaman,Birbhum,0.15522343854794335
2018-07-31,Bardhaman,Burdwan,0.20786411920592848
2018-07-31,Bardhaman,Murshidabad,0.23060841396078074
2018-07-31,Bardhaman,Nadia,0.1531596599606725
2018-07-31,Bardhaman,Purulia,0.09921848963419803
2018-07-31,Birbhum,Bankura,0.14272916887237724
2018-07-31,Birbhum,Bardhaman,0.1716709487042477
2018-07-31,Birbhum,Burdwan,0.15558388608751492
2018-07-31,Birbhum,Malda,0.1267398005004886
2018-07-31,Birbhum,Murshidabad,0.28948145822872967
2018-07-31,Birbhum,Purulia,0.11379473321988415
2018-07-31,Burdwan,Bankura,0.19185264976856647
2018-07-31,Burdwan,Bardhaman,0.2542662154374979
2018-07-31,Burdwan,Birbhum,0.17208152139158028
2018-07-31,Burdwan,Hooghly,0.19644401939778428
2018-07-31,Burdwan,Nadia,0.18535558915265493
2018-07-31,Dakshin Dinajpur,"Darjeeling, Jalpaiguri",0.12892417203677212
2018-07-31,Dakshin Dinajpur,Jalpaiguri,0.16431638205636448
2018-07-31,Dakshin Dinajpur,Malda,0.2371421508613201
2018-07-31,Dakshin Dinajpur,Murshidabad,0.25789801212804914
2018-07-31,Dakshin Dinajpur,Uttar Dinajpur,0.21171927732958962
2018-07-31,"Darjeeling, Jalpaiguri",Dakshin Dinajpur,0.20196852756760716
2018-07-31,"Darjeeling, Jalpaiguri",Jalpaiguri,0.39516547976253746
2018-07-31,"Darjeeling, Jalpaiguri",Malda,0.15518837891219384
2018-07-31,"Darjeeling, Jalpaiguri",Uttar Dinajpur,0.24767760500382713
2018-07-31,Hooghly,Burdwan,0.16337724687849428
2018-07-31,Hooghly,Howrah,0.19017176574417452
2018-07-31,Hooghly,Nadia,0.1611455739618548
2018-07-31,Hooghly,North 24 Parganas,0.16709230955276136
2018-07-31,Hooghly,Purba Medinipur,0.12765761022733502
2018-07-31,Hooghly,South 24 Parganas,0.19055548960017085
2018-07-31,Howrah,Hooghly,0.21847098820601726
2018-07-31,Howrah,North 24 Parganas,0.19377150404387067
2018-07-31,Howrah,Paschim Medinipur,0.15698361278972994
2018-07-31,Howrah,Purba Medinipur,0.17621479222644662
2018-07-31,Howrah,South 24 Parganas,0.2545590980982518
2018-07-31,Jalpaiguri,Dakshin Dinajpur,0.22541539988239104
2018-07-31,Jalpaiguri,"Darjeeling, Jalpaiguri",0.3460448335733828
2018-07-31,Jalpaiguri,Malda,0.17083192824864296
2018-07-31,Jalpaiguri,Uttar Dinajpur,0.25770783062988534
2018-07-31,Malda,Birbhum,0.14178875219117937
2018-07-31,Malda,Dakshin Dinajpur,0.20827263180512767
2018-07-31,Malda,"Darjeeling, Jalpaiguri",0.08700281381266235
2018-07-31,Malda,Jalpaiguri,0.10936787516883469
2018-07-31,Malda,Murshidabad,0.2884474947681098
2018-07-31,Malda,Uttar Dinajpur,0.16512042734644905
2018-07-31,Murshidabad,Bardhaman,0.19933281923480856
2018-07-31,Murshidabad,Birbhum,0.2262480811602845
2018-07-31,Murshidabad,Dakshin Dinajpur,0.15823656131421798
2018-07-31,Murshidabad,Malda,0.20151257977939158
2018-07-31,Murshidabad,Nadia,0.21466995266813518
2018-07-31,Nadia,Bardhaman,0.18157551137700603
2018-07-31,Nadia,Burdwan,0.17964264425541826
2018-07-31,Nadia,Hooghly,0.1877886642323464
2018-07-31,Nadia,Murshidabad,0.29442893138464904
2018-07-31,Nadia,North 24 Parganas,0.1565642440482076
2018-07-31,North 24 Parganas,Hooghly,0.2578079147294574
2018-07-31,North 24 Parganas,Howrah,0.2602447399130593
2018-07-31,North 24 Parganas,Nadia,0.20729144478441722
2018-07-31,North 24 Parganas,South 24 Parganas,0.27465589434711307
2018-07-31,Paschim Medinipur,Bankura,0.20969249791251784
2018-07-31,Paschim Medinipur,Howrah,0.2002849319308726
2018-07-31,Paschim Medinipur,Purba Medinipur,0.25288409347401003
2018-07-31,Paschim Medinipur,Purulia,0.14721054617245763
2018-07-31,Paschim Medinipur,South 24 Parganas,0.1899279245957821
2018-07-31,Purba Medinipur,Hooghly,0.21236195151042145
2018-07-31,Purba Medinipur,Howrah,0.2551670692537505
2018-07-31,Purba Medinipur,Paschim Medinipur,0.28701845260123243
2018-07-31,Purba Medinipur,South 24 Parganas,0.24545251992191408
2018-07-31,Purulia,Bankura,0.3183122597754093
2018-07-31,Purulia,Bardhaman,0.2248257094713553
2018-07-31,Purulia,Birbhum,0.23315031982693912
2018-07-31,Purulia,Paschim Medinipur,0.2237117019384109
2018-07-31,South 24 Parganas,Hooghly,0.21971499707324385
2018-07-31,South 24 Parganas,Howrah,0.255493070894813
2018-07-31,South 24 Parganas,North 24 Parganas,0.20525199000829616
2018-07-31,South 24 Parganas,Paschim Medinipur,0.1494119616785286
2018-07-31,South 24 Parganas,Purba Medinipur,0.1701279756924266
2018-07-31,Uttar Dinajpur,Dakshin Dinajpur,0.2839256384679874
2018-07-31,Uttar Dinajpur,"Darjeeling, Jalpaiguri",0.212022328279448
2018-07-31,Uttar Dinajpur,Jalpaiguri,0.2519237454218101
2018-07-31,Uttar Dinajpur,Malda,0.2521282803371082
2018-08-03,Bankura,Bardhaman,0.18774646576699305
2018-08-03,Bankura,Birbhum,0.15741038081556574
2018-08-03,Bankura,Burdwan,0.19130169249948487
2018-08-03,Bankura,Paschim Medinipur,0.17152974823379336
2018-08-03,Bankura,Purulia,0.2920117078461803
2018-08-03,Bardhaman,Bankura,0.1579406532075565
2018-08-03,Bardhaman,Birbhum,0.15927206079772582
2018-08-03,Bardhaman,Burdwan,0.21328574435365788
2018-08-03,Bardhaman,Murshidabad,0.13884087107724785
2018-08-03,Bardhaman,Nadia,0.15715445361352906
2018-08-03,Bardhaman,Purulia,0.17350621288035745
2018-08-03,Birbhum,Bankura,0.14859612656325047
2018-08-03,Birbhum,Bardhaman,0.1787275735046098
2018-08-03,Birbhum,Burdwan,0.16197924370270064
2018-08-03,Birbhum,Malda,0.1319495067795951
2018-08-03,Birbhum,Murshidabad,0.17683791469151253
2018-08-03,Birbhum,Purulia,0.2019096301912535
2018-08-03,Burdwan,Bankura,0.19185264976856647
2018-08-03,Burdwan,Bardhaman,0.2542662154374979
2018-08-03,Burdwan,Birbhum,0.17208152139158028
2018-08-03,Burdwan,Hooghly,0.19644401939778422
2018-08-03,Burdwan,Nadia,0.18535558915265493
2018-08-03,Dakshin Dinajpur,"Darjeeling, Jalpaiguri",0.1443031326657911
2018-08-03,Dakshin Dinajpur,Jalpaiguri,0.18391716855299528
2018-08-03,Dakshin Dinajpur,Malda,0.2654300951929456
2018-08-03,Dakshin Dinajpur,Murshidabad,0.16937499061937317
2018-08-03,Dakshin Dinajpur,Uttar Dinajpur,0.23697460671442686
2018-08-03,"Darjeeling, Jalpaiguri",Dakshin Dinajpur,0.20196852756760714
2018-08-03,"Darjeeling, Jalpaiguri",Jalpaiguri,0.3951654797625374
2018-08-03,"Darjeeling, Jalpaiguri",Malda,0.1551883789121938
2018-08-03,"Darjeeling, Jalpaiguri",Uttar Dinajpur,0.24767760500382707
2018-08-03,Hooghly,Burdwan,0.16337724687849428
2018-08-03,Hooghly,Howrah,0.19017176574417455
2018-08-03,Hooghly,Nadia,0.1611455739618548
2018-08-03,Hooghly,North 24 Parganas,0.16709230955276136
2018-08-03,Hooghly,Purba Medinipur,0.127657610227335
2018-08-03,Hooghly,South 24 Parganas,0.19055548960017088
2018-08-03,Howrah,Hooghly,0.21847098820601732
2018-08-03,Howrah,North 24 Parganas,0.19377150404387067
2018-08-03,Howrah,Paschim Medinipur,0.15698361278972997
2018-08-03,Howrah,Purba Medinipur,0.17621479222644665
2018-08-03,Howrah,South 24 Parganas,0.25455909809825183
2018-08-03,Jalpaiguri,Dakshin Dinajpur,0.22541539988239107
2018-08-03,Jalpaiguri,"Darjeeling, Jalpaiguri",0.3460448335733827
2018-08-03,Jalpaiguri,Malda,0.17083192824864296
2018-08-03,Jalpaiguri,Uttar Dinajpur,0.25770783062988534
2018-08-03,Malda,Birbhum,0.16097692543753453
2018-08-03,Malda,Dakshin Dinajpur,0.23645802225247903
2018-08-03,Malda,"Darjeeling, Jalpaiguri",0.09877684411167223
2018-08-03,Malda,Jalpaiguri,0.12416855367043939
2018-08-03,Malda,Murshidabad,0.19215358898735982
2018-08-03,Malda,Uttar Dinajpur,0.187466059968731
2018-08-03,Murshidabad,Bardhaman,0.19933281923480856
2018-08-03,Murshidabad,Birbhum,0.2262480811602845
2018-08-03,Murshidabad,Dakshin Dinajpur,0.158236561314218
2018-08-03,Murshidabad,Malda,0.2015125797793916
2018-08-03,Murshidabad,Nadia,0.21466995266813516
2018-08-03,Nadia,Bardhaman,0.2067281355548724
2018-08-03,Nadia,Burdwan,0.20452751933030067
2018-08-03,Nadia,Hooghly,0.21380196118235512
2018-08-03,Nadia,Murshidabad,0.19669017914283704
2018-08-03,Nadia,North 24 Parganas,0.17825219943586904
2018-08-03,North 24 Parganas,Hooghly,0.2578079147294574
2018-08-03,North 24 Parganas,Howrah,0.26024473991305924
2018-08-03,North 24 Parganas,Nadia,0.2072914447844172
2018-08-03,North 24 Parganas,South 24 Parganas,0.27465589434711307
2018-08-03,Paschim Medinipur,Bankura,0.18999444996765366
2018-08-03,Paschim Medinipur,Howrah,0.18147060985887312
2018-08-03,Paschim Medinipur,Purba Medinipur,0.22912872288453506
2018-08-03,Paschim Medinipur,Purulia,0.22731969511958688
2018-08-03,Paschim Medinipur,South 24 Parganas,0.17208651681057333
2018-08-03,Purba Medinipur,Hooghly,0.21236195151042137
2018-08-03,Purba Medinipur,Howrah,0.25516706925375043
2018-08-03,Purba Medinipur,Paschim Medinipur,0.2870184526012324
2018-08-03,Purba Medinipur,South 24 Parganas,0.24545251992191405
2018-08-03,Purulia,Bankura,0.3183122597754093
2018-08-03,Purulia,Bardhaman,0.22482570947135527
2018-08-03,Purulia,Birbhum,0.23315031982693918
2018-08-03,Purulia,Paschim Medinipur,0.2237117019384109
2018-08-03,South 24 Parganas,Hooghly,0.2197149970732438
2018-08-03,South 24 Parganas,Howrah,0.25549307089481293
2018-08-03,South 24 Parganas,North 24 Parganas,0.2052519900082961
2018-08-03,South 24 Parganas,Paschim Medinipur,0.14941196167852858
2018-08-03,South 24 Parganas,Purba Medinipur,0.17012797569242658
2018-08-03,Uttar Dinajpur,Dakshin Dinajpur,0.2839256384679874
2018-08-03,Uttar Dinajpur,"Darjeeling, Jalpaiguri",0.21202232827944797
2018-08-03,Uttar Dinajpur,Jalpaiguri,0.25192374542181006
2018-08-03,Uttar Dinajpur,Malda,0.2521282803371082
2018-08-04,Bankura,Bardhaman,0.18774646761101904
2018-08-04,Bankura,Birbhum,0.1574103823616339
2018-08-04,Bankura,Burdwan,0.19130169437842992
2018-08-04,Bankura,Paschim Medinipur,0.17152974991854042
2018-08-04,Bankura,Purulia,0.29201170089239414
2018-08-04,Bardhaman,Bankura,0.15794065412928698
2018-08-04,Bardhaman,Birbhum,0.15927206172722633
2018-08-04,Bardhaman,Burdwan,0.21328574559837846
2018-08-04,Bardhaman,Murshidabad,0.13884087188751337
2018-08-04,Bardhaman,Nadia,0.15715445453067137
2018-08-04,Bardhaman,Purulia,0.17350620805699818
2018-08-04,Birbhum,Bankura,0.14859612757240928
2018-08-04,Birbhum,Bardhaman,0.17872757471839987
2018-08-04,Birbhum,Burdwan,0.16197924480274803
2018-08-04,Birbhum,Malda,0.13194950767570196
2018-08-04,Birbhum,Murshidabad,0.17683791589246942
2018-08-04,Birbhum,Purulia,0.2019096247711935
2018-08-04,Burdwan,Bankura,0.1918526497685665
2018-08-04,Burdwan,Bardhaman,0.2542662154374979
2018-08-04,Burdwan,Birbhum,0.17208152139158028
2018-08-04,Burdwan,Hooghly,0.19644401939778428
2018-08-04,Burdwan,Nadia,0.18535558915265496
2018-08-04,Dakshin Dinajpur,"Darjeeling, Jalpaiguri",0.1443031326657911
2018-08-04,Dakshin Dinajpur,Jalpaiguri,0.1839171685529953
2018-08-04,Dakshin Dinajpur,Malda,0.2654300951929456
2018-08-04,Dakshin Dinajpur,Murshidabad,0.16937499061937317
2018-08-04,Dakshin Dinajpur,Uttar Dinajpur,0.23697460671442686
2018-08-04,"Darjeeling, Jalpaiguri",Dakshin Dinajpur,0.2019685275676072
2018-08-04,"Darjeeling, Jalpaiguri",Jalpaiguri,0.3951654797625375
2018-08-04,"Darjeeling, Jalpaiguri",Malda,0.15518837891219386
2018-08-04,"Darjeeling, Jalpaiguri",Uttar Dinajpur,0.24767760500382713
2018-08-04,Hooghly,Burdwan,0.16337724687849428
2018-08-04,Hooghly,Howrah,0.19017176574417452
2018-08-04,Hooghly,Nadia,0.1611455739618548
2018-08-04,Hooghly,North 24 Parganas,0.16709230955276136
2018-08-04,Hooghly,Purba Medinipur,0.12765761022733502
2018-08-04,Hooghly,South 24 Parganas,0.1905554896001709
2018-08-04,Howrah,Hooghly,0.21847098820601732
2018-08-04,Howrah,North 24 Parganas,0.1937715040438707
2018-08-04,Howrah,Paschim Medinipur,0.15698361278972997
2018-08-04,Howrah,Purba Medinipur,0.17621479222644665
2018-08-04,Howrah,South 24 Parganas,0.25455909809825183
2018-08-04,Jalpaiguri,Dakshin Dinajpur,0.22541539988239112
2018-08-04,Jalpaiguri,"Darjeeling, Jalpaiguri",0.34604483357338284
2018-08-04,Jalpaiguri,Malda,0.17083192824864302
2018-08-04,Jalpaiguri,Uttar Dinajpur,0.2577078306298854
2018-08-04,Malda,Birbhum,0.16097692543753456
2018-08-04,Malda,Dakshin Dinajpur,0.23645802225247906
2018-08-04,Malda,"Darjeeling, Jalpaiguri",0.09877684411167223
2018-08-04,Malda,Jalpaiguri,0.12416855367043941
2018-08-04,Malda,Murshidabad,0.19215358898735982
2018-08-04,Malda,Uttar Dinajpur,0.187466059968731
2018-08-04,Murshidabad,Bardhaman,0.1993328192348086
2018-08-04,Murshidabad,Birbhum,0.22624808116028455
2018-08-04,Murshidabad,Dakshin Dinajpur,0.15823656131421804
2018-08-04,Murshidabad,Malda,0.2015125797793916
2018-08-04,Murshidabad,Nadia,0.2146699526681352
2018-08-04,Nadia,Bardhaman,0.20672813555487243
2018-08-04,Nadia,Burdwan,0.2045275193303007
2018-08-04,Nadia,Hooghly,0.21380196118235512
2018-08-04,Nadia,Murshidabad,0.19669017914283707
2018-08-04,Nadia,North 24 Parganas,0.17825219943586906
2018-08-04,North 24 Parganas,Hooghly,0.2578079147294574
2018-08-04,North 24 Parganas,Howrah,0.2602447399130593
2018-08-04,North 24 Parganas,Nadia,0.20729144478441722
2018-08-04,North 24 Parganas,South 24 Parganas,0.2746558943471131
2018-08-04,Paschim Medinipur,Bankura,0.18999445142034374
2018-08-04,Paschim Medinipur,Howrah,0.18147061124639025
2018-08-04,Paschim Medinipur,Purba Medinipur,0.22912872463644426
2018-08-04,Paschim Medinipur,Purulia,0.22731968921170373
2018-08-04,Paschim Medinipur,South 24 Parganas,0.1720865181263401
2018-08-04,Purba Medinipur,Hooghly,0.21236195151042142
2018-08-04,Purba Medinipur,Howrah,0.2551670692537505
2018-08-04,Purba Medinipur,Paschim Medinipur,0.28701845260123243
2018-08-04,Purba Medinipur,South 24 Parganas,0.24545251992191408
2018-08-04,Purulia,Bankura,0.31831225977540933
2018-08-04,Purulia,Bardhaman,0.22482570947135533
2018-08-04,Purulia,Birbhum,0.23315031982693918
2018-08-04,Purulia,Paschim Medinipur,0.22371170193841092
2018-08-04,South 24 Parganas,Hooghly,0.21971499707324385
2018-08-04,South 24 Parganas,Howrah,0.255493070894813
2018-08-04,South 24 Parganas,North 24 Parganas,0.2052519900082962
2018-08-04,South 24 Parganas,Paschim Medinipur,0.1494119616785286
2018-08-04,South 24 Parganas,Purba Medinipur,0.1701279756924266
2018-08-04,Uttar Dinajpur,Dakshin Dinajpur,0.28392563846798746
2018-08-04,Uttar Dinajpur,"Darjeeling, Jalpaiguri",0.212022328279448
2018-08-04,Uttar Dinajpur,Jalpaiguri,0.2519237454218101
2018-08-04,Uttar Dinajpur,Malda,0.25212828033710827
2018-08-06,Bankura,Bardhaman,0.21351109818178826
2018-08-06,Bankura,Birbhum,0.1790119624134814
2018-08-06,Bankura,Burdwan,0.21755421218043816
2018-08-06,Bankura,Paschim Medinipur,0.19506894452913584
2018-08-06,Bankura,Purulia,0.19485377719325248
2018-08-06,Bardhaman,Bankura,0.15392587469967545
2018-08-06,Bardhaman,Birbhum,0.15522343852340664
2018-08-06,Bardhaman,Burdwan,0.2078641191730707
2018-08-06,Bardhaman,Murshidabad,0.2306084140824012
2018-08-06,Bardhaman,Nadia,0.15315965993646202
2018-08-06,Bardhaman,Purulia,0.0992184896185142
2018-08-06,Birbhum,Bankura,0.14272916884405565
2018-08-06,Birbhum,Bardhaman,0.17167094867018318
2018-08-06,Birbhum,Burdwan,0.15558388605664256
2018-08-06,Birbhum,Malda,0.12673980047533975
2018-08-06,Birbhum,Murshidabad,0.2894814583697169
2018-08-06,Birbhum,Purulia,0.11379473319730396
2018-08-06,Burdwan,Bankura,0.1918526497685665
2018-08-06,Burdwan,Bardhaman,0.2542662154374979
2018-08-06,Burdwan,Birbhum,0.1720815213915803
2018-08-06,Burdwan,Hooghly,0.19644401939778428
2018-08-06,Burdwan,Nadia,0.18535558915265496
2018-08-06,Dakshin Dinajpur,"Darjeeling, Jalpaiguri",0.12892417201398096
2018-08-06,Dakshin Dinajpur,Jalpaiguri,0.16431638202731672
2018-08-06,Dakshin Dinajpur,Malda,0.2371421508193982
2018-08-06,Dakshin Dinajpur,Murshidabad,0.2578980122592376
2018-08-06,Dakshin Dinajpur,Uttar Dinajpur,0.21171927729216197
2018-08-06,"Darjeeling, Jalpaiguri",Dakshin Dinajpur,0.20196852756760714
2018-08-06,"Darjeeling, Jalpaiguri",Jalpaiguri,0.3951654797625374
2018-08-06,"Darjeeling, Jalpaiguri",Malda,0.1551883789121938
2018-08-06,"Darjeeling, Jalpaiguri",Uttar Dinajpur,0.24767760500382707
2018-08-06,Hooghly,Burdwan,0.16337724687849428
2018-08-06,Hooghly,Howrah,0.19017176574417452
2018-08-06,Hooghly,Nadia,0.1611455739618548
2018-08-06,Hooghly,North 24 Parganas,0.16709230955276136
2018-08-06,Hooghly,Purba Medinipur,0.12765761022733502
2018-08-06,Hooghly,South 24 Parganas,0.1905554896001709
2018-08-06,Howrah,Hooghly,0.2184709882060173
2018-08-06,Howrah,North 24 Parganas,0.1937715040438707
2018-08-06,Howrah,Paschim Medinipur,0.15698361278972994
2018-08-06,Howrah,Purba Medinipur,0.17621479222644665
2018-08-06,Howrah,South 24 Parganas,0.25455909809825183
2018-08-06,Jalpaiguri,Dakshin Dinajpur,0.22541539988239107
2018-08-06,Jalpaiguri,"Darjeeling, Jalpaiguri",0.3460448335733828
2018-08-06,Jalpaiguri,Malda,0.170831928248643
2018-08-06,Jalpaiguri,Uttar Dinajpur,0.25770783062988534
2018-08-06,Malda,Birbhum,0.1417887521631449
2018-08-06,Malda,Dakshin Dinajpur,0.208272631763948
2018-08-06,Malda,"Darjeeling, Jalpaiguri",0.08700281379546015
2018-08-06,Malda,Jalpaiguri,0.10936787514721047
2018-08-06,Malda,Murshidabad,0.28844749490879806
2018-08-06,Malda,Uttar Dinajpur,0.16512042731380144
2018-08-06,Murshidabad,Bardhaman,0.19933281923480856
2018-08-06,Murshidabad,Birbhum,0.22624808116028453
2018-08-06,Murshidabad,Dakshin Dinajpur,0.158236561314218
2018-08-06,Murshidabad,Malda,0.2015125797793916
2018-08-06,Murshidabad,Nadia,0.21466995266813518
2018-08-06,Nadia,Bardhaman,0.18157551134036043
2018-08-06,Nadia,Burdwan,0.17964264421916273
2018-08-06,Nadia,Hooghly,0.1877886641944468
2018-08-06,Nadia,Murshidabad,0.2944289315270475
2018-08-06,Nadia,North 24 Parganas,0.15656424401660976
2018-08-06,North 24 Parganas,Hooghly,0.2578079147294574
2018-08-06,North 24 Parganas,Howrah,0.2602447399130593
2018-08-06,North 24 Parganas,Nadia,0.20729144478441722
2018-08-06,North 24 Parganas,South 24 Parganas,0.2746558943471131
2018-08-06,Paschim Medinipur,Bankura,0.20969249791251784
2018-08-06,Paschim Medinipur,Howrah,0.20028493193087255
2018-08-06,Paschim Medinipur,Purba Medinipur,0.25288409347401003
2018-08-06,Paschim Medinipur,Purulia,0.14721054617245763
2018-08-06,Paschim Medinipur,South 24 Parganas,0.1899279245957821
2018-08-06,Purba Medinipur,Hooghly,0.2123619515104214
2018-08-06,Purba Medinipur,Howrah,0.25516706925375043
2018-08-06,Purba Medinipur,Paschim Medinipur,0.28701845260123243
2018-08-06,Purba Medinipur,South 24 Parganas,0.24545251992191405
2018-08-06,Purulia,Bankura,0.3183122597754093
2018-08-06,Purulia,Bardhaman,0.2248257094713553
2018-08-06,Purulia,Birbhum,0.23315031982693915
2018-08-06,Purulia,Paschim Medinipur,0.22371170193841092
2018-08-06,South 24 Parganas,Hooghly,0.21971499707324385
2018-08-06,South 24 Parganas,Howrah,0.255493070894813
2018-08-06,South 24 Parganas,North 24 Parganas,0.20525199000829616
2018-08-06,South 24 Parganas,Paschim Medinipur,0.1494119616785286
2018-08-06,South 24 Parganas,Purba Medinipur,0.1701279756924266
2018-08-06,Uttar Dinajpur,Dakshin Dinajpur,0.2839256384679874
2018-08-06,Uttar Dinajpur,"Darjeeling, Jalpaiguri",0.21202232827944797
2018-08-06,Uttar Dinajpur,Jalpaiguri,0.2519237454218101
2018-08-06,Uttar Dinajpur,Malda,0.2521282803371082
2018-08-14,Bankura,Bardhaman,0.2135110981817883
2018-08-14,Bankura,Birbhum,0.1790119624134814
2018-08-14,Bankura,Burdwan,0.2175542121804382
2018-08-14,Bankura,Paschim Medinipur,0.19506894452913587
2018-08-14,Bankura,Purulia,0.19485377719325253
2018-08-14,Bardhaman,Bankura,0.15392587469283203
2018-08-14,Bardhaman,Birbhum,0.15522343851650555
2018-08-14,Bardhaman,Burdwan,0.20786411916382924
2018-08-14,Bardhaman,Murshidabad,0.2306084141166075
2018-08-14,Bardhaman,Nadia,0.15315965992965266
2018-08-14,Bardhaman,Purulia,0.09921848961410303
2018-08-14,Birbhum,Bankura,0.14272916883609008
2018-08-14,Birbhum,Bardhaman,0.17167094866060242
2018-08-14,Birbhum,Burdwan,0.1555838860479596
2018-08-14,Birbhum,Malda,0.12673980046826652
2018-08-14,Birbhum,Murshidabad,0.28948145840937034
2018-08-14,Birbhum,Purulia,0.1137947331909532
2018-08-14,Burdwan,Bankura,0.19185264976856647
2018-08-14,Burdwan,Bardhaman,0.2542662154374979
2018-08-14,Burdwan,Birbhum,0.1720815213915803
2018-08-14,Burdwan,Hooghly,0.19644401939778428
2018-08-14,Burdwan,Nadia,0.18535558915265493
2018-08-14,Dakshin Dinajpur,"Darjeeling, Jalpaiguri",0.12892417200757084
2018-08-14,Dakshin Dinajpur,Jalpaiguri,0.1643163820191469
2018-08-14,Dakshin Dinajpur,Malda,0.23714215080760748
2018-08-14,Dakshin Dinajpur,Murshidabad,0.257898012296135
2018-08-14,Dakshin Dinajpur,Uttar Dinajpur,0.21171927728163525
2018-08-14,"Darjeeling, Jalpaiguri",Dakshin Dinajpur,0.20196852756760716
2018-08-14,"Darjeeling, Jalpaiguri",Jalpaiguri,0.39516547976253746
2018-08-14,"Darjeeling, Jalpaiguri",Malda,0.15518837891219384
2018-08-14,"Darjeeling, Jalpaiguri",Uttar Dinajpur,0.24767760500382716
2018-08-14,Hooghly,Burdwan,0.1633772468784943
2018-08-14,Hooghly,Howrah,0.19017176574417455
2018-08-14,Hooghly,Nadia,0.16114557396185483
2018-08-14,Hooghly,North 24 Parganas,0.1670923095527614
2018-08-14,Hooghly,Purba Medinipur,0.12765761022733504
2018-08-14,Hooghly,South 24 Parganas,0.1905554896001709
2018-08-14,Howrah,Hooghly,0.2184709882060173
2018-08-14,Howrah,North 24 Parganas,0.19377150404387067
2018-08-14,Howrah,Paschim Medinipur,0.15698361278972994
2018-08-14,Howrah,Purba Medinipur,0.17621479222644662
2018-08-14,Howrah,South 24 Parganas,0.25455909809825183
2018-08-14,Jalpaiguri,Dakshin Dinajpur,0.22541539988239107
2018-08-14,Jalpaiguri,"Darjeeling, Jalpaiguri",0.3460448335733828
2018-08-14,Jalpaiguri,Malda,0.17083192824864296
2018-08-14,Jalpaiguri,Uttar Dinajpur,0.25770783062988534
2018-08-14,Malda,Birbhum,0.14178875215526004
2018-08-14,Malda,Dakshin Dinajpur,0.20827263175236602
2018-08-14,Malda,"Darjeeling, Jalpaiguri",0.08700281379062194
2018-08-14,Malda,Jalpaiguri,0.10936787514112854
2018-08-14,Malda,Murshidabad,0.28844749494836736
2018-08-14,Malda,Uttar Dinajpur,0.16512042730461915
2018-08-14,Murshidabad,Bardhaman,0.19933281923480856
2018-08-14,Murshidabad,Birbhum,0.2262480811602845
2018-08-14,Murshidabad,Dakshin Dinajpur,0.15823656131421798
2018-08-14,Murshidabad,Malda,0.20151257977939158
2018-08-14,Murshidabad,Nadia,0.21466995266813518
2018-08-14,Nadia,Bardhaman,0.18157551133005367
2018-08-14,Nadia,Burdwan,0.1796426442089657
2018-08-14,Nadia,Hooghly,0.1877886641837874
2018-08-14,Nadia,Murshidabad,0.2944289315670978
2018-08-14,Nadia,North 24 Parganas,0.15656424400772273
2018-08-14,North 24 Parganas,Hooghly,0.2578079147294574
2018-08-14,North 24 Parganas,Howrah,0.26024473991305924
2018-08-14,North 24 Parganas,Nadia,0.2072914447844172
2018-08-14,North 24 Parganas,South 24 Parganas,0.27465589434711307
2018-08-14,Paschim Medinipur,Bankura,0.20969249791251784
2018-08-14,Paschim Medinipur,Howrah,0.20028493193087257
2018-08-14,Paschim Medinipur,Purba Medinipur,0.25288409347401003
2018-08-14,Paschim Medinipur,Purulia,0.14721054617245766
2018-08-14,Paschim Medinipur,South 24 Parganas,0.1899279245957821
2018-08-14,Purba Medinipur,Hooghly,0.2123619515104214
2018-08-14,Purba Medinipur,Howrah,0.25516706925375043
2018-08-14,Purba Medinipur,Paschim Medinipur,0.28701845260123243
2018-08-14,Purba Medinipur,South 24 Parganas,0.24545251992191403
2018-08-14,Purulia,Bankura,0.31831225977540933
2018-08-14,Purulia,Bardhaman,0.22482570947135527
2018-08-14,Purulia,Birbhum,0.23315031982693915
2018-08-14,Purulia,Paschim Medinipur,0.2237117019384109
2018-08-14,South 24 Parganas,Hooghly,0.21971499707324388
2018-08-14,South 24 Parganas,Howrah,0.255493070894813
2018-08-14,South 24 Parganas,North 24 Parganas,0.20525199000829616
2018-08-14,South 24 Parganas,Paschim Medinipur,0.1494119616785286
2018-08-14,South 24 Parganas,Purba Medinipur,0.1701279756924266
2018-08-14,Uttar Dinajpur,Dakshin Dinajpur,0.2839256384679874
2018-08-14,Uttar Dinajpur,"Darjeeling, Jalpaiguri",0.212022328279448
2018-08-14,Uttar Dinajpur,Jalpaiguri,0.2519237454218101
2018-08-14,Uttar Dinajpur,Malda,0.2521282803371082
2018-08-21,Bankura,Bardhaman,0.18658716255003147
2018-08-21,Bankura,Birbhum,0.156438397880403
2018-08-21,Bankura,Burdwan,0.1901204363484365
2018-08-21,Bankura,Paschim Medinipur,0.2965714522903923
2018-08-21,Bankura,Purulia,0.17028254600465617
2018-08-21,Bardhaman,Bankura,0.15900011178151016
2018-08-21,Bardhaman,Birbhum,0.1603404503920228
2018-08-21,Bardhaman,Burdwan,0.21471645523124694
2018-08-21,Bardhaman,Murshidabad,0.2052450673493973
2018-08-21,Bardhaman,Nadia,0.15820863839708227
2018-08-21,Bardhaman,Purulia,0.10248927265098484
2018-08-21,Birbhum,Bankura,0.14868562444830466
2018-08-21,Birbhum,Bardhaman,0.17883521924342866
2018-08-21,Birbhum,Burdwan,0.16207680209853068
2018-08-21,Birbhum,Malda,0.13202897858053528
2018-08-21,Birbhum,Murshidabad,0.2598296906231811
2018-08-21,Birbhum,Purulia,0.11854368032406594
2018-08-21,Burdwan,Bankura,0.1918526497457271
2018-08-21,Burdwan,Bardhaman,0.2542662154072284
2018-08-21,Burdwan,Birbhum,0.1720815213710946
2018-08-21,Burdwan,Hooghly,0.1964440193743983
2018-08-21,Burdwan,Nadia,0.185355589130589
2018-08-21,Dakshin Dinajpur,"Darjeeling, Jalpaiguri",0.13369576989433316
2018-08-21,Dakshin Dinajpur,Jalpaiguri,0.17039787697074485
2018-08-21,Dakshin Dinajpur,Malda,0.24591899201617
2018-08-21,Dakshin Dinajpur,Murshidabad,0.23043215977615716
2018-08-21,Dakshin Dinajpur,Uttar Dinajpur,0.2195551954056979
2018-08-21,"Darjeeling, Jalpaiguri",Dakshin Dinajpur,0.20196852752422756
2018-08-21,"Darjeeling, Jalpaiguri",Jalpaiguri,0.39516547967766225
2018-08-21,"Darjeeling, Jalpaiguri",Malda,0.15518837887886186
2018-08-21,"Darjeeling, Jalpaiguri",Uttar Dinajpur,0.24767760495062993
2018-08-21,Hooghly,Burdwan,0.16337724686231866
2018-08-21,Hooghly,Howrah,0.19017176572534605
2018-08-21,Hooghly,Nadia,0.16114557394590012
2018-08-21,Hooghly,North 24 Parganas,0.16709230953621793
2018-08-21,Hooghly,Purba Medinipur,0.1276576102146959
2018-08-21,Hooghly,South 24 Parganas,0.1905554895813044
2018-08-21,Howrah,Hooghly,0.19574073922639681
2018-08-21,Howrah,North 24 Parganas,0.17361104901851365
2018-08-21,Howrah,Paschim Medinipur,0.24469307256869235
2018-08-21,Howrah,Purba Medinipur,0.15788097987868474
2018-08-21,Howrah,South 24 Parganas,0.22807415505242945
2018-08-21,Jalpaiguri,Dakshin Dinajpur,0.2254153998399937
2018-08-21,Jalpaiguri,"Darjeeling, Jalpaiguri",0.3460448335082968
2018-08-21,Jalpaiguri,Malda,0.17083192821651197
2018-08-21,Jalpaiguri,Uttar Dinajpur,0.2577078305814142
2018-08-21,Malda,Birbhum,0.1476839480635968
2018-08-21,Malda,Dakshin Dinajpur,0.2169320490041704
2018-08-21,Malda,"Darjeeling, Jalpaiguri",0.09062015736742858
2018-08-21,Malda,Jalpaiguri,0.11391509796547122
2018-08-21,Malda,Murshidabad,0.258863050693318
2018-08-21,Malda,Uttar Dinajpur,0.17198569166891162
2018-08-21,Murshidabad,Bardhaman,0.19933281920623067
2018-08-21,Murshidabad,Birbhum,0.22624808112784783
2018-08-21,Murshidabad,Dakshin Dinajpur,0.15823656129153196
2018-08-21,Murshidabad,Malda,0.2015125797505012
2018-08-21,Murshidabad,Nadia,0.2146699526373584
2018-08-21,Nadia,Bardhaman,0.18928813335187167
2018-08-21,Nadia,Burdwan,0.18727316554763454
2018-08-21,Nadia,Hooghly,0.19576519679119928
2018-08-21,Nadia,Murshidabad,0.2644590146860648
2018-08-21,Nadia,North 24 Parganas,0.16321448460084054
2018-08-21,North 24 Parganas,Hooghly,0.25780791469007475
2018-08-21,North 24 Parganas,Howrah,0.2602447398733043
2018-08-21,North 24 Parganas,Nadia,0.20729144475275138
2018-08-21,North 24 Parganas,South 24 Parganas,0.2746558943051567
2018-08-21,Paschim Medinipur,Bankura,0.2096924978820884
2018-08-21,Paschim Medinipur,Howrah,0.2002849319018083
2018-08-21,Paschim Medinipur,Purba Medinipur,0.2528840934373129
2018-08-21,Paschim Medinipur,Purulia,0.14721054615109525
2018-08-21,Paschim Medinipur,South 24 Parganas,0.1899279245682208
2018-08-21,Purba Medinipur,Hooghly,0.1751707607288499
2018-08-21,Purba Medinipur,Howrah,0.21047936937958073
2018-08-21,Purba Medinipur,Paschim Medinipur,0.4118837240662827
2018-08-21,Purba Medinipur,South 24 Parganas,0.2024661401523469
2018-08-21,Purulia,Bankura,0.2731158215822985
2018-08-21,Purulia,Bardhaman,0.1929032152214829
2018-08-21,Purulia,Birbhum,0.20004583297117928
2018-08-21,Purulia,Paschim Medinipur,0.33393512232410905
2018-08-21,South 24 Parganas,Hooghly,0.1978481571217787
2018-08-21,South 24 Parganas,Howrah,0.2300654662051668
2018-08-21,South 24 Parganas,North 24 Parganas,0.18482456140753045
2018-08-21,South 24 Parganas,Paschim Medinipur,0.23406559353698542
2018-08-21,South 24 Parganas,Purba Medinipur,0.15319621743610287
2018-08-21,Uttar Dinajpur,Dakshin Dinajpur,0.2839256384157837
2018-08-21,Uttar Dinajpur,"Darjeeling, Jalpaiguri",0.2120223282404647
2018-08-21,Uttar Dinajpur,Jalpaiguri,0.2519237453754904
2018-08-21,Uttar Dinajpur,Malda,0.25212828029075096
2018-08-23,Bankura,Bardhaman,0.18772145163792966
2018-08-23,Bankura,Birbhum,0.15738940847094365
2018-08-23,Bankura,Burdwan,0.19127620469492523
2018-08-23,Bankura,Paschim Medinipur,0.29229521327837915
2018-08-23,Bankura,Purulia,0.17131771708048413
2018-08-23,Bardhaman,Bankura,0.17013964033613224
2018-08-23,Bardhaman,Birbhum,0.17157388290719797
2018-08-23,Bardhaman,Burdwan,0.2297594640530423
2018-08-23,Bardhaman,Murshidabad,0.14956463322964192
2018-08-23,Bardhaman,Nadia,0.16929271642234764
2018-08-23,Bardhaman,Purulia,0.10966965866736031
2018-08-23,Birbhum,Bankura,0.16212325386292975
2018-08-23,Birbhum,Bardhaman,0.1949976519694785
2018-08-23,Birbhum,Burdwan,0.17672467415333593
2018-08-23,Birbhum,Malda,0.1439612450167808
2018-08-23,Birbhum,Murshidabad,0.1929359721494484
2018-08-23,Birbhum,Purulia,0.12925719786519463
2018-08-23,Burdwan,Bankura,0.19185264976856645
2018-08-23,Burdwan,Bardhaman,0.25426621543749783
2018-08-23,Burdwan,Birbhum,0.17208152139158026
2018-08-23,Burdwan,Hooghly,0.19644401939778422
2018-08-23,Burdwan,Nadia,0.1853555891526549
2018-08-23,Dakshin Dinajpur,"Darjeeling, Jalpaiguri",0.14430313266579106
2018-08-23,Dakshin Dinajpur,Jalpaiguri,0.18391716855299525
2018-08-23,Dakshin Dinajpur,Malda,0.2654300951929455
2018-08-23,Dakshin Dinajpur,Murshidabad,0.1693749906193731
2018-08-23,Dakshin Dinajpur,Uttar Dinajpur,0.23697460671442683
2018-08-23,"Darjeeling, Jalpaiguri",Dakshin Dinajpur,0.2019685275676071
2018-08-23,"Darjeeling, Jalpaiguri",Jalpaiguri,0.3951654797625374
2018-08-23,"Darjeeling, Jalpaiguri",Malda,0.1551883789121938
2018-08-23,"Darjeeling, Jalpaiguri",Uttar Dinajpur,0.24767760500382707
2018-08-23,Hooghly,Burdwan,0.16337724687849428
2018-08-23,Hooghly,Howrah,0.19017176574417452
2018-08-23,Hooghly,Nadia,0.1611455739618548
2018-08-23,Hooghly,North 24 Parganas,0.16709230955276133
2018-08-23,Hooghly,Purba Medinipur,0.127657610227335
2018-08-23,Hooghly,South 24 Parganas,0.19055548960017088
2018-08-23,Howrah,Hooghly,0.19672147939389947
2018-08-23,Howrah,North 24 Parganas,0.17448091049940748
2018-08-23,Howrah,Paschim Medinipur,0.24090867987964243
2018-08-23,Howrah,Purba Medinipur,0.15867202735946806
2018-08-23,Howrah,South 24 Parganas,0.22921689869339648
2018-08-23,Jalpaiguri,Dakshin Dinajpur,0.22541539988239107
2018-08-23,Jalpaiguri,"Darjeeling, Jalpaiguri",0.3460448335733828
2018-08-23,Jalpaiguri,Malda,0.17083192824864296
2018-08-23,Jalpaiguri,Uttar Dinajpur,0.25770783062988534
2018-08-23,Malda,Birbhum,0.16097692543753453
2018-08-23,Malda,Dakshin Dinajpur,0.236458022252479
2018-08-23,Malda,"Darjeeling, Jalpaiguri",0.09877684411167222
2018-08-23,Malda,Jalpaiguri,0.12416855367043939
2018-08-23,Malda,Murshidabad,0.19215358898735982
2018-08-23,Malda,Uttar Dinajpur,0.18746605996873097
2018-08-23,Murshidabad,Bardhaman,0.19933281923480856
2018-08-23,Murshidabad,Birbhum,0.2262480811602845
2018-08-23,Murshidabad,Dakshin Dinajpur,0.15823656131421798
2018-08-23,Murshidabad,Malda,0.20151257977939158
2018-08-23,Murshidabad,Nadia,0.21466995266813518
2018-08-23,Nadia,Bardhaman,0.20672813555487243
2018-08-23,Nadia,Burdwan,0.20452751933030067
2018-08-23,Nadia,Hooghly,0.21380196118235514
2018-08-23,Nadia,Murshidabad,0.19669017914283707
2018-08-23,Nadia,North 24 Parganas,0.17825219943586904
2018-08-23,North 24 Parganas,Hooghly,0.2578079147294574
2018-08-23,North 24 Parganas,Howrah,0.2602447399130593
2018-08-23,North 24 Parganas,Nadia,0.20729144478441722
2018-08-23,North 24 Parganas,South 24 Parganas,0.2746558943471131
2018-08-23,Paschim Medinipur,Bankura,0.20969249791251784
2018-08-23,Paschim Medinipur,Howrah,0.2002849319308726
2018-08-23,Paschim Medinipur,Purba Medinipur,0.25288409347401003
2018-08-23,Paschim Medinipur,Purulia,0.14721054617245763
2018-08-23,Paschim Medinipur,South 24 Parganas,0.1899279245957821
2018-08-23,Purba Medinipur,Hooghly,0.17665319908159755
2018-08-23,Purba Medinipur,Howrah,0.21226061807846267
2018-08-23,Purba Medinipur,Paschim Medinipur,0.40690660290923586
2018-08-23,Purba Medinipur,South 24 Parganas,0.20417957434676257
2018-08-23,Purulia,Bankura,0.27498673788030104
2018-08-23,Purulia,Bardhaman,0.19422465374966502
2018-08-23,Purulia,Birbhum,0.2014162003379797
2018-08-23,Purulia,Paschim Medinipur,0.32937240026751124
2018-08-23,South 24 Parganas,Hooghly,0.19879619601876894
2018-08-23,South 24 Parganas,Howrah,0.23116788239134559
2018-08-23,South 24 Parganas,North 24 Parganas,0.1857101944904085
2018-08-23,South 24 Parganas,Paschim Medinipur,0.2303954274864243
2018-08-23,South 24 Parganas,Purba Medinipur,0.15393029540333814
2018-08-23,Uttar Dinajpur,Dakshin Dinajpur,0.28392563846798746
2018-08-23,Uttar Dinajpur,"Darjeeling, Jalpaiguri",0.212022328279448
2018-08-23,Uttar Dinajpur,Jalpaiguri,0.2519237454218101
2018-08-23,Uttar Dinajpur,Malda,0.25212828033710827
2018-08-28,Bankura,Bardhaman,0.1877214516795346
2018-08-28,Bankura,Birbhum,0.1573894085058261
2018-08-28,Bankura,Burdwan,0.19127620473731805
2018-08-28,Bankura,Paschim Medinipur,0.29229521312152973
2018-08-28,Bankura,Purulia,0.1713177171184535
2018-08-28,Bardhaman,Bankura,0.17013964033613221
2018-08-28,Bardhaman,Birbhum,0.17157388290719797
2018-08-28,Bardhaman,Burdwan,0.22975946405304234
2018-08-28,Bardhaman,Murshidabad,0.14956463322964192
2018-08-28,Bardhaman,Nadia,0.16929271642234764
2018-08-28,Bardhaman,Purulia,0.1096696586673603
2018-08-28,Birbhum,Bankura,0.16212325386292975
2018-08-28,Birbhum,Bardhaman,0.1949976519694785
2018-08-28,Birbhum,Burdwan,0.17672467415333595
2018-08-28,Birbhum,Malda,0.14396124501678081
2018-08-28,Birbhum,Murshidabad,0.1929359721494484
2018-08-28,Birbhum,Purulia,0.1292571978651946
2018-08-28,Burdwan,Bankura,0.19185264976856645
2018-08-28,Burdwan,Bardhaman,0.2542662154374979
2018-08-28,Burdwan,Birbhum,0.17208152139158028
2018-08-28,Burdwan,Hooghly,0.19644401939778425
2018-08-28,Burdwan,Nadia,0.1853555891526549
2018-08-28,Dakshin Dinajpur,"Darjeeling, Jalpaiguri",0.14430313266579103
2018-08-28,Dakshin Dinajpur,Jalpaiguri,0.18391716855299525
2018-08-28,Dakshin Dinajpur,Malda,0.2654300951929455
2018-08-28,Dakshin Dinajpur,Murshidabad,0.16937499061937314
2018-08-28,Dakshin Dinajpur,Uttar Dinajpur,0.2369746067144268
2018-08-28,"Darjeeling, Jalpaiguri",Dakshin Dinajpur,0.20196852756760714
2018-08-28,"Darjeeling, Jalpaiguri",Jalpaiguri,0.3951654797625374
2018-08-28,"Darjeeling, Jalpaiguri",Malda,0.1551883789121938
2018-08-28,"Darjeeling, Jalpaiguri",Uttar Dinajpur,0.2476776050038271
2018-08-28,Hooghly,Burdwan,0.16337724687849428
2018-08-28,Hooghly,Howrah,0.19017176574417452
2018-08-28,Hooghly,Nadia,0.1611455739618548
2018-08-28,Hooghly,North 24 Parganas,0.16709230955276133
2018-08-28,Hooghly,Purba Medinipur,0.12765761022733502
2018-08-28,Hooghly,South 24 Parganas,0.19055548960017088
2018-08-28,Howrah,Hooghly,0.19672147942983412
2018-08-28,Howrah,North 24 Parganas,0.1744809105312795
2018-08-28,Howrah,Paschim Medinipur,0.24090867974098099
2018-08-28,Howrah,Purba Medinipur,0.1586720273884523
2018-08-28,Howrah,South 24 Parganas,0.229216898735267
2018-08-28,Jalpaiguri,Dakshin Dinajpur,0.22541539988239107
2018-08-28,Jalpaiguri,"Darjeeling, Jalpaiguri",0.3460448335733827
2018-08-28,Jalpaiguri,Malda,0.17083192824864296
2018-08-28,Jalpaiguri,Uttar Dinajpur,0.25770783062988534
2018-08-28,Malda,Birbhum,0.16097692543753456
2018-08-28,Malda,Dakshin Dinajpur,0.236458022252479
2018-08-28,Malda,"Darjeeling, Jalpaiguri",0.09877684411167222
2018-08-28,Malda,Jalpaiguri,0.12416855367043939
2018-08-28,Malda,Murshidabad,0.1921535889873598
2018-08-28,Malda,Uttar Dinajpur,0.18746605996873095
2018-08-28,Murshidabad,Bardhaman,0.19933281923480858
2018-08-28,Murshidabad,Birbhum,0.2262480811602845
2018-08-28,Murshidabad,Dakshin Dinajpur,0.158236561314218
2018-08-28,Murshidabad,Malda,0.2015125797793916
2018-08-28,Murshidabad,Nadia,0.21466995266813516
2018-08-28,Nadia,Bardhaman,0.20672813555487246
2018-08-28,Nadia,Burdwan,0.20452751933030067
2018-08-28,Nadia,Hooghly,0.21380196118235514
2018-08-28,Nadia,Murshidabad,0.19669017914283707
2018-08-28,Nadia,North 24 Parganas,0.17825219943586906
2018-08-28,North 24 Parganas,Hooghly,0.2578079147294574
2018-08-28,North 24 Parganas,Howrah,0.2602447399130593
2018-08-28,North 24 Parganas,Nadia,0.20729144478441722
2018-08-28,North 24 Parganas,South 24 Parganas,0.2746558943471131
2018-08-28,Paschim Medinipur,Bankura,0.20969249791251782
2018-08-28,Paschim Medinipur,Howrah,0.20028493193087257
2018-08-28,Paschim Medinipur,Purba Medinipur,0.25288409347401003
2018-08-28,Paschim Medinipur,Purulia,0.14721054617245763
2018-08-28,Paschim Medinipur,South 24 Parganas,0.18992792459578206
2018-08-28,Purba Medinipur,Hooghly,0.1766531991361012
2018-08-28,Purba Medinipur,Howrah,0.21226061814395242
2018-08-28,Purba Medinipur,Paschim Medinipur,0.40690660272624596
2018-08-28,Purba Medinipur,South 24 Parganas,0.204179574409759
2018-08-28,Purulia,Bankura,0.27498673794897754
2018-08-28,Purulia,Bardhaman,0.19422465379817158
2018-08-28,Purulia,Birbhum,0.20141620038828228
2018-08-28,Purulia,Paschim Medinipur,0.3293724001000255
2018-08-28,South 24 Parganas,Hooghly,0.19879619605349785
2018-08-28,South 24 Parganas,Howrah,0.2311678824317297
2018-08-28,South 24 Parganas,North 24 Parganas,0.18571019452285134
2018-08-28,South 24 Parganas,Paschim Medinipur,0.2303954273519774
2018-08-28,South 24 Parganas,Purba Medinipur,0.15393029543022915
2018-08-28,Uttar Dinajpur,Dakshin Dinajpur,0.28392563846798746
2018-08-28,Uttar Dinajpur,"Darjeeling, Jalpaiguri",0.212022328279448
2018-08-28,Uttar Dinajpur,Jalpaiguri,0.2519237454218101
2018-08-28,Uttar Dinajpur,Malda,0.2521282803371082
2018-09-04,Bankura,Bardhaman,0.21351109818178826
2018-09-04,Bankura,Birbhum,0.1790119624134814
2018-09-04,Bankura,Burdwan,0.2175542121804382
2018-09-04,Bankura,Paschim Medinipur,0.19506894452913587
2018-09-04,Bankura,Purulia,0.1948537771932525
2018-09-04,Bardhaman,Bankura,0.15392587467282767
2018-09-04,Bardhaman,Birbhum,0.15522343849633258
2018-09-04,Bardhaman,Burdwan,0.20786411913681502
2018-09-04,Bardhaman,Murshidabad,0.23060841421659853
2018-09-04,Bardhaman,Nadia,0.1531596599097479
2018-09-04,Bardhaman,Purulia,0.0992184896012085
2018-09-04,Birbhum,Bankura,0.1427291688128053
2018-09-04,Birbhum,Bardhaman,0.1716709486325961
2018-09-04,Birbhum,Burdwan,0.15558388602257772
2018-09-04,Birbhum,Malda,0.12673980044759026
2018-09-04,Birbhum,Murshidabad,0.2894814585252839
2018-09-04,Birbhum,Purulia,0.11379473317238879
2018-09-04,Burdwan,Bankura,0.19185264976856647
2018-09-04,Burdwan,Bardhaman,0.2542662154374979
2018-09-04,Burdwan,Birbhum,0.17208152139158028
2018-09-04,Burdwan,Hooghly,0.19644401939778422
2018-09-04,Burdwan,Nadia,0.18535558915265493
2018-09-04,Dakshin Dinajpur,"Darjeeling, Jalpaiguri",0.12892417198883294
2018-09-04,Dakshin Dinajpur,Jalpaiguri,0.16431638199526508
2018-09-04,Dakshin Dinajpur,Malda,0.23714215077314116
2018-09-04,Dakshin Dinajpur,Murshidabad,0.25789801240399235
2018-09-04,Dakshin Dinajpur,Uttar Dinajpur,0.2117192772508639
2018-09-04,"Darjeeling, Jalpaiguri",Dakshin Dinajpur,0.20196852756760714
2018-09-04,"Darjeeling, Jalpaiguri",Jalpaiguri,0.3951654797625374
2018-09-04,"Darjeeling, Jalpaiguri",Malda,0.1551883789121938
2018-09-04,"Darjeeling, Jalpaiguri",Uttar Dinajpur,0.24767760500382707
2018-09-04,Hooghly,Burdwan,0.16337724687849428
2018-09-04,Hooghly,Howrah,0.19017176574417455
2018-09-04,Hooghly,Nadia,0.1611455739618548
2018-09-04,Hooghly,North 24 Parganas,0.16709230955276136
2018-09-04,Hooghly,Purba Medinipur,0.127657610227335
2018-09-04,Hooghly,South 24 Parganas,0.19055548960017088
2018-09-04,Howrah,Hooghly,0.21847098820601732
2018-09-04,Howrah,North 24 Parganas,0.19377150404387067
2018-09-04,Howrah,Paschim Medinipur,0.15698361278972997
2018-09-04,Howrah,Purba Medinipur,0.17621479222644665
2018-09-04,Howrah,South 24 Parganas,0.25455909809825183
2018-09-04,Jalpaiguri,Dakshin Dinajpur,0.22541539988239107
2018-09-04,Jalpaiguri,"Darjeeling, Jalpaiguri",0.3460448335733827
2018-09-04,Jalpaiguri,Malda,0.17083192824864296
2018-09-04,Jalpaiguri,Uttar Dinajpur,0.25770783062988534
2018-09-04,Malda,Birbhum,0.14178875213221134
2018-09-04,Malda,Dakshin Dinajpur,0.2082726317185099
2018-09-04,Malda,"Darjeeling, Jalpaiguri",0.08700281377647905
2018-09-04,Malda,Jalpaiguri,0.10936787512335006
2018-09-04,Malda,Murshidabad,0.288447495064035
2018-09-04,Malda,Uttar Dinajpur,0.1651204272777777
2018-09-04,Murshidabad,Bardhaman,0.19933281923480856
2018-09-04,Murshidabad,Birbhum,0.2262480811602845
2018-09-04,Murshidabad,Dakshin Dinajpur,0.158236561314218
2018-09-04,Murshidabad,Malda,0.2015125797793916
2018-09-04,Murshidabad,Nadia,0.21466995266813516
2018-09-04,Nadia,Bardhaman,0.1815755112999253
2018-09-04,Nadia,Burdwan,0.17964264417915804
2018-09-04,Nadia,Hooghly,0.1877886641526281
2018-09-04,Nadia,Murshidabad,0.29442893168417156
2018-09-04,Nadia,North 24 Parganas,0.1565642439817444
2018-09-04,North 24 Parganas,Hooghly,0.2578079147294574
2018-09-04,North 24 Parganas,Howrah,0.26024473991305924
2018-09-04,North 24 Parganas,Nadia,0.2072914447844172
2018-09-04,North 24 Parganas,South 24 Parganas,0.27465589434711307
2018-09-04,Paschim Medinipur,Bankura,0.20969249791251787
2018-09-04,Paschim Medinipur,Howrah,0.20028493193087257
2018-09-04,Paschim Medinipur,Purba Medinipur,0.25288409347401003
2018-09-04,Paschim Medinipur,Purulia,0.14721054617245763
2018-09-04,Paschim Medinipur,South 24 Parganas,0.1899279245957821
2018-09-04,Purba Medinipur,Hooghly,0.21236195151042137
2018-09-04,Purba Medinipur,Howrah,0.25516706925375043
2018-09-04,Purba Medinipur,Paschim Medinipur,0.2870184526012324
2018-09-04,Purba Medinipur,South 24 Parganas,0.24545251992191405
2018-09-04,Purulia,Bankura,0.3183122597754093
2018-09-04,Purulia,Bardhaman,0.22482570947135527
2018-09-04,Purulia,Birbhum,0.23315031982693918
2018-09-04,Purulia,Paschim Medinipur,0.2237117019384109
2018-09-04,South 24 Parganas,Hooghly,0.2197149970732438
2018-09-04,South 24 Parganas,Howrah,0.25549307089481293
2018-09-04,South 24 Parganas,North 24 Parganas,0.2052519900082961
2018-09-04,South 24 Parganas,Paschim Medinipur,0.14941196167852858
2018-09-04,South 24 Parganas,Purba Medinipur,0.17012797569242658
2018-09-04,Uttar Dinajpur,Dakshin Dinajpur,0.2839256384679874
2018-09-04,Uttar Dinajpur,"Darjeeling, Jalpaiguri",0.21202232827944797
2018-09-04,Uttar Dinajpur,Jalpaiguri,0.25192374542181006
2018-09-04,Uttar Dinajpur,Malda,0.2521282803371082
2018-09-07,Bankura,Bardhaman,0.2135110981817883
2018-09-07,Bankura,Birbhum,0.17901196241348144
2018-09-07,Bankura,Burdwan,0.2175542121804382
2018-09-07,Bankura,Paschim Medinipur,0.19506894452913587
2018-09-07,Bankura,Purulia,0.19485377719325253
2018-09-07,Bardhaman,Bankura,0.1520150495430993
2018-09-07,Bardhaman,Birbhum,0.15329650549931645
2018-09-07,Bardhaman,Burdwan,0.20528370838222473
2018-09-07,Bardhaman,Murshidabad,0.13363185137444464
2018-09-07,Bardhaman,Nadia,0.25778608312919765
2018-09-07,Bardhaman,Purulia,0.09798679815448677
2018-09-07,Birbhum,Bankura,0.16212325386292975
2018-09-07,Birbhum,Bardhaman,0.19499765196947846
2018-09-07,Birbhum,Burdwan,0.17672467415333593
2018-09-07,Birbhum,Malda,0.1439612450167808
2018-09-07,Birbhum,Murshidabad,0.1929359721494484
2018-09-07,Birbhum,Purulia,0.12925719786519463
2018-09-07,Burdwan,Bankura,0.16969976546511154
2018-09-07,Burdwan,Bardhaman,0.22490654769426344
2018-09-07,Burdwan,Birbhum,0.152211574123462
2018-09-07,Burdwan,Hooghly,0.17376097780792668
2018-09-07,Burdwan,Nadia,0.2794211306175623
2018-09-07,Dakshin Dinajpur,"Darjeeling, Jalpaiguri",0.14430313266579103
2018-09-07,Dakshin Dinajpur,Jalpaiguri,0.18391716855299525
2018-09-07,Dakshin Dinajpur,Malda,0.2654300951929455
2018-09-07,Dakshin Dinajpur,Murshidabad,0.16937499061937314
2018-09-07,Dakshin Dinajpur,Uttar Dinajpur,0.2369746067144268
2018-09-07,"Darjeeling, Jalpaiguri",Dakshin Dinajpur,0.2019685275676072
2018-09-07,"Darjeeling, Jalpaiguri",Jalpaiguri,0.3951654797625375
2018-09-07,"Darjeeling, Jalpaiguri",Malda,0.15518837891219386
2018-09-07,"Darjeeling, Jalpaiguri",Uttar Dinajpur,0.24767760500382716
2018-09-07,Hooghly,Burdwan,0.14672524069891105
2018-09-07,Hooghly,Howrah,0.17078876426227665
2018-09-07,Hooghly,Nadia,0.2466446832505954
2018-09-07,Hooghly,North 24 Parganas,0.1500616506060921
2018-09-07,Hooghly,Purba Medinipur,0.1146462799779193
2018-09-07,Hooghly,South 24 Parganas,0.17113337758027958
2018-09-07,Howrah,Hooghly,0.2184709882060173
2018-09-07,Howrah,North 24 Parganas,0.19377150404387067
2018-09-07,Howrah,Paschim Medinipur,0.15698361278972994
2018-09-07,Howrah,Purba Medinipur,0.17621479222644665
2018-09-07,Howrah,South 24 Parganas,0.25455909809825183
2018-09-07,Jalpaiguri,Dakshin Dinajpur,0.2254153998823911
2018-09-07,Jalpaiguri,"Darjeeling, Jalpaiguri",0.3460448335733828
2018-09-07,Jalpaiguri,Malda,0.17083192824864296
2018-09-07,Jalpaiguri,Uttar Dinajpur,0.2577078306298853
2018-09-07,Malda,Birbhum,0.16097692543753456
2018-09-07,Malda,Dakshin Dinajpur,0.236458022252479
2018-09-07,Malda,"Darjeeling, Jalpaiguri",0.09877684411167222
2018-09-07,Malda,Jalpaiguri,0.12416855367043939
2018-09-07,Malda,Murshidabad,0.1921535889873598
2018-09-07,Malda,Uttar Dinajpur,0.18746605996873097
2018-09-07,Murshidabad,Bardhaman,0.17315415258929417
2018-09-07,Murshidabad,Birbhum,0.19653459434652815
2018-09-07,Murshidabad,Dakshin Dinajpur,0.13745512549406966
2018-09-07,Murshidabad,Malda,0.17504764203771384
2018-09-07,Murshidabad,Nadia,0.31780848045662297
2018-09-07,Nadia,Bardhaman,0.20672813555487243
2018-09-07,Nadia,Burdwan,0.20452751933030064
2018-09-07,Nadia,Hooghly,0.21380196118235512
2018-09-07,Nadia,Murshidabad,0.19669017914283704
2018-09-07,Nadia,North 24 Parganas,0.17825219943586906
2018-09-07,North 24 Parganas,Hooghly,0.22496513245409067
2018-09-07,North 24 Parganas,Howrah,0.2270915245036588
2018-09-07,North 24 Parganas,Nadia,0.3082765309641286
2018-09-07,North 24 Parganas,South 24 Parganas,0.23966680664530843
2018-09-07,Paschim Medinipur,Bankura,0.20969249791251784
2018-09-07,Paschim Medinipur,Howrah,0.20028493193087257
2018-09-07,Paschim Medinipur,Purba Medinipur,0.25288409347401003
2018-09-07,Paschim Medinipur,Purulia,0.14721054617245763
2018-09-07,Paschim Medinipur,South 24 Parganas,0.1899279245957821
2018-09-07,Purba Medinipur,Hooghly,0.21236195151042142
2018-09-07,Purba Medinipur,Howrah,0.2551670692537505
2018-09-07,Purba Medinipur,Paschim Medinipur,0.28701845260123243
2018-09-07,Purba Medinipur,South 24 Parganas,0.24545251992191405
2018-09-07,Purulia,Bankura,0.3183122597754093
2018-09-07,Purulia,Bardhaman,0.22482570947135527
2018-09-07,Purulia,Birbhum,0.23315031982693918
2018-09-07,Purulia,Paschim Medinipur,0.2237117019384109
2018-09-07,South 24 Parganas,Hooghly,0.21971499707324385
2018-09-07,South 24 Parganas,Howrah,0.255493070894813
2018-09-07,South 24 Parganas,North 24 Parganas,0.20525199000829616
2018-09-07,South 24 Parganas,Paschim Medinipur,0.14941196167852858
2018-09-07,South 24 Parganas,Purba Medinipur,0.1701279756924266
2018-09-07,Uttar Dinajpur,Dakshin Dinajpur,0.2839256384679874
2018-09-07,Uttar Dinajpur,"Darjeeling, Jalpaiguri",0.212022328279448
2018-09-07,Uttar Dinajpur,Jalpaiguri,0.25192374542181006
2018-09-07,Uttar Dinajpur,Malda,0.2521282803371082
2018-09-09,Bankura,Bardhaman,0.18772145163979284
2018-09-09,Bankura,Birbhum,0.1573894084725058
2018-09-09,Bankura,Burdwan,0.1912762046968237
2018-09-09,Bankura,Paschim Medinipur,0.29229521327135516
2018-09-09,Bankura,Purulia,0.17131771708218452
2018-09-09,Bardhaman,Bankura,0.17013964033613227
2018-09-09,Bardhaman,Birbhum,0.171573882907198
2018-09-09,Bardhaman,Burdwan,0.22975946405304234
2018-09-09,Bardhaman,Murshidabad,0.14956463322964195
2018-09-09,Bardhaman,Nadia,0.16929271642234767
2018-09-09,Bardhaman,Purulia,0.10966965866736032
2018-09-09,Birbhum,Bankura,0.16212325386292975
2018-09-09,Birbhum,Bardhaman,0.19499765196947844
2018-09-09,Birbhum,Burdwan,0.17672467415333593
2018-09-09,Birbhum,Malda,0.14396124501678076
2018-09-09,Birbhum,Murshidabad,0.19293597214944838
2018-09-09,Birbhum,Purulia,0.12925719786519463
2018-09-09,Burdwan,Bankura,0.19185264976856645
2018-09-09,Burdwan,Bardhaman,0.25426621543749783
2018-09-09,Burdwan,Birbhum,0.17208152139158026
2018-09-09,Burdwan,Hooghly,0.19644401939778422
2018-09-09,Burdwan,Nadia,0.18535558915265488
2018-09-09,Dakshin Dinajpur,"Darjeeling, Jalpaiguri",0.14430313266579106
2018-09-09,Dakshin Dinajpur,Jalpaiguri,0.18391716855299522
2018-09-09,Dakshin Dinajpur,Malda,0.2654300951929455
2018-09-09,Dakshin Dinajpur,Murshidabad,0.1693749906193731
2018-09-09,Dakshin Dinajpur,Uttar Dinajpur,0.23697460671442683
2018-09-09,"Darjeeling, Jalpaiguri",Dakshin Dinajpur,0.20196852756760714
2018-09-09,"Darjeeling, Jalpaiguri",Jalpaiguri,0.3951654797625374
2018-09-09,"Darjeeling, Jalpaiguri",Malda,0.1551883789121938
2018-09-09,"Darjeeling, Jalpaiguri",Uttar Dinajpur,0.2476776050038271
2018-09-09,Hooghly,Burdwan,0.16337724687849425
2018-09-09,Hooghly,Howrah,0.1901717657441745
2018-09-09,Hooghly,Nadia,0.1611455739618548
2018-09-09,Hooghly,North 24 Parganas,0.16709230955276133
2018-09-09,Hooghly,Purba Medinipur,0.127657610227335
2018-09-09,Hooghly,South 24 Parganas,0.19055548960017085
2018-09-09,Howrah,Hooghly,0.19672147939550874
2018-09-09,Howrah,North 24 Parganas,0.1744809105008348
2018-09-09,Howrah,Paschim Medinipur,0.24090867987343284
2018-09-09,Howrah,Purba Medinipur,0.15867202736076605
2018-09-09,Howrah,South 24 Parganas,0.22921689869527154
2018-09-09,Jalpaiguri,Dakshin Dinajpur,0.22541539988239104
2018-09-09,Jalpaiguri,"Darjeeling, Jalpaiguri",0.3460448335733827
2018-09-09,Jalpaiguri,Malda,0.17083192824864296
2018-09-09,Jalpaiguri,Uttar Dinajpur,0.25770783062988534
2018-09-09,Malda,Birbhum,0.16097692543753453
2018-09-09,Malda,Dakshin Dinajpur,0.236458022252479
2018-09-09,Malda,"Darjeeling, Jalpaiguri",0.09877684411167222
2018-09-09,Malda,Jalpaiguri,0.12416855367043939
2018-09-09,Malda,Murshidabad,0.19215358898735982
2018-09-09,Malda,Uttar Dinajpur,0.18746605996873097
2018-09-09,Murshidabad,Bardhaman,0.19933281923480856
2018-09-09,Murshidabad,Birbhum,0.2262480811602845
2018-09-09,Murshidabad,Dakshin Dinajpur,0.158236561314218
2018-09-09,Murshidabad,Malda,0.2015125797793916
2018-09-09,Murshidabad,Nadia,0.21466995266813518
2018-09-09,Nadia,Bardhaman,0.20672813555487243
2018-09-09,Nadia,Burdwan,0.20452751933030064
2018-09-09,Nadia,Hooghly,0.21380196118235514
2018-09-09,Nadia,Murshidabad,0.19669017914283707
2018-09-09,Nadia,North 24 Parganas,0.17825219943586906
2018-09-09,North 24 Parganas,Hooghly,0.2578079147294574
2018-09-09,North 24 Parganas,Howrah,0.26024473991305924
2018-09-09,North 24 Parganas,Nadia,0.20729144478441722
2018-09-09,North 24 Parganas,South 24 Parganas,0.27465589434711307
2018-09-09,Paschim Medinipur,Bankura,0.20969249791251782
2018-09-09,Paschim Medinipur,Howrah,0.20028493193087257
2018-09-09,Paschim Medinipur,Purba Medinipur,0.25288409347401003
2018-09-09,Paschim Medinipur,Purulia,0.14721054617245763
2018-09-09,Paschim Medinipur,South 24 Parganas,0.18992792459578206
2018-09-09,Purba Medinipur,Hooghly,0.17665319908403837
2018-09-09,Purba Medinipur,Howrah,0.21226061808139546
2018-09-09,Purba Medinipur,Paschim Medinipur,0.4069066029010412
2018-09-09,Purba Medinipur,South 24 Parganas,0.20417957434958367
2018-09-09,Purulia,Bankura,0.27498673788337646
2018-09-09,Purulia,Bardhaman,0.19422465375183717
2018-09-09,Purulia,Birbhum,0.2014162003402323
2018-09-09,Purulia,Paschim Medinipur,0.3293724002600108
2018-09-09,South 24 Parganas,Hooghly,0.1987961960203242
2018-09-09,South 24 Parganas,Howrah,0.23116788239315406
2018-09-09,South 24 Parganas,North 24 Parganas,0.18571019449186135
2018-09-09,South 24 Parganas,Paschim Medinipur,0.23039542748040343
2018-09-09,South 24 Parganas,Purba Medinipur,0.15393029540454237
2018-09-09,Uttar Dinajpur,Dakshin Dinajpur,0.2839256384679874
2018-09-09,Uttar Dinajpur,"Darjeeling, Jalpaiguri",0.21202232827944797
2018-09-09,Uttar Dinajpur,Jalpaiguri,0.25192374542181006
2018-09-09,Uttar Dinajpur,Malda,0.25212828033710816
2018-09-10,Bankura,Bardhaman,0.21351109818178826
2018-09-10,Bankura,Birbhum,0.17901196241348144
2018-09-10,Bankura,Burdwan,0.2175542121804382
2018-09-10,Bankura,Paschim Medinipur,0.19506894452913587
2018-09-10,Bankura,Purulia,0.19485377719325253
2018-09-10,Bardhaman,Bankura,0.15201504954174033
2018-09-10,Bardhaman,Birbhum,0.15329650549794602
2018-09-10,Bardhaman,Burdwan,0.20528370838038956
2018-09-10,Bardhaman,Murshidabad,0.13363185137325
2018-09-10,Bardhaman,Nadia,0.2577860831358328
2018-09-10,Bardhaman,Purulia,0.0979867981536108
2018-09-10,Birbhum,Bankura,0.16212325386292975
2018-09-10,Birbhum,Bardhaman,0.19499765196947846
2018-09-10,Birbhum,Burdwan,0.1767246741533359
2018-09-10,Birbhum,Malda,0.1439612450167808
2018-09-10,Birbhum,Murshidabad,0.1929359721494484
2018-09-10,Birbhum,Purulia,0.1292571978651946
2018-09-10,Burdwan,Bankura,0.1696997654634672
2018-09-10,Burdwan,Bardhaman,0.22490654769208412
2018-09-10,Burdwan,Birbhum,0.15221157412198708
2018-09-10,Burdwan,Hooghly,0.17376097780624297
2018-09-10,Burdwan,Nadia,0.2794211306245446
2018-09-10,Dakshin Dinajpur,"Darjeeling, Jalpaiguri",0.14430313266579106
2018-09-10,Dakshin Dinajpur,Jalpaiguri,0.18391716855299525
2018-09-10,Dakshin Dinajpur,Malda,0.2654300951929455
2018-09-10,Dakshin Dinajpur,Murshidabad,0.16937499061937314
2018-09-10,Dakshin Dinajpur,Uttar Dinajpur,0.23697460671442683
2018-09-10,"Darjeeling, Jalpaiguri",Dakshin Dinajpur,0.20196852756760714
2018-09-10,"Darjeeling, Jalpaiguri",Jalpaiguri,0.39516547976253746
2018-09-10,"Darjeeling, Jalpaiguri",Malda,0.1551883789121938
2018-09-10,"Darjeeling, Jalpaiguri",Uttar Dinajpur,0.2476776050038271
2018-09-10,Hooghly,Burdwan,0.14672524069765605
2018-09-10,Hooghly,Howrah,0.17078876426081585
2018-09-10,Hooghly,Nadia,0.24664468325703906
2018-09-10,Hooghly,North 24 Parganas,0.15006165060480858
2018-09-10,Hooghly,Purba Medinipur,0.1146462799769387
2018-09-10,Hooghly,South 24 Parganas,0.1711333775788158
2018-09-10,Howrah,Hooghly,0.2184709882060173
2018-09-10,Howrah,North 24 Parganas,0.19377150404387067
2018-09-10,Howrah,Paschim Medinipur,0.15698361278972997
2018-09-10,Howrah,Purba Medinipur,0.17621479222644665
2018-09-10,Howrah,South 24 Parganas,0.2545590980982518
2018-09-10,Jalpaiguri,Dakshin Dinajpur,0.22541539988239104
2018-09-10,Jalpaiguri,"Darjeeling, Jalpaiguri",0.3460448335733827
2018-09-10,Jalpaiguri,Malda,0.17083192824864293
2018-09-10,Jalpaiguri,Uttar Dinajpur,0.2577078306298853
2018-09-10,Malda,Birbhum,0.16097692543753453
2018-09-10,Malda,Dakshin Dinajpur,0.23645802225247897
2018-09-10,Malda,"Darjeeling, Jalpaiguri",0.09877684411167222
2018-09-10,Malda,Jalpaiguri,0.12416855367043937
2018-09-10,Malda,Murshidabad,0.1921535889873598
2018-09-10,Malda,Uttar Dinajpur,0.18746605996873097
2018-09-10,Murshidabad,Bardhaman,0.17315415258738584
2018-09-10,Murshidabad,Birbhum,0.19653459434436213
2018-09-10,Murshidabad,Dakshin Dinajpur,0.13745512549255476
2018-09-10,Murshidabad,Malda,0.17504764203578463
2018-09-10,Murshidabad,Nadia,0.31780848046414145
2018-09-10,Nadia,Bardhaman,0.20672813555487243
2018-09-10,Nadia,Burdwan,0.20452751933030067
2018-09-10,Nadia,Hooghly,0.21380196118235514
2018-09-10,Nadia,Murshidabad,0.19669017914283707
2018-09-10,Nadia,North 24 Parganas,0.17825219943586904
2018-09-10,North 24 Parganas,Hooghly,0.22496513245168565
2018-09-10,North 24 Parganas,Howrah,0.22709152450123105
2018-09-10,North 24 Parganas,Nadia,0.3082765309715235
2018-09-10,North 24 Parganas,South 24 Parganas,0.23966680664274623
2018-09-10,Paschim Medinipur,Bankura,0.20969249791251784
2018-09-10,Paschim Medinipur,Howrah,0.20028493193087257
2018-09-10,Paschim Medinipur,Purba Medinipur,0.25288409347401
2018-09-10,Paschim Medinipur,Purulia,0.14721054617245763
2018-09-10,Paschim Medinipur,South 24 Parganas,0.18992792459578206
2018-09-10,Purba Medinipur,Hooghly,0.21236195151042145
2018-09-10,Purba Medinipur,Howrah,0.2551670692537505
2018-09-10,Purba Medinipur,Paschim Medinipur,0.28701845260123243
2018-09-10,Purba Medinipur,South 24 Parganas,0.2454525199219141
2018-09-10,Purulia,Bankura,0.3183122597754093
2018-09-10,Purulia,Bardhaman,0.22482570947135527
2018-09-10,Purulia,Birbhum,0.23315031982693912
2018-09-10,Purulia,Paschim Medinipur,0.22371170193841086
2018-09-10,South 24 Parganas,Hooghly,0.21971499707324382
2018-09-10,South 24 Parganas,Howrah,0.25549307089481293
2018-09-10,South 24 Parganas,North 24 Parganas,0.20525199000829616
2018-09-10,South 24 Parganas,Paschim Medinipur,0.14941196167852858
2018-09-10,South 24 Parganas,Purba Medinipur,0.1701279756924266
2018-09-10,Uttar Dinajpur,Dakshin Dinajpur,0.2839256384679874
2018-09-10,Uttar Dinajpur,"Darjeeling, Jalpaiguri",0.21202232827944797
2018-09-10,Uttar Dinajpur,Jalpaiguri,0.25192374542181006
2018-09-10,Uttar Dinajpur,Malda,0.2521282803371082
2018-09-14,Bankura,Bardhaman,0.21351109818178826
2018-09-14,Bankura,Birbhum,0.17901196241348144
2018-09-14,Bankura,Burdwan,0.2175542121804382
2018-09-14,Bankura,Paschim Medinipur,0.19506894452913584
2018-09-14,Bankura,Purulia,0.19485377719325253
2018-09-14,Bardhaman,Bankura,0.1520150495721999
2018-09-14,Bardhaman,Birbhum,0.1532965055286624
2018-09-14,Bardhaman,Burdwan,0.20528370842152271
2018-09-14,Bardhaman,Murshidabad,0.13363185140002615
2018-09-14,Bardhaman,Nadia,0.2577860829871137
2018-09-14,Bardhaman,Purulia,0.09798679817324463
2018-09-14,Birbhum,Bankura,0.16212325386292978
2018-09-14,Birbhum,Bardhaman,0.1949976519694785
2018-09-14,Birbhum,Burdwan,0.17672467415333593
2018-09-14,Birbhum,Malda,0.1439612450167808
2018-09-14,Birbhum,Murshidabad,0.1929359721494484
2018-09-14,Birbhum,Purulia,0.1292571978651946
2018-09-14,Burdwan,Bankura,0.16969976550032406
2018-09-14,Burdwan,Bardhaman,0.2249065477409313
2018-09-14,Burdwan,Birbhum,0.15221157415504571
2018-09-14,Burdwan,Hooghly,0.1737609778439819
2018-09-14,Burdwan,Nadia,0.279421130468043
2018-09-14,Dakshin Dinajpur,"Darjeeling, Jalpaiguri",0.14430313266579106
2018-09-14,Dakshin Dinajpur,Jalpaiguri,0.18391716855299525
2018-09-14,Dakshin Dinajpur,Malda,0.2654300951929455
2018-09-14,Dakshin Dinajpur,Murshidabad,0.16937499061937314
2018-09-14,Dakshin Dinajpur,Uttar Dinajpur,0.23697460671442686
2018-09-14,"Darjeeling, Jalpaiguri",Dakshin Dinajpur,0.20196852756760716
2018-09-14,"Darjeeling, Jalpaiguri",Jalpaiguri,0.3951654797625375
2018-09-14,"Darjeeling, Jalpaiguri",Malda,0.15518837891219384
2018-09-14,"Darjeeling, Jalpaiguri",Uttar Dinajpur,0.24767760500382716
2018-09-14,Hooghly,Burdwan,0.1467252407257851
2018-09-14,Hooghly,Howrah,0.17078876429355816
2018-09-14,Hooghly,Nadia,0.24664468311261165
2018-09-14,Hooghly,North 24 Parganas,0.15006165063357726
2018-09-14,Hooghly,Purba Medinipur,0.11464627999891779
2018-09-14,Hooghly,South 24 Parganas,0.1711333776116242
2018-09-14,Howrah,Hooghly,0.2184709882060173
2018-09-14,Howrah,North 24 Parganas,0.19377150404387067
2018-09-14,Howrah,Paschim Medinipur,0.15698361278972997
2018-09-14,Howrah,Purba Medinipur,0.17621479222644665
2018-09-14,Howrah,South 24 Parganas,0.25455909809825183
2018-09-14,Jalpaiguri,Dakshin Dinajpur,0.22541539988239107
2018-09-14,Jalpaiguri,"Darjeeling, Jalpaiguri",0.3460448335733828
2018-09-14,Jalpaiguri,Malda,0.17083192824864296
2018-09-14,Jalpaiguri,Uttar Dinajpur,0.25770783062988534
2018-09-14,Malda,Birbhum,0.16097692543753453
2018-09-14,Malda,Dakshin Dinajpur,0.236458022252479
2018-09-14,Malda,"Darjeeling, Jalpaiguri",0.0987768441116722
2018-09-14,Malda,Jalpaiguri,0.12416855367043937
2018-09-14,Malda,Murshidabad,0.1921535889873598
2018-09-14,Malda,Uttar Dinajpur,0.18746605996873097
2018-09-14,Murshidabad,Bardhaman,0.1731541526301595
2018-09-14,Murshidabad,Birbhum,0.19653459439291135
2018-09-14,Murshidabad,Dakshin Dinajpur,0.1374551255265098
2018-09-14,Murshidabad,Malda,0.175047642079026
2018-09-14,Murshidabad,Nadia,0.3178084802956221
2018-09-14,Nadia,Bardhaman,0.20672813555487246
2018-09-14,Nadia,Burdwan,0.20452751933030067
2018-09-14,Nadia,Hooghly,0.21380196118235514
2018-09-14,Nadia,Murshidabad,0.19669017914283707
2018-09-14,Nadia,North 24 Parganas,0.17825219943586904
2018-09-14,North 24 Parganas,Hooghly,0.22496513250559122
2018-09-14,North 24 Parganas,Howrah,0.22709152455564616
2018-09-14,North 24 Parganas,Nadia,0.3082765308057745
2018-09-14,North 24 Parganas,South 24 Parganas,0.2396668067001746
2018-09-14,Paschim Medinipur,Bankura,0.20969249791251782
2018-09-14,Paschim Medinipur,Howrah,0.20028493193087257
2018-09-14,Paschim Medinipur,Purba Medinipur,0.25288409347401003
2018-09-14,Paschim Medinipur,Purulia,0.14721054617245763
2018-09-14,Paschim Medinipur,South 24 Parganas,0.1899279245957821
2018-09-14,Purba Medinipur,Hooghly,0.2123619515104214
2018-09-14,Purba Medinipur,Howrah,0.2551670692537505
2018-09-14,Purba Medinipur,Paschim Medinipur,0.28701845260123243
2018-09-14,Purba Medinipur,South 24 Parganas,0.24545251992191405
2018-09-14,Purulia,Bankura,0.31831225977540933
2018-09-14,Purulia,Bardhaman,0.2248257094713553
2018-09-14,Purulia,Birbhum,0.23315031982693915
2018-09-14,Purulia,Paschim Medinipur,0.22371170193841092
2018-09-14,South 24 Parganas,Hooghly,0.21971499707324385
2018-09-14,South 24 Parganas,Howrah,0.255493070894813
2018-09-14,South 24 Parganas,North 24 Parganas,0.20525199000829616
2018-09-14,South 24 Parganas,Paschim Medinipur,0.1494119616785286
2018-09-14,South 24 Parganas,Purba Medinipur,0.1701279756924266
2018-09-14,Uttar Dinajpur,Dakshin Dinajpur,0.2839256384679874
2018-09-14,Uttar Dinajpur,"Darjeeling, Jalpaiguri",0.212022328279448
2018-09-14,Uttar Dinajpur,Jalpaiguri,0.25192374542181006
2018-09-14,Uttar Dinajpur,Malda,0.2521282803371082
2018-09-21,Bankura,Bardhaman,0.21351109818178826
2018-09-21,Bankura,Birbhum,0.1790119624134814
2018-09-21,Bankura,Burdwan,0.2175542121804382
2018-09-21,Bankura,Paschim Medinipur,0.19506894452913584
2018-09-21,Bankura,Purulia,0.19485377719325253
2018-09-21,Bardhaman,Bankura,0.15201504953343573
2018-09-21,Bardhaman,Birbhum,0.1532965054895714
2018-09-21,Bardhaman,Burdwan,0.2052837083691749
2018-09-21,Bardhaman,Murshidabad,0.13363185136594968
2018-09-21,Bardhaman,Nadia,0.25778608317637997
2018-09-21,Bardhaman,Purulia,0.09798679814825778
2018-09-21,Birbhum,Bankura,0.16212325386292975
2018-09-21,Birbhum,Bardhaman,0.1949976519694785
2018-09-21,Birbhum,Burdwan,0.17672467415333595
2018-09-21,Birbhum,Malda,0.1439612450167808
2018-09-21,Birbhum,Murshidabad,0.19293597214944844
2018-09-21,Birbhum,Purulia,0.12925719786519463
2018-09-21,Burdwan,Bankura,0.1696997654534184
2018-09-21,Burdwan,Bardhaman,0.22490654767876628
2018-09-21,Burdwan,Birbhum,0.15221157411297387
2018-09-21,Burdwan,Hooghly,0.1737609777959537
2018-09-21,Burdwan,Nadia,0.2794211306672137
2018-09-21,Dakshin Dinajpur,"Darjeeling, Jalpaiguri",0.14430313266579106
2018-09-21,Dakshin Dinajpur,Jalpaiguri,0.18391716855299525
2018-09-21,Dakshin Dinajpur,Malda,0.2654300951929455
2018-09-21,Dakshin Dinajpur,Murshidabad,0.16937499061937314
2018-09-21,Dakshin Dinajpur,Uttar Dinajpur,0.23697460671442683
2018-09-21,"Darjeeling, Jalpaiguri",Dakshin Dinajpur,0.2019685275676072
2018-09-21,"Darjeeling, Jalpaiguri",Jalpaiguri,0.3951654797625375
2018-09-21,"Darjeeling, Jalpaiguri",Malda,0.15518837891219384
2018-09-21,"Darjeeling, Jalpaiguri",Uttar Dinajpur,0.24767760500382713
2018-09-21,Hooghly,Burdwan,0.14672524068998688
2018-09-21,Hooghly,Howrah,0.1707887642518889
2018-09-21,Hooghly,Nadia,0.24664468329641623
2018-09-21,Hooghly,North 24 Parganas,0.15006165059696505
2018-09-21,Hooghly,Purba Medinipur,0.11464627997094626
2018-09-21,Hooghly,South 24 Parganas,0.17113337756987088
2018-09-21,Howrah,Hooghly,0.2184709882060173
2018-09-21,Howrah,North 24 Parganas,0.19377150404387067
2018-09-21,Howrah,Paschim Medinipur,0.15698361278972994
2018-09-21,Howrah,Purba Medinipur,0.17621479222644665
2018-09-21,Howrah,South 24 Parganas,0.25455909809825183
2018-09-21,Jalpaiguri,Dakshin Dinajpur,0.22541539988239107
2018-09-21,Jalpaiguri,"Darjeeling, Jalpaiguri",0.3460448335733827
2018-09-21,Jalpaiguri,Malda,0.17083192824864296
2018-09-21,Jalpaiguri,Uttar Dinajpur,0.25770783062988534
2018-09-21,Malda,Birbhum,0.16097692543753453
2018-09-21,Malda,Dakshin Dinajpur,0.23645802225247897
2018-09-21,Malda,"Darjeeling, Jalpaiguri",0.0987768441116722
2018-09-21,Malda,Jalpaiguri,0.12416855367043939
2018-09-21,Malda,Murshidabad,0.1921535889873598
2018-09-21,Malda,Uttar Dinajpur,0.18746605996873097
2018-09-21,Murshidabad,Bardhaman,0.17315415257572386
2018-09-21,Murshidabad,Birbhum,0.19653459433112547
2018-09-21,Murshidabad,Dakshin Dinajpur,0.1374551254832971
2018-09-21,Murshidabad,Malda,0.17504764202399514
2018-09-21,Murshidabad,Nadia,0.31780848051008703
2018-09-21,Nadia,Bardhaman,0.20672813555487243
2018-09-21,Nadia,Burdwan,0.20452751933030067
2018-09-21,Nadia,Hooghly,0.21380196118235514
2018-09-21,Nadia,Murshidabad,0.19669017914283707
2018-09-21,Nadia,North 24 Parganas,0.17825219943586906
2018-09-21,North 24 Parganas,Hooghly,0.2249651324369887
2018-09-21,North 24 Parganas,Howrah,0.22709152448639516
2018-09-21,North 24 Parganas,Nadia,0.3082765310167139
2018-09-21,North 24 Parganas,South 24 Parganas,0.2396668066270888
2018-09-21,Paschim Medinipur,Bankura,0.20969249791251784
2018-09-21,Paschim Medinipur,Howrah,0.20028493193087257
2018-09-21,Paschim Medinipur,Purba Medinipur,0.25288409347401003
2018-09-21,Paschim Medinipur,Purulia,0.14721054617245763
2018-09-21,Paschim Medinipur,South 24 Parganas,0.1899279245957821
2018-09-21,Purba Medinipur,Hooghly,0.2123619515104214
2018-09-21,Purba Medinipur,Howrah,0.25516706925375043
2018-09-21,Purba Medinipur,Paschim Medinipur,0.28701845260123243
2018-09-21,Purba Medinipur,South 24 Parganas,0.24545251992191405
2018-09-21,Purulia,Bankura,0.3183122597754093
2018-09-21,Purulia,Bardhaman,0.2248257094713553
2018-09-21,Purulia,Birbhum,0.23315031982693915
2018-09-21,Purulia,Paschim Medinipur,0.2237117019384109
2018-09-21,South 24 Parganas,Hooghly,0.21971499707324382
2018-09-21,South 24 Parganas,Howrah,0.25549307089481293
2018-09-21,South 24 Parganas,North 24 Parganas,0.20525199000829614
2018-09-21,South 24 Parganas,Paschim Medinipur,0.14941196167852858
2018-09-21,South 24 Parganas,Purba Medinipur,0.17012797569242658
2018-09-21,Uttar Dinajpur,Dakshin Dinajpur,0.2839256384679874
2018-09-21,Uttar Dinajpur,"Darjeeling, Jalpaiguri",0.21202232827944795
2018-09-21,Uttar Dinajpur,Jalpaiguri,0.2519237454218101
2018-09-21,Uttar Dinajpur,Malda,0.2521282803371082
2019-08-09,Bankura,Bardhaman,0.2135110981817883
2019-08-09,Bankura,Birbhum,0.1790119624134814
2019-08-09,Bankura,Burdwan,0.2175542121804382
2019-08-09,Bankura,Paschim Medinipur,0.19506894452913587
2019-08-09,Bankura,Purulia,0.19485377719325253
2019-08-09,Bardhaman,Bankura,0.15201504954820388
2019-08-09,Bardhaman,Birbhum,0.15329650550446405
2019-08-09,Bardhaman,Burdwan,0.20528370838911805
2019-08-09,Bardhaman,Murshidabad,0.13363185137893194
2019-08-09,Bardhaman,Nadia,0.25778608310427453
2019-08-09,Bardhaman,Purulia,0.09798679815777712
2019-08-09,Birbhum,Bankura,0.16212325386292978
2019-08-09,Birbhum,Bardhaman,0.19499765196947852
2019-08-09,Birbhum,Burdwan,0.17672467415333595
2019-08-09,Birbhum,Malda,0.14396124501678084
2019-08-09,Birbhum,Murshidabad,0.19293597214944846
2019-08-09,Birbhum,Purulia,0.12925719786519463
2019-08-09,Burdwan,Bankura,0.16969976547128823
2019-08-09,Burdwan,Bardhaman,0.22490654770244953
2019-08-09,Burdwan,Birbhum,0.15221157412900213
2019-08-09,Burdwan,Hooghly,0.1737609778142512
2019-08-09,Burdwan,Nadia,0.27942113059133494
2019-08-09,Dakshin Dinajpur,"Darjeeling, Jalpaiguri",0.14430313266579106
2019-08-09,Dakshin Dinajpur,Jalpaiguri,0.18391716855299528
2019-08-09,Dakshin Dinajpur,Malda,0.2654300951929456
2019-08-09,Dakshin Dinajpur,Murshidabad,0.16937499061937314
2019-08-09,Dakshin Dinajpur,Uttar Dinajpur,0.23697460671442683
2019-08-09,"Darjeeling, Jalpaiguri",Dakshin Dinajpur,0.20196852756760714
2019-08-09,"Darjeeling, Jalpaiguri",Jalpaiguri,0.3951654797625375
2019-08-09,"Darjeeling, Jalpaiguri",Malda,0.15518837891219384
2019-08-09,"Darjeeling, Jalpaiguri",Uttar Dinajpur,0.24767760500382713
2019-08-09,Hooghly,Burdwan,0.14672524070362505
2019-08-09,Hooghly,Howrah,0.17078876426776377
2019-08-09,Hooghly,Nadia,0.24664468322639152
2019-08-09,Hooghly,North 24 Parganas,0.1500616506109133
2019-08-09,Hooghly,Purba Medinipur,0.11464627998160265
2019-08-09,Hooghly,South 24 Parganas,0.17113337758577776
2019-08-09,Howrah,Hooghly,0.21847098820601732
2019-08-09,Howrah,North 24 Parganas,0.19377150404387067
2019-08-09,Howrah,Paschim Medinipur,0.15698361278972994
2019-08-09,Howrah,Purba Medinipur,0.17621479222644662
2019-08-09,Howrah,South 24 Parganas,0.25455909809825183
2019-08-09,Jalpaiguri,Dakshin Dinajpur,0.22541539988239107
2019-08-09,Jalpaiguri,"Darjeeling, Jalpaiguri",0.3460448335733828
2019-08-09,Jalpaiguri,Malda,0.17083192824864296
2019-08-09,Jalpaiguri,Uttar Dinajpur,0.25770783062988534
2019-08-09,Malda,Birbhum,0.16097692543753456
2019-08-09,Malda,Dakshin Dinajpur,0.236458022252479
2019-08-09,Malda,"Darjeeling, Jalpaiguri",0.09877684411167222
2019-08-09,Malda,Jalpaiguri,0.12416855367043939
2019-08-09,Malda,Murshidabad,0.19215358898735982
2019-08-09,Malda,Uttar Dinajpur,0.187466059968731
2019-08-09,Murshidabad,Bardhaman,0.1731541525964624
2019-08-09,Murshidabad,Birbhum,0.19653459435466428
2019-08-09,Murshidabad,Dakshin Dinajpur,0.13745512549976
2019-08-09,Murshidabad,Malda,0.17504764204496048
2019-08-09,Murshidabad,Nadia,0.3178084804283816
2019-08-09,Nadia,Bardhaman,0.20672813555487243
2019-08-09,Nadia,Burdwan,0.20452751933030067
2019-08-09,Nadia,Hooghly,0.21380196118235512
2019-08-09,Nadia,Murshidabad,0.19669017914283704
2019-08-09,Nadia,North 24 Parganas,0.17825219943586904
2019-08-09,North 24 Parganas,Hooghly,0.22496513246312447
2019-08-09,North 24 Parganas,Howrah,0.22709152451277795
2019-08-09,North 24 Parganas,Nadia,0.3082765309363515
2019-08-09,North 24 Parganas,South 24 Parganas,0.23966680665493256
2019-08-09,Paschim Medinipur,Bankura,0.20969249791251784
2019-08-09,Paschim Medinipur,Howrah,0.20028493193087257
2019-08-09,Paschim Medinipur,Purba Medinipur,0.25288409347401003
2019-08-09,Paschim Medinipur,Purulia,0.14721054617245763
2019-08-09,Paschim Medinipur,South 24 Parganas,0.1899279245957821
2019-08-09,Purba Medinipur,Hooghly,0.2123619515104214
2019-08-09,Purba Medinipur,Howrah,0.25516706925375043
2019-08-09,Purba Medinipur,Paschim Medinipur,0.28701845260123243
2019-08-09,Purba Medinipur,South 24 Parganas,0.24545251992191405
2019-08-09,Purulia,Bankura,0.3183122597754093
2019-08-09,Purulia,Bardhaman,0.2248257094713553
2019-08-09,Purulia,Birbhum,0.23315031982693912
2019-08-09,Purulia,Paschim Medinipur,0.22371170193841086
2019-08-09,South 24 Parganas,Hooghly,0.21971499707324382
2019-08-09,South 24 Parganas,Howrah,0.25549307089481293
2019-08-09,South 24 Parganas,North 24 Parganas,0.20525199000829614
2019-08-09,South 24 Parganas,Paschim Medinipur,0.14941196167852858
2019-08-09,South 24 Parganas,Purba Medinipur,0.17012797569242658
2019-08-09,Uttar Dinajpur,Dakshin Dinajpur,0.2839256384679874
2019-08-09,Uttar Dinajpur,"Darjeeling, Jalpaiguri",0.212022328279448
2019-08-09,Uttar Dinajpur,Jalpaiguri,0.2519237454218101
2019-08-09,Uttar Dinajpur,Malda,0.2521282803371082
2019-08-12,Bankura,Bardhaman,0.21351109818178826
2019-08-12,Bankura,Birbhum,0.1790119624134814
2019-08-12,Bankura,Burdwan,0.21755421218043816
2019-08-12,Bankura,Paschim Medinipur,0.19506894452913584
2019-08-12,Bankura,Purulia,0.1948537771932525
2019-08-12,Bardhaman,Bankura,0.17013964033613221
2019-08-12,Bardhaman,Birbhum,0.17157388290719797
2019-08-12,Bardhaman,Burdwan,0.2297594640530423
2019-08-12,Bardhaman,Murshidabad,0.1495646332296419
2019-08-12,Bardhaman,Nadia,0.1692927164223476
2019-08-12,Bardhaman,Purulia,0.10966965866736031
2019-08-12,Birbhum,Bankura,0.16212325386292975
2019-08-12,Birbhum,Bardhaman,0.19499765196947846
2019-08-12,Birbhum,Burdwan,0.1767246741533359
2019-08-12,Birbhum,Malda,0.1439612450167808
2019-08-12,Birbhum,Murshidabad,0.1929359721494484
2019-08-12,Birbhum,Purulia,0.1292571978651946
2019-08-12,Burdwan,Bankura,0.19185264976856645
2019-08-12,Burdwan,Bardhaman,0.2542662154374979
2019-08-12,Burdwan,Birbhum,0.17208152139158028
2019-08-12,Burdwan,Hooghly,0.19644401939778425
2019-08-12,Burdwan,Nadia,0.18535558915265493
2019-08-12,Dakshin Dinajpur,"Darjeeling, Jalpaiguri",0.14430313266579103
2019-08-12,Dakshin Dinajpur,Jalpaiguri,0.18391716855299525
2019-08-12,Dakshin Dinajpur,Malda,0.2654300951929455
2019-08-12,Dakshin Dinajpur,Murshidabad,0.1693749906193731
2019-08-12,Dakshin Dinajpur,Uttar Dinajpur,0.23697460671442683
2019-08-12,"Darjeeling, Jalpaiguri",Dakshin Dinajpur,0.20196852756760716
2019-08-12,"Darjeeling, Jalpaiguri",Jalpaiguri,0.3951654797625375
2019-08-12,"Darjeeling, Jalpaiguri",Malda,0.15518837891219384
2019-08-12,"Darjeeling, Jalpaiguri",Uttar Dinajpur,0.24767760500382716
2019-08-12,Hooghly,Burdwan,0.1440457585686048
2019-08-12,Hooghly,Howrah,0.16766983639602812
2019-08-12,Hooghly,Nadia,0.14207814665019966
2019-08-12,Hooghly,North 24 Parganas,0.14732123928130586
2019-08-12,Hooghly,Purba Medinipur,0.11255262072035979
2019-08-12,Hooghly,South 24 Parganas,0.28633239482575573
2019-08-12,Howrah,Hooghly,0.18525793546869054
2019-08-12,Howrah,North 24 Parganas,0.16431339047168636
2019-08-12,Howrah,Paschim Medinipur,0.133118178512641
2019-08-12,Howrah,Purba Medinipur,0.149425737829004
2019-08-12,Howrah,South 24 Parganas,0.3678847537870344
2019-08-12,Jalpaiguri,Dakshin Dinajpur,0.22541539988239104
2019-08-12,Jalpaiguri,"Darjeeling, Jalpaiguri",0.3460448335733828
2019-08-12,Jalpaiguri,Malda,0.17083192824864293
2019-08-12,Jalpaiguri,Uttar Dinajpur,0.25770783062988534
2019-08-12,Malda,Birbhum,0.16097692543753456
2019-08-12,Malda,Dakshin Dinajpur,0.23645802225247903
2019-08-12,Malda,"Darjeeling, Jalpaiguri",0.09877684411167222
2019-08-12,Malda,Jalpaiguri,0.12416855367043939
2019-08-12,Malda,Murshidabad,0.19215358898735982
2019-08-12,Malda,Uttar Dinajpur,0.187466059968731
2019-08-12,Murshidabad,Bardhaman,0.19933281923480856
2019-08-12,Murshidabad,Birbhum,0.2262480811602845
2019-08-12,Murshidabad,Dakshin Dinajpur,0.15823656131421796
2019-08-12,Murshidabad,Malda,0.20151257977939155
2019-08-12,Murshidabad,Nadia,0.21466995266813516
2019-08-12,Nadia,Bardhaman,0.20672813555487246
2019-08-12,Nadia,Burdwan,0.20452751933030067
2019-08-12,Nadia,Hooghly,0.21380196118235514
2019-08-12,Nadia,Murshidabad,0.19669017914283707
2019-08-12,Nadia,North 24 Parganas,0.17825219943586906
2019-08-12,North 24 Parganas,Hooghly,0.21602197224639186
2019-08-12,North 24 Parganas,Howrah,0.21806383268630022
2019-08-12,North 24 Parganas,Nadia,0.17369329711667417
2019-08-12,North 24 Parganas,South 24 Parganas,0.3922208927337938
2019-08-12,Paschim Medinipur,Bankura,0.18495286570377695
2019-08-12,Paschim Medinipur,Howrah,0.17665520935019316
2019-08-12,Paschim Medinipur,Purba Medinipur,0.22304869389477508
2019-08-12,Paschim Medinipur,Purulia,0.12984256779550177
2019-08-12,Paschim Medinipur,South 24 Parganas,0.28550065803917246
2019-08-12,Purba Medinipur,Hooghly,0.18106233826047194
2019-08-12,Purba Medinipur,Howrah,0.2175584933061258
2019-08-12,Purba Medinipur,Paschim Medinipur,0.2447153634738156
2019-08-12,Purba Medinipur,South 24 Parganas,0.356663799236274
2019-08-12,Purulia,Bankura,0.3183122597754093
2019-08-12,Purulia,Bardhaman,0.2248257094713553
2019-08-12,Purulia,Birbhum,0.23315031982693912
2019-08-12,Purulia,Paschim Medinipur,0.22371170193841086
2019-08-12,South 24 Parganas,Hooghly,0.21971499707324385
2019-08-12,South 24 Parganas,Howrah,0.25549307089481293
2019-08-12,South 24 Parganas,North 24 Parganas,0.20525199000829616
2019-08-12,South 24 Parganas,Paschim Medinipur,0.1494119616785286
2019-08-12,South 24 Parganas,Purba Medinipur,0.1701279756924266
2019-08-12,Uttar Dinajpur,Dakshin Dinajpur,0.2839256384679874
2019-08-12,Uttar Dinajpur,"Darjeeling, Jalpaiguri",0.212022328279448
2019-08-12,Uttar Dinajpur,Jalpaiguri,0.2519237454218101
2019-08-12,Uttar Dinajpur,Malda,0.2521282803371082
2019-08-16,Bankura,Bardhaman,0.21351109818178826
2019-08-16,Bankura,Birbhum,0.1790119624134814
2019-08-16,Bankura,Burdwan,0.21755421218043816
2019-08-16,Bankura,Paschim Medinipur,0.19506894452913587
2019-08-16,Bankura,Purulia,0.19485377719325253
2019-08-16,Bardhaman,Bankura,0.15201505029736734
2019-08-16,Bardhaman,Birbhum,0.15329650625994282
2019-08-16,Bardhaman,Burdwan,0.20528370940080112
2019-08-16,Bardhaman,Murshidabad,0.13363185203749897
2019-08-16,Bardhaman,Nadia,0.25778607944648185
2019-08-16,Bardhaman,Purulia,0.09798679864067754
2019-08-16,Birbhum,Bankura,0.16212325386292972
2019-08-16,Birbhum,Bardhaman,0.19499765196947844
2019-08-16,Birbhum,Burdwan,0.1767246741533359
2019-08-16,Birbhum,Malda,0.1439612450167808
2019-08-16,Birbhum,Murshidabad,0.19293597214944838
2019-08-16,Birbhum,Purulia,0.12925719786519457
2019-08-16,Burdwan,Bankura,0.1696997663777949
2019-08-16,Burdwan,Bardhaman,0.22490654890386125
2019-08-16,Burdwan,Birbhum,0.15221157494208995
2019-08-16,Burdwan,Hooghly,0.17376097874245217
2019-08-16,Burdwan,Nadia,0.27942112674212766
2019-08-16,Dakshin Dinajpur,"Darjeeling, Jalpaiguri",0.1443031326657911
2019-08-16,Dakshin Dinajpur,Jalpaiguri,0.18391716855299528
2019-08-16,Dakshin Dinajpur,Malda,0.2654300951929456
2019-08-16,Dakshin Dinajpur,Murshidabad,0.16937499061937314
2019-08-16,Dakshin Dinajpur,Uttar Dinajpur,0.23697460671442686
2019-08-16,"Darjeeling, Jalpaiguri",Dakshin Dinajpur,0.2019685275676072
2019-08-16,"Darjeeling, Jalpaiguri",Jalpaiguri,0.3951654797625375
2019-08-16,"Darjeeling, Jalpaiguri",Malda,0.15518837891219384
2019-08-16,"Darjeeling, Jalpaiguri",Uttar Dinajpur,0.24767760500382716
2019-08-16,Hooghly,Burdwan,0.14672524139546733
2019-08-16,Hooghly,Howrah,0.17078876507307095
2019-08-16,Hooghly,Nadia,0.2466446796741528
2019-08-16,Hooghly,North 24 Parganas,0.15006165131848753
2019-08-16,Hooghly,Purba Medinipur,0.1146462805221855
2019-08-16,Hooghly,South 24 Parganas,0.17113337839270987
2019-08-16,Howrah,Hooghly,0.2184709882060173
2019-08-16,Howrah,North 24 Parganas,0.19377150404387067
2019-08-16,Howrah,Paschim Medinipur,0.15698361278972994
2019-08-16,Howrah,Purba Medinipur,0.17621479222644662
2019-08-16,Howrah,South 24 Parganas,0.25455909809825183
2019-08-16,Jalpaiguri,Dakshin Dinajpur,0.22541539988239107
2019-08-16,Jalpaiguri,"Darjeeling, Jalpaiguri",0.3460448335733828
2019-08-16,Jalpaiguri,Malda,0.17083192824864296
2019-08-16,Jalpaiguri,Uttar Dinajpur,0.25770783062988534
2019-08-16,Malda,Birbhum,0.16097692543753456
2019-08-16,Malda,Dakshin Dinajpur,0.236458022252479
2019-08-16,Malda,"Darjeeling, Jalpaiguri",0.09877684411167222
2019-08-16,Malda,Jalpaiguri,0.12416855367043939
2019-08-16,Malda,Murshidabad,0.19215358898735982
2019-08-16,Malda,Uttar Dinajpur,0.18746605996873097
2019-08-16,Murshidabad,Bardhaman,0.17315415364849432
2019-08-16,Murshidabad,Birbhum,0.19653459554874864
2019-08-16,Murshidabad,Dakshin Dinajpur,0.13745512633489548
2019-08-16,Murshidabad,Malda,0.17504764310849666
2019-08-16,Murshidabad,Nadia,0.31780847628359354
2019-08-16,Nadia,Bardhaman,0.20672813555487243
2019-08-16,Nadia,Burdwan,0.2045275193303007
2019-08-16,Nadia,Hooghly,0.21380196118235512
2019-08-16,Nadia,Murshidabad,0.19669017914283707
2019-08-16,Nadia,North 24 Parganas,0.17825219943586906
2019-08-16,North 24 Parganas,Hooghly,0.22496513378894945
2019-08-16,North 24 Parganas,Howrah,0.2270915258511348
2019-08-16,North 24 Parganas,Nadia,0.3082765268597008
2019-08-16,North 24 Parganas,South 24 Parganas,0.23966680806740143
2019-08-16,Paschim Medinipur,Bankura,0.20969249791251784
2019-08-16,Paschim Medinipur,Howrah,0.2002849319308726
2019-08-16,Paschim Medinipur,Purba Medinipur,0.25288409347401003
2019-08-16,Paschim Medinipur,Purulia,0.14721054617245763
2019-08-16,Paschim Medinipur,South 24 Parganas,0.1899279245957821
2019-08-16,Purba Medinipur,Hooghly,0.21236195151042145
2019-08-16,Purba Medinipur,Howrah,0.2551670692537505
2019-08-16,Purba Medinipur,Paschim Medinipur,0.28701845260123243
2019-08-16,Purba Medinipur,South 24 Parganas,0.24545251992191408
2019-08-16,Purulia,Bankura,0.31831225977540933
2019-08-16,Purulia,Bardhaman,0.22482570947135533
2019-08-16,Purulia,Birbhum,0.23315031982693915
2019-08-16,Purulia,Paschim Medinipur,0.2237117019384109
2019-08-16,South 24 Parganas,Hooghly,0.21971499707324385
2019-08-16,South 24 Parganas,Howrah,0.25549307089481293
2019-08-16,South 24 Parganas,North 24 Parganas,0.20525199000829616
2019-08-16,South 24 Parganas,Paschim Medinipur,0.1494119616785286
2019-08-16,South 24 Parganas,Purba Medinipur,0.1701279756924266
2019-08-16,Uttar Dinajpur,Dakshin Dinajpur,0.2839256384679874
2019-08-16,Uttar Dinajpur,"Darjeeling, Jalpaiguri",0.212022328279448
2019-08-16,Uttar Dinajpur,Jalpaiguri,0.2519237454218101
2019-08-16,Uttar Dinajpur,Malda,0.2521282803371082
2021-09-10,Bankura,Bardhaman,0.2135110981817883
2021-09-10,Bankura,Birbhum,0.1790119624134814
2021-09-10,Bankura,Burdwan,0.2175542121804382
2021-09-10,Bankura,Paschim Medinipur,0.19506894452913587
2021-09-10,Bankura,Purulia,0.19485377719325253
2021-09-10,Bardhaman,Bankura,0.17013964033613224
2021-09-10,Bardhaman,Birbhum,0.17157388290719797
2021-09-10,Bardhaman,Burdwan,0.22975946405304234
2021-09-10,Bardhaman,Murshidabad,0.14956463322964192
2021-09-10,Bardhaman,Nadia,0.16929271642234767
2021-09-10,Bardhaman,Purulia,0.10966965866736032
2021-09-10,Birbhum,Bankura,0.16212325386292978
2021-09-10,Birbhum,Bardhaman,0.1949976519694785
2021-09-10,Birbhum,Burdwan,0.17672467415333595
2021-09-10,Birbhum,Malda,0.14396124501678081
2021-09-10,Birbhum,Murshidabad,0.19293597214944846
2021-09-10,Birbhum,Purulia,0.12925719786519466
2021-09-10,Burdwan,Bankura,0.19185264976856645
2021-09-10,Burdwan,Bardhaman,0.2542662154374979
2021-09-10,Burdwan,Birbhum,0.17208152139158026
2021-09-10,Burdwan,Hooghly,0.19644401939778422
2021-09-10,Burdwan,Nadia,0.1853555891526549
2021-09-10,Dakshin Dinajpur,"Darjeeling, Jalpaiguri",0.1443031326657911
2021-09-10,Dakshin Dinajpur,Jalpaiguri,0.18391716855299525
2021-09-10,Dakshin Dinajpur,Malda,0.2654300951929456
2021-09-10,Dakshin Dinajpur,Murshidabad,0.16937499061937314
2021-09-10,Dakshin Dinajpur,Uttar Dinajpur,0.23697460671442686
2021-09-10,"Darjeeling, Jalpaiguri",Dakshin Dinajpur,0.20196852756760714
2021-09-10,"Darjeeling, Jalpaiguri",Jalpaiguri,0.3951654797625374
2021-09-10,"Darjeeling, Jalpaiguri",Malda,0.1551883789121938
2021-09-10,"Darjeeling, Jalpaiguri",Uttar Dinajpur,0.2476776050038271
2021-09-10,Hooghly,Burdwan,0.14990027018158808
2021-09-10,Hooghly,Howrah,0.17448451121937625
2021-09-10,Hooghly,Nadia,0.1478526877944887
2021-09-10,Hooghly,North 24 Parganas,0.15330887761777737
2021-09-10,Hooghly,Purba Medinipur,0.19961706776081364
2021-09-10,Hooghly,South 24 Parganas,0.17483658172361086
2021-09-10,Howrah,Hooghly,0.19435122715609737
2021-09-10,Howrah,North 24 Parganas,0.17237862980367885
2021-09-10,Howrah,Paschim Medinipur,0.13965221670673666
2021-09-10,Howrah,Purba Medinipur,0.2671628056497202
2021-09-10,Howrah,South 24 Parganas,0.22645511655987452
2021-09-10,Jalpaiguri,Dakshin Dinajpur,0.22541539988239107
2021-09-10,Jalpaiguri,"Darjeeling, Jalpaiguri",0.3460448335733828
2021-09-10,Jalpaiguri,Malda,0.17083192824864296
2021-09-10,Jalpaiguri,Uttar Dinajpur,0.25770783062988534
2021-09-10,Malda,Birbhum,0.16097692543753456
2021-09-10,Malda,Dakshin Dinajpur,0.23645802225247903
2021-09-10,Malda,"Darjeeling, Jalpaiguri",0.09877684411167222
2021-09-10,Malda,Jalpaiguri,0.12416855367043939
2021-09-10,Malda,Murshidabad,0.19215358898735982
2021-09-10,Malda,Uttar Dinajpur,0.187466059968731
2021-09-10,Murshidabad,Bardhaman,0.19933281923480856
2021-09-10,Murshidabad,Birbhum,0.22624808116028453
2021-09-10,Murshidabad,Dakshin Dinajpur,0.158236561314218
2021-09-10,Murshidabad,Malda,0.2015125797793916
2021-09-10,Murshidabad,Nadia,0.21466995266813518
2021-09-10,Nadia,Bardhaman,0.20672813555487246
2021-09-10,Nadia,Burdwan,0.2045275193303007
2021-09-10,Nadia,Hooghly,0.21380196118235512
2021-09-10,Nadia,Murshidabad,0.19669017914283707
2021-09-10,Nadia,North 24 Parganas,0.17825219943586906
2021-09-10,North 24 Parganas,Hooghly,0.2578079147294574
2021-09-10,North 24 Parganas,Howrah,0.26024473991305924
2021-09-10,North 24 Parganas,Nadia,0.20729144478441722
2021-09-10,North 24 Parganas,South 24 Parganas,0.27465589434711307
2021-09-10,Paschim Medinipur,Bankura,0.17799204560356408
2021-09-10,Paschim Medinipur,Howrah,0.17000667688559437
2021-09-10,Paschim Medinipur,Purba Medinipur,0.3658300138090744
2021-09-10,Paschim Medinipur,Purulia,0.12495585921526416
2021-09-10,Paschim Medinipur,South 24 Parganas,0.16121539946625174
2021-09-10,Purba Medinipur,Hooghly,0.2123619515104214
2021-09-10,Purba Medinipur,Howrah,0.25516706925375043
2021-09-10,Purba Medinipur,Paschim Medinipur,0.28701845260123243
2021-09-10,Purba Medinipur,South 24 Parganas,0.24545251992191405
2021-09-10,Purulia,Bankura,0.31831225977540933
2021-09-10,Purulia,Bardhaman,0.22482570947135533
2021-09-10,Purulia,Birbhum,0.23315031982693918
2021-09-10,Purulia,Paschim Medinipur,0.2237117019384109
2021-09-10,South 24 Parganas,Hooghly,0.19620613204914758
2021-09-10,South 24 Parganas,Howrah,0.22815605613356868
2021-09-10,South 24 Parganas,North 24 Parganas,0.18329062463357096
2021-09-10,South 24 Parganas,Paschim Medinipur,0.13342531676636973
2021-09-10,South 24 Parganas,Purba Medinipur,0.25892186626247565
2021-09-10,Uttar Dinajpur,Dakshin Dinajpur,0.2839256384679874
2021-09-10,Uttar Dinajpur,"Darjeeling, Jalpaiguri",0.212022328279448
2021-09-10,Uttar Dinajpur,Jalpaiguri,0.25192374542181006
2021-09-10,Uttar Dinajpur,Malda,0.2521282803371082
2021-10-17,Bankura,Bardhaman,0.21351109818178826
2021-10-17,Bankura,Birbhum,0.1790119624134814
2021-10-17,Bankura,Burdwan,0.2175542121804382
2021-10-17,Bankura,Paschim Medinipur,0.19506894452913584
2021-10-17,Bankura,Purulia,0.1948537771932525
2021-10-17,Bardhaman,Bankura,0.1539258746821493
2021-10-17,Bardhaman,Birbhum,0.15522343850573278
2021-10-17,Bardhaman,Burdwan,0.20786411914940311
2021-10-17,Bardhaman,Murshidabad,0.2306084141700047
2021-10-17,Bardhaman,Nadia,0.15315965991902314
2021-10-17,Bardhaman,Purulia,0.09921848960721709
2021-10-17,Birbhum,Bankura,0.14272916882365555
2021-10-17,Birbhum,Bardhaman,0.1716709486456465
2021-10-17,Birbhum,Burdwan,0.15558388603440518
2021-10-17,Birbhum,Malda,0.126739800457225
2021-10-17,Birbhum,Murshidabad,0.28948145847127044
2021-10-17,Birbhum,Purulia,0.11379473318103941
2021-10-17,Burdwan,Bankura,0.19185264976856645
2021-10-17,Burdwan,Bardhaman,0.2542662154374979
2021-10-17,Burdwan,Birbhum,0.17208152139158028
2021-10-17,Burdwan,Hooghly,0.19644401939778425
2021-10-17,Burdwan,Nadia,0.1853555891526549
2021-10-17,Dakshin Dinajpur,"Darjeeling, Jalpaiguri",0.12892417199756442
2021-10-17,Dakshin Dinajpur,Jalpaiguri,0.16431638200639354
2021-10-17,Dakshin Dinajpur,Malda,0.23714215078920178
2021-10-17,Dakshin Dinajpur,Murshidabad,0.25789801235373294
2021-10-17,Dakshin Dinajpur,Uttar Dinajpur,0.21171927726520273
2021-10-17,"Darjeeling, Jalpaiguri",Dakshin Dinajpur,0.20196852756760714
2021-10-17,"Darjeeling, Jalpaiguri",Jalpaiguri,0.3951654797625374
2021-10-17,"Darjeeling, Jalpaiguri",Malda,0.1551883789121938
2021-10-17,"Darjeeling, Jalpaiguri",Uttar Dinajpur,0.2476776050038271
2021-10-17,Hooghly,Burdwan,0.16337724687849428
2021-10-17,Hooghly,Howrah,0.19017176574417452
2021-10-17,Hooghly,Nadia,0.1611455739618548
2021-10-17,Hooghly,North 24 Parganas,0.16709230955276133
2021-10-17,Hooghly,Purba Medinipur,0.12765761022733502
2021-10-17,Hooghly,South 24 Parganas,0.19055548960017088
2021-10-17,Howrah,Hooghly,0.2184709882060173
2021-10-17,Howrah,North 24 Parganas,0.19377150404387067
2021-10-17,Howrah,Paschim Medinipur,0.15698361278972994
2021-10-17,Howrah,Purba Medinipur,0.17621479222644662
2021-10-17,Howrah,South 24 Parganas,0.25455909809825183
2021-10-17,Jalpaiguri,Dakshin Dinajpur,0.22541539988239107
2021-10-17,Jalpaiguri,"Darjeeling, Jalpaiguri",0.3460448335733827
2021-10-17,Jalpaiguri,Malda,0.17083192824864296
2021-10-17,Jalpaiguri,Uttar Dinajpur,0.25770783062988534
2021-10-17,Malda,Birbhum,0.1417887521429516
2021-10-17,Malda,Dakshin Dinajpur,0.2082726317342862
2021-10-17,Malda,"Darjeeling, Jalpaiguri",0.08700281378306936
2021-10-17,Malda,Jalpaiguri,0.10936787513163448
2021-10-17,Malda,Murshidabad,0.28844749501013617
2021-10-17,Malda,Uttar Dinajpur,0.16512042729028525
2021-10-17,Murshidabad,Bardhaman,0.19933281923480858
2021-10-17,Murshidabad,Birbhum,0.2262480811602845
2021-10-17,Murshidabad,Dakshin Dinajpur,0.158236561314218
2021-10-17,Murshidabad,Malda,0.2015125797793916
2021-10-17,Murshidabad,Nadia,0.21466995266813516
2021-10-17,Nadia,Bardhaman,0.18157551131396454
2021-10-17,Nadia,Burdwan,0.17964264419304782
2021-10-17,Nadia,Hooghly,0.18778866416714773
2021-10-17,Nadia,Murshidabad,0.2944289316296175
2021-10-17,Nadia,North 24 Parganas,0.15656424399384983
2021-10-17,North 24 Parganas,Hooghly,0.2578079147294574
2021-10-17,North 24 Parganas,Howrah,0.2602447399130593
2021-10-17,North 24 Parganas,Nadia,0.20729144478441722
2021-10-17,North 24 Parganas,South 24 Parganas,0.2746558943471131
2021-10-17,Paschim Medinipur,Bankura,0.20969249791251782
2021-10-17,Paschim Medinipur,Howrah,0.20028493193087257
2021-10-17,Paschim Medinipur,Purba Medinipur,0.25288409347401003
2021-10-17,Paschim Medinipur,Purulia,0.14721054617245763
2021-10-17,Paschim Medinipur,South 24 Parganas,0.18992792459578206
2021-10-17,Purba Medinipur,Hooghly,0.21236195151042142
2021-10-17,Purba Medinipur,Howrah,0.25516706925375043
2021-10-17,Purba Medinipur,Paschim Medinipur,0.28701845260123243
2021-10-17,Purba Medinipur,South 24 Parganas,0.24545251992191403
2021-10-17,Purulia,Bankura,0.31831225977540933
2021-10-17,Purulia,Bardhaman,0.22482570947135533
2021-10-17,Purulia,Birbhum,0.23315031982693918
2021-10-17,Purulia,Paschim Medinipur,0.22371170193841095
2021-10-17,South 24 Parganas,Hooghly,0.21971499707324388
2021-10-17,South 24 Parganas,Howrah,0.255493070894813
2021-10-17,South 24 Parganas,North 24 Parganas,0.2052519900082962
2021-10-17,South 24 Parganas,Paschim Medinipur,0.1494119616785286
2021-10-17,South 24 Parganas,Purba Medinipur,0.1701279756924266
2021-10-17,Uttar Dinajpur,Dakshin Dinajpur,0.28392563846798746
2021-10-17,Uttar Dinajpur,"Darjeeling, Jalpaiguri",0.212022328279448
2021-10-17,Uttar Dinajpur,Jalpaiguri,0.2519237454218101
2021-10-17,Uttar Dinajpur,Malda,0.2521282803371082
2022-05-08,Bankura,Bardhaman,0.2135110981817883
2022-05-08,Bankura,Birbhum,0.17901196241348144
2022-05-08,Bankura,Burdwan,0.2175542121804382
2022-05-08,Bankura,Paschim Medinipur,0.19506894452913587
2022-05-08,Bankura,Purulia,0.19485377719325253
2022-05-08,Bardhaman,Bankura,0.17013964033613227
2022-05-08,Bardhaman,Birbhum,0.17157388290719802
2022-05-08,Bardhaman,Burdwan,0.2297594640530424
2022-05-08,Bardhaman,Murshidabad,0.14956463322964195
2022-05-08,Bardhaman,Nadia,0.16929271642234767
2022-05-08,Bardhaman,Purulia,0.10966965866736034
2022-05-08,Birbhum,Bankura,0.16212325386292975
2022-05-08,Birbhum,Bardhaman,0.19499765196947846
2022-05-08,Birbhum,Burdwan,0.1767246741533359
2022-05-08,Birbhum,Malda,0.1439612450167808
2022-05-08,Birbhum,Murshidabad,0.1929359721494484
2022-05-08,Birbhum,Purulia,0.1292571978651946
2022-05-08,Burdwan,Bankura,0.19185264976856645
2022-05-08,Burdwan,Bardhaman,0.2542662154374979
2022-05-08,Burdwan,Birbhum,0.17208152139158026
2022-05-08,Burdwan,Hooghly,0.19644401939778425
2022-05-08,Burdwan,Nadia,0.18535558915265493
2022-05-08,Dakshin Dinajpur,"Darjeeling, Jalpaiguri",0.1277551844538696
2022-05-08,Dakshin Dinajpur,Jalpaiguri,0.2775013907521068
2022-05-08,Dakshin Dinajpur,Malda,0.23499192390728849
2022-05-08,Dakshin Dinajpur,Murshidabad,0.14995192944678284
2022-05-08,Dakshin Dinajpur,Uttar Dinajpur,0.20979956590271465
2022-05-08,"Darjeeling, Jalpaiguri",Dakshin Dinajpur,0.15799702897448706
2022-05-08,"Darjeeling, Jalpaiguri",Jalpaiguri,0.5268467895982468
2022-05-08,"Darjeeling, Jalpaiguri",Malda,0.1214016019960632
2022-05-08,"Darjeeling, Jalpaiguri",Uttar Dinajpur,0.19375457258320625
2022-05-08,Hooghly,Burdwan,0.16337724687849428
2022-05-08,Hooghly,Howrah,0.19017176574417452
2022-05-08,Hooghly,Nadia,0.1611455739618548
2022-05-08,Hooghly,North 24 Parganas,0.16709230955276133
2022-05-08,Hooghly,Purba Medinipur,0.127657610227335
2022-05-08,Hooghly,South 24 Parganas,0.19055548960017088
2022-05-08,Howrah,Hooghly,0.21847098820601732
2022-05-08,Howrah,North 24 Parganas,0.19377150404387067
2022-05-08,Howrah,Paschim Medinipur,0.15698361278972997
2022-05-08,Howrah,Purba Medinipur,0.17621479222644665
2022-05-08,Howrah,South 24 Parganas,0.25455909809825183
2022-05-08,Jalpaiguri,Dakshin Dinajpur,0.22541539988239107
2022-05-08,Jalpaiguri,"Darjeeling, Jalpaiguri",0.3460448335733828
2022-05-08,Jalpaiguri,Malda,0.17083192824864296
2022-05-08,Jalpaiguri,Uttar Dinajpur,0.25770783062988534
2022-05-08,Malda,Birbhum,0.1480316978461252
2022-05-08,Malda,Dakshin Dinajpur,0.21744285653507517
2022-05-08,Malda,"Darjeeling, Jalpaiguri",0.09083353966408576
2022-05-08,Malda,Jalpaiguri,0.19459999826185045
2022-05-08,Malda,Murshidabad,0.17670123806696195
2022-05-08,Malda,Uttar Dinajpur,0.17239066450218188
2022-05-08,Murshidabad,Bardhaman,0.19933281923480856
2022-05-08,Murshidabad,Birbhum,0.2262480811602845
2022-05-08,Murshidabad,Dakshin Dinajpur,0.15823656131421796
2022-05-08,Murshidabad,Malda,0.20151257977939158
2022-05-08,Murshidabad,Nadia,0.21466995266813516
2022-05-08,Nadia,Bardhaman,0.20672813555487243
2022-05-08,Nadia,Burdwan,0.20452751933030067
2022-05-08,Nadia,Hooghly,0.21380196118235512
2022-05-08,Nadia,Murshidabad,0.19669017914283704
2022-05-08,Nadia,North 24 Parganas,0.17825219943586904
2022-05-08,North 24 Parganas,Hooghly,0.2578079147294574
2022-05-08,North 24 Parganas,Howrah,0.26024473991305924
2022-05-08,North 24 Parganas,Nadia,0.20729144478441722
2022-05-08,North 24 Parganas,South 24 Parganas,0.2746558943471131
2022-05-08,Paschim Medinipur,Bankura,0.20969249791251787
2022-05-08,Paschim Medinipur,Howrah,0.20028493193087263
2022-05-08,Paschim Medinipur,Purba Medinipur,0.2528840934740101
2022-05-08,Paschim Medinipur,Purulia,0.14721054617245766
2022-05-08,Paschim Medinipur,South 24 Parganas,0.18992792459578212
2022-05-08,Purba Medinipur,Hooghly,0.21236195151042137
2022-05-08,Purba Medinipur,Howrah,0.25516706925375043
2022-05-08,Purba Medinipur,Paschim Medinipur,0.2870184526012324
2022-05-08,Purba Medinipur,South 24 Parganas,0.24545251992191403
2022-05-08,Purulia,Bankura,0.3183122597754094
2022-05-08,Purulia,Bardhaman,0.22482570947135536
2022-05-08,Purulia,Birbhum,0.23315031982693918
2022-05-08,Purulia,Paschim Medinipur,0.22371170193841095
2022-05-08,South 24 Parganas,Hooghly,0.21971499707324385
2022-05-08,South 24 Parganas,Howrah,0.255493070894813
2022-05-08,South 24 Parganas,North 24 Parganas,0.20525199000829616
2022-05-08,South 24 Parganas,Paschim Medinipur,0.1494119616785286
2022-05-08,South 24 Parganas,Purba Medinipur,0.17012797569242663
2022-05-08,Uttar Dinajpur,Dakshin Dinajpur,0.24114136455093504
2022-05-08,Uttar Dinajpur,"Darjeeling, Jalpaiguri",0.18007304247846925
2022-05-08,Uttar Dinajpur,Jalpaiguri,0.364650090106334
2022-05-08,Uttar Dinajpur,Malda,0.2141354964998203
